Machine_ID,Product_ID,Machine_Type,Air_Temperature_K,Process_Temperature_K,Rotational_Speed_RPM,Torque_Nm,Tool_Wear_Min,Machine_Failure,TWF,HDF,PWF,OSF,RNF,Status,Failure_Mode
1,L10000,L,297.0,306.4,1678,27.9,120,0,0,0,0,0,0,Healthy,None
2,H10001,H,297.7,307.3,1539,33.9,138,0,0,0,0,0,0,Healthy,None
3,M10002,M,300.8,309.8,1655,21.5,242,0,0,0,0,0,0,Healthy,None
4,M10003,M,297.7,306.8,1356,39.3,102,0,0,0,0,0,0,Healthy,None
5,L10004,L,302.2,312.6,1563,45.8,88,0,0,0,0,0,0,Healthy,None
6,L10005,L,299.9,310.0,1412,26.7,237,0,0,0,0,0,0,Healthy,None
7,L10006,L,300.2,310.7,1319,40.2,102,0,0,0,0,0,0,Healthy,None
8,H10007,H,299.4,309.6,1383,32.0,250,0,0,0,0,0,0,Healthy,None
9,M10008,M,301.5,312.2,1440,46.6,23,0,0,0,0,0,0,Healthy,None
10,M10009,M,301.6,312.5,1760,17.1,21,1,0,0,1,0,0,Failure Risk,Power Failure
11,L10010,L,300.7,309.0,1435,47.0,170,0,0,0,0,0,0,Healthy,None
12,H10011,H,301.1,310.2,1310,22.0,178,1,0,0,1,0,0,Failure Risk,Power Failure
13,H10012,H,299.6,309.4,1561,37.9,239,1,1,0,0,0,0,Failure Risk,Tool Wear Failure
14,L10013,L,301.1,311.1,1543,33.0,176,0,0,0,0,0,0,Healthy,None
15,L10014,L,299.3,308.6,1449,36.4,121,0,0,0,0,0,0,Healthy,None
16,L10015,L,300.0,310.9,1509,24.9,237,0,0,0,0,0,0,Healthy,None
17,L10016,L,299.5,311.5,1712,56.4,119,1,0,0,1,0,0,Failure Risk,Power Failure
18,M10017,M,299.1,309.3,1658,27.3,21,0,0,0,0,0,0,Healthy,None
19,L10018,L,298.6,308.7,1642,28.0,78,0,0,0,0,0,0,Healthy,None
20,L10019,L,300.9,311.7,1326,57.8,17,0,0,0,0,0,0,Healthy,None
21,M10020,M,302.6,310.7,2054,43.2,43,1,0,0,1,0,0,Failure Risk,Power Failure
22,L10021,L,302.3,312.3,1726,27.6,108,0,0,0,0,0,0,Healthy,None
23,L10022,L,297.5,308.5,1630,38.7,31,0,0,0,0,0,0,Healthy,None
24,L10023,L,302.6,312.0,1329,37.7,185,0,0,0,0,0,0,Healthy,None
25,L10024,L,299.4,308.2,1707,23.3,55,0,0,0,0,0,0,Healthy,None
26,M10025,M,301.2,311.0,1448,32.5,227,1,1,0,0,0,0,Failure Risk,Tool Wear Failure
27,L10026,L,298.2,308.1,1503,39.7,73,0,0,0,0,0,0,Healthy,None
28,M10027,M,300.3,309.4,1237,52.5,8,0,0,0,0,0,0,Healthy,None
29,M10028,M,300.6,312.7,1315,38.1,190,0,0,0,0,0,0,Healthy,None
30,L10029,L,297.0,306.5,1616,38.9,235,1,1,0,0,0,0,Failure Risk,Tool Wear Failure
31,M10030,M,301.2,310.0,1718,31.9,88,0,0,0,0,0,0,Healthy,None
32,L10031,L,302.7,312.6,1660,50.8,120,0,0,0,0,0,0,Healthy,None
33,L10032,L,299.7,310.6,1654,48.9,131,0,0,0,0,0,0,Healthy,None
34,H10033,H,302.7,312.7,1526,47.8,37,0,0,0,0,0,0,Healthy,None
35,H10034,H,299.6,310.1,1465,41.1,237,1,1,0,0,0,0,Failure Risk,Tool Wear Failure
36,H10035,H,301.7,310.8,1589,24.2,99,0,0,0,0,0,0,Healthy,None
37,L10036,L,295.6,307.1,1685,50.8,249,1,0,0,0,1,0,Failure Risk,Overstrain Failure
38,L10037,L,304.8,315.4,1538,40.6,41,0,0,0,0,0,0,Healthy,None
39,M10038,M,303.0,314.0,1754,36.9,228,0,0,0,0,0,0,Healthy,None
40,L10039,L,299.4,309.8,1499,44.4,230,0,0,0,0,0,0,Healthy,None
41,L10040,L,296.1,306.9,1362,42.2,134,0,0,0,0,0,0,Healthy,None
42,L10041,L,300.6,309.7,1536,29.4,169,0,0,0,0,0,0,Healthy,None
43,L10042,L,297.1,306.6,1556,36.8,117,0,0,0,0,0,0,Healthy,None
44,H10043,H,300.9,312.2,1523,21.1,59,1,0,0,1,0,0,Failure Risk,Power Failure
45,L10044,L,300.8,312.4,1767,40.9,89,0,0,0,0,0,0,Healthy,None
46,M10045,M,298.1,307.0,1682,53.2,147,1,0,0,1,0,0,Failure Risk,Power Failure
47,L10046,L,302.2,312.4,1281,22.2,190,1,0,0,1,0,0,Failure Risk,Power Failure
48,M10047,M,301.6,311.2,1812,41.3,236,0,0,0,0,0,0,Healthy,None
49,M10048,M,302.0,311.3,1168,46.6,123,0,0,0,0,0,0,Healthy,None
50,L10049,L,300.0,310.3,1923,48.1,124,1,0,0,1,0,0,Failure Risk,Power Failure
51,H10050,H,297.2,308.3,1486,32.6,110,0,0,0,0,0,0,Healthy,None
52,M10051,M,302.0,312.5,1504,29.1,20,0,0,0,0,0,0,Healthy,None
53,H10052,H,299.5,309.2,1527,34.2,126,0,0,0,0,0,0,Healthy,None
54,H10053,H,297.2,307.7,1606,51.8,132,0,0,0,0,0,0,Healthy,None
55,M10054,M,302.7,312.3,1537,23.1,120,0,0,0,0,0,0,Healthy,None
56,H10055,H,304.2,314.6,1514,28.0,29,0,0,0,0,0,0,Healthy,None
57,L10056,L,299.9,311.3,1772,35.5,62,0,0,0,0,0,0,Healthy,None
58,L10057,L,304.3,312.2,1639,30.3,239,0,0,0,0,0,0,Healthy,None
59,L10058,L,300.2,311.0,1366,39.6,186,0,0,0,0,0,0,Healthy,None
60,L10059,L,299.2,307.7,1670,54.0,37,1,0,0,1,0,0,Failure Risk,Power Failure
61,L10060,L,298.7,309.9,1631,28.1,163,0,0,0,0,0,0,Healthy,None
62,L10061,L,303.3,312.7,1440,38.6,37,0,0,0,0,0,0,Healthy,None
63,H10062,H,298.4,307.2,1679,39.9,22,0,0,0,0,0,0,Healthy,None
64,L10063,L,301.5,312.2,1509,36.7,150,0,0,0,0,0,0,Healthy,None
65,L10064,L,298.9,309.3,1498,24.4,57,0,0,0,0,0,0,Healthy,None
66,M10065,M,299.1,308.1,1493,33.7,175,0,0,0,0,0,0,Healthy,None
67,L10066,L,302.1,310.8,1168,33.7,242,0,0,0,0,0,0,Healthy,None
68,H10067,H,299.2,309.0,1443,46.3,133,0,0,0,0,0,0,Healthy,None
69,L10068,L,299.2,308.0,1665,44.2,106,0,0,0,0,0,0,Healthy,None
70,H10069,H,302.3,311.2,1533,24.6,173,0,0,0,0,0,0,Healthy,None
71,M10070,M,303.2,313.3,1307,36.2,86,0,0,0,0,0,0,Healthy,None
72,L10071,L,301.3,310.3,1710,35.0,142,0,0,0,0,0,0,Healthy,None
73,L10072,L,298.7,309.1,1484,59.4,0,1,0,0,1,0,0,Failure Risk,Power Failure
74,H10073,H,299.0,310.5,1319,42.9,99,0,0,0,0,0,0,Healthy,None
75,M10074,M,300.2,310.1,1932,29.3,230,0,0,0,0,0,0,Healthy,None
76,M10075,M,300.6,310.7,1349,32.3,91,0,0,0,0,0,0,Healthy,None
77,M10076,M,298.0,310.0,1695,36.3,201,0,0,0,0,0,0,Healthy,None
78,L10077,L,301.4,310.2,1400,43.6,32,0,0,0,0,0,0,Healthy,None
79,L10078,L,300.2,311.4,1562,44.8,109,0,0,0,0,0,0,Healthy,None
80,L10079,L,296.6,307.7,1376,42.0,151,0,0,0,0,0,0,Healthy,None
81,H10080,H,298.1,309.0,1316,37.9,69,0,0,0,0,0,0,Healthy,None
82,M10081,M,299.0,310.3,1631,38.7,141,0,0,0,0,0,0,Healthy,None
83,L10082,L,299.9,310.2,1610,38.7,245,0,0,0,0,0,0,Healthy,None
84,L10083,L,303.8,313.2,1742,22.3,95,0,0,0,0,0,0,Healthy,None
85,L10084,L,300.5,311.6,1531,39.4,82,0,0,0,0,0,0,Healthy,None
86,L10085,L,298.3,309.4,1935,34.3,197,0,0,0,0,0,0,Healthy,None
87,M10086,M,300.4,311.5,1586,23.6,83,0,0,0,0,0,0,Healthy,None
88,M10087,M,299.3,309.3,1639,63.9,216,1,1,0,1,1,0,Failure Risk,"Tool Wear Failure, Power Failure, Overstrain Failure"
89,H10088,H,300.6,309.9,1294,43.1,124,0,0,0,0,0,0,Healthy,None
90,L10089,L,301.2,311.4,1428,40.1,83,0,0,0,0,0,0,Healthy,None
91,L10090,L,302.4,313.3,1631,36.3,165,0,0,0,0,0,0,Healthy,None
92,M10091,M,300.0,311.0,1522,47.2,138,0,0,0,0,0,0,Healthy,None
93,M10092,M,303.3,312.9,1571,28.5,252,0,0,0,0,0,0,Healthy,None
94,M10093,M,301.8,312.1,1391,36.9,190,0,0,0,0,0,0,Healthy,None
95,M10094,M,298.6,307.3,1559,30.6,159,0,0,0,0,0,0,Healthy,None
96,L10095,L,304.4,315.4,1559,47.1,156,0,0,0,0,0,0,Healthy,None
97,M10096,M,300.7,309.9,1326,31.8,29,0,0,0,0,0,0,Healthy,None
98,L10097,L,298.3,309.1,1653,50.9,156,0,0,0,0,0,0,Healthy,None
99,L10098,L,303.3,312.2,1233,39.0,85,0,0,0,0,0,0,Healthy,None
100,L10099,L,304.2,315.2,1570,47.7,138,0,0,0,0,0,0,Healthy,None
101,L10100,L,299.9,310.2,1854,44.0,176,0,0,0,0,0,0,Healthy,None
102,M10101,M,299.0,308.2,1659,50.5,211,1,1,0,0,0,0,Failure Risk,Tool Wear Failure
103,L10102,L,299.7,310.4,1658,30.7,104,0,0,0,0,0,0,Healthy,None
104,M10103,M,301.4,310.8,1377,49.0,77,0,0,0,0,0,0,Healthy,None
105,H10104,H,302.6,313.3,1854,21.6,218,0,0,0,0,0,0,Healthy,None
106,L10105,L,301.1,310.8,1784,40.4,191,0,0,0,0,0,0,Healthy,None
107,L10106,L,300.2,308.5,1386,34.6,121,0,0,0,0,0,0,Healthy,None
108,M10107,M,303.0,312.0,1453,26.1,165,0,0,0,0,0,0,Healthy,None
109,L10108,L,299.4,309.0,1762,31.2,187,0,0,0,0,0,0,Healthy,None
110,L10109,L,302.1,313.5,1859,33.7,195,0,0,0,0,0,0,Healthy,None
111,L10110,L,299.4,310.3,1311,38.1,134,0,0,0,0,0,0,Healthy,None
112,L10111,L,300.9,312.5,1358,34.8,93,0,0,0,0,0,0,Healthy,None
113,H10112,H,299.8,311.5,1512,40.8,73,0,0,0,0,0,0,Healthy,None
114,H10113,H,299.9,309.4,1168,31.8,134,0,0,0,0,0,0,Healthy,None
115,M10114,M,299.2,309.0,1541,35.3,4,0,0,0,0,0,0,Healthy,None
116,H10115,H,302.7,312.3,1750,37.1,195,0,0,0,0,0,0,Healthy,None
117,H10116,H,298.5,307.8,1280,41.8,46,0,0,0,0,0,0,Healthy,None
118,L10117,L,298.5,306.7,1560,48.4,35,0,0,0,0,0,0,Healthy,None
119,H10118,H,304.2,314.2,1433,48.5,142,0,0,0,0,0,0,Healthy,None
120,M10119,M,302.0,310.7,1831,42.4,38,0,0,0,0,0,0,Healthy,None
121,H10120,H,295.2,305.2,1436,44.3,37,0,0,0,0,0,0,Healthy,None
122,H10121,H,298.9,311.0,1809,43.1,35,0,0,0,0,0,0,Healthy,None
123,L10122,L,296.4,305.9,1431,36.9,114,0,0,0,0,0,0,Healthy,None
124,L10123,L,298.1,308.3,1676,48.9,1,0,0,0,0,0,0,Healthy,None
125,L10124,L,293.7,304.6,1583,30.9,14,0,0,0,0,0,0,Healthy,None
126,L10125,L,299.7,310.0,1513,19.7,83,1,0,0,1,0,0,Failure Risk,Power Failure
127,H10126,H,297.7,308.0,1396,29.7,54,0,0,0,0,0,0,Healthy,None
128,H10127,H,300.1,309.7,1595,53.9,225,1,1,0,1,0,0,Failure Risk,"Tool Wear Failure, Power Failure"
129,L10128,L,296.7,306.5,1459,37.1,76,0,0,0,0,0,0,Healthy,None
130,M10129,M,300.2,309.2,1414,42.7,187,0,0,0,0,0,0,Healthy,None
131,L10130,L,299.2,310.0,1801,37.3,24,0,0,0,0,0,0,Healthy,None
132,L10131,L,303.0,311.3,1636,45.6,13,0,0,0,0,0,0,Healthy,None
133,L10132,L,302.8,313.8,1653,40.7,232,0,0,0,0,0,0,Healthy,None
134,L10133,L,301.6,310.2,1467,39.3,239,1,1,0,0,0,0,Failure Risk,Tool Wear Failure
135,H10134,H,299.3,310.3,1504,46.1,245,0,0,0,0,0,0,Healthy,None
136,L10135,L,304.0,313.6,1493,35.4,136,0,0,0,0,0,0,Healthy,None
137,M10136,M,296.9,305.7,1598,43.7,176,0,0,0,0,0,0,Healthy,None
138,M10137,M,297.2,307.8,1652,38.3,117,0,0,0,0,0,0,Healthy,None
139,L10138,L,299.8,310.7,1532,38.9,162,0,0,0,0,0,0,Healthy,None
140,H10139,H,304.5,314.1,1396,31.9,213,0,0,0,0,0,0,Healthy,None
141,H10140,H,299.6,310.3,1674,37.9,4,0,0,0,0,0,0,Healthy,None
142,L10141,L,299.6,307.3,1543,34.6,235,1,1,0,0,0,0,Failure Risk,Tool Wear Failure
143,L10142,L,297.1,305.8,1280,51.2,100,0,0,0,0,0,0,Healthy,None
144,L10143,L,301.9,313.2,1168,23.3,205,1,0,0,1,0,0,Failure Risk,Power Failure
145,L10144,L,301.9,311.7,1591,48.8,144,0,0,0,0,0,0,Healthy,None
146,L10145,L,301.6,309.7,1389,22.7,68,1,0,0,1,0,0,Failure Risk,Power Failure
147,M10146,M,298.7,308.0,1615,45.3,204,1,1,0,0,0,0,Failure Risk,Tool Wear Failure
148,M10147,M,298.6,307.7,1399,31.7,250,1,1,0,0,0,0,Failure Risk,Tool Wear Failure
149,L10148,L,297.4,307.2,1561,45.6,53,0,0,0,0,0,0,Healthy,None
150,L10149,L,300.2,309.8,1470,38.8,174,0,0,0,0,0,0,Healthy,None
151,H10150,H,297.8,308.0,1851,25.8,222,0,0,0,0,0,0,Healthy,None
152,L10151,L,297.6,307.5,1708,53.5,176,1,0,0,1,0,0,Failure Risk,Power Failure
153,L10152,L,299.2,310.6,1779,47.7,73,0,0,0,0,0,0,Healthy,None
154,L10153,L,299.0,309.4,1542,45.0,239,0,0,0,0,0,0,Healthy,None
155,H10154,H,298.9,309.4,1685,33.7,252,0,0,0,0,0,0,Healthy,None
156,L10155,L,300.9,312.1,1554,48.0,61,0,0,0,0,0,0,Healthy,None
157,M10156,M,300.2,309.8,1801,27.3,150,0,0,0,0,0,0,Healthy,None
158,M10157,M,299.4,308.1,1525,17.9,92,1,0,0,1,0,0,Failure Risk,Power Failure
159,L10158,L,300.4,311.6,1287,24.5,15,1,0,0,1,0,0,Failure Risk,Power Failure
160,M10159,M,298.0,308.1,1180,30.9,208,0,0,0,0,0,0,Healthy,None
161,L10160,L,300.2,310.3,1836,32.5,134,0,0,0,0,0,0,Healthy,None
162,M10161,M,300.3,309.7,1623,35.7,42,0,0,0,0,0,0,Healthy,None
163,M10162,M,297.0,306.4,1635,36.1,205,1,1,0,0,0,0,Failure Risk,Tool Wear Failure
164,M10163,M,302.0,312.8,1804,33.6,171,0,0,0,0,0,0,Healthy,None
165,L10164,L,298.2,309.2,1242,19.0,136,1,0,0,1,0,0,Failure Risk,Power Failure
166,H10165,H,300.2,311.0,1473,41.9,70,0,0,0,0,0,0,Healthy,None
167,L10166,L,302.3,313.1,1495,37.4,205,0,0,0,0,0,0,Healthy,None
168,L10167,L,301.9,312.5,1670,33.1,79,0,0,0,0,0,0,Healthy,None
169,L10168,L,300.1,310.2,1414,53.8,187,0,0,0,0,0,0,Healthy,None
170,M10169,M,299.3,309.1,1322,37.6,137,0,0,0,0,0,0,Healthy,None
171,M10170,M,301.9,313.1,1321,40.6,126,0,0,0,0,0,0,Healthy,None
172,L10171,L,301.3,310.9,1743,47.9,123,0,0,0,0,0,0,Healthy,None
173,M10172,M,298.8,309.2,1405,25.3,132,0,0,0,0,0,0,Healthy,None
174,L10173,L,298.4,307.6,1439,39.8,50,0,0,0,0,0,0,Healthy,None
175,M10174,M,295.9,305.2,1651,47.8,6,0,0,0,0,0,0,Healthy,None
176,L10175,L,300.3,310.1,1412,39.1,21,0,0,0,0,0,0,Healthy,None
177,M10176,M,299.8,309.0,1232,27.1,23,1,0,0,1,0,0,Failure Risk,Power Failure
178,L10177,L,302.3,313.1,1254,35.2,125,0,0,0,0,0,0,Healthy,None
179,H10178,H,300.7,309.4,1527,41.9,103,0,0,0,0,0,0,Healthy,None
180,L10179,L,302.7,312.8,1627,19.1,41,1,0,0,1,0,0,Failure Risk,Power Failure
181,L10180,L,298.6,308.7,1501,26.6,250,1,1,0,0,0,0,Failure Risk,Tool Wear Failure
182,L10181,L,302.3,310.5,1615,59.5,149,1,0,0,1,0,0,Failure Risk,Power Failure
183,H10182,H,298.9,308.5,1249,44.8,246,1,1,0,0,0,0,Failure Risk,Tool Wear Failure
184,H10183,H,301.6,311.9,1261,54.7,162,0,0,0,0,0,0,Healthy,None
185,L10184,L,297.1,307.5,1941,48.6,237,1,0,0,1,1,0,Failure Risk,"Power Failure, Overstrain Failure"
186,M10185,M,300.5,310.3,1758,43.9,115,0,0,0,0,0,0,Healthy,None
187,H10186,H,296.0,306.7,1675,36.9,182,0,0,0,0,0,0,Healthy,None
188,M10187,M,299.5,309.4,1419,43.8,245,0,0,0,0,0,0,Healthy,None
189,M10188,M,300.9,310.9,1495,54.4,130,0,0,0,0,0,0,Healthy,None
190,L10189,L,299.0,309.3,1537,48.2,110,0,0,0,0,0,0,Healthy,None
191,L10190,L,297.9,308.8,1773,41.7,105,0,0,0,0,0,0,Healthy,None
192,H10191,H,301.7,311.0,1610,38.3,198,0,0,0,0,0,0,Healthy,None
193,H10192,H,299.8,309.3,1632,44.9,18,0,0,0,0,0,0,Healthy,None
194,M10193,M,299.0,308.3,1507,34.7,169,0,0,0,0,0,0,Healthy,None
195,L10194,L,300.1,309.8,1679,44.9,252,1,0,0,0,1,0,Failure Risk,Overstrain Failure
196,L10195,L,305.3,316.7,1592,33.1,173,0,0,0,0,0,0,Healthy,None
197,M10196,M,302.3,312.9,1545,36.5,71,0,0,0,0,0,0,Healthy,None
198,H10197,H,302.3,311.2,1404,29.8,124,0,0,0,0,0,0,Healthy,None
199,H10198,H,300.9,310.3,1517,35.6,214,1,1,0,0,0,0,Failure Risk,Tool Wear Failure
200,M10199,M,300.3,310.7,1344,33.2,147,0,0,0,0,0,0,Healthy,None
201,M10200,M,295.2,304.3,1530,56.7,32,1,0,0,1,0,0,Failure Risk,Power Failure
202,L10201,L,298.6,307.9,1553,31.1,133,0,0,0,0,0,0,Healthy,None
203,L10202,L,299.0,310.3,1168,43.8,14,0,0,0,0,0,0,Healthy,None
204,H10203,H,296.3,305.7,1496,30.6,68,0,0,0,0,0,0,Healthy,None
205,M10204,M,297.7,308.7,1327,40.5,205,0,0,0,0,0,0,Healthy,None
206,L10205,L,296.0,307.3,1627,42.9,200,0,0,0,0,0,0,Healthy,None
207,L10206,L,299.9,309.2,1652,21.7,89,0,0,0,0,0,0,Healthy,None
208,M10207,M,301.6,310.7,1461,26.2,223,1,1,0,0,0,0,Failure Risk,Tool Wear Failure
209,L10208,L,302.2,311.9,1636,30.5,30,0,0,0,0,0,0,Healthy,None
210,L10209,L,300.8,309.7,1643,27.1,5,0,0,0,0,0,0,Healthy,None
211,M10210,M,298.1,308.2,1496,40.8,128,0,0,0,0,0,0,Healthy,None
212,M10211,M,296.1,305.9,1812,42.4,146,0,0,0,0,0,0,Healthy,None
213,M10212,M,296.5,306.9,1408,29.5,14,0,0,0,0,0,0,Healthy,None
214,L10213,L,297.5,308.9,1801,41.2,33,0,0,0,0,0,0,Healthy,None
215,M10214,M,298.2,309.0,1497,35.8,191,0,0,0,0,0,0,Healthy,None
216,L10215,L,299.7,310.2,1387,39.0,82,0,0,0,0,0,0,Healthy,None
217,L10216,L,298.0,306.0,1475,33.8,176,0,0,0,0,0,0,Healthy,None
218,M10217,M,300.7,311.1,1341,44.8,202,0,0,0,0,0,0,Healthy,None
219,M10218,M,299.5,311.2,1678,56.2,81,1,0,0,1,0,0,Failure Risk,Power Failure
220,H10219,H,300.0,307.0,1251,47.7,215,1,0,1,0,0,0,Failure Risk,Heat Dissipation Failure
221,M10220,M,302.3,313.0,1786,53.8,173,1,0,0,1,0,0,Failure Risk,Power Failure
222,M10221,M,297.6,307.4,1370,26.1,50,0,0,0,0,0,0,Healthy,None
223,L10222,L,300.8,310.0,1687,33.3,200,0,0,0,0,0,0,Healthy,None
224,L10223,L,300.0,310.8,1542,45.6,10,0,0,0,0,0,0,Healthy,None
225,L10224,L,299.3,311.0,1586,54.9,234,1,0,0,1,1,0,Failure Risk,"Power Failure, Overstrain Failure"
226,L10225,L,301.8,312.6,1432,46.4,3,0,0,0,0,0,0,Healthy,None
227,H10226,H,301.8,311.4,1601,29.8,81,0,0,0,0,0,0,Healthy,None
228,L10227,L,298.1,307.2,1562,35.7,235,1,1,0,0,0,0,Failure Risk,Tool Wear Failure
229,H10228,H,299.6,309.7,1277,43.3,214,0,0,0,0,0,0,Healthy,None
230,M10229,M,300.6,311.5,1365,38.4,40,0,0,0,0,0,0,Healthy,None
231,M10230,M,299.5,309.1,1441,32.1,228,0,0,0,0,0,0,Healthy,None
232,M10231,M,301.2,310.9,1402,37.1,191,0,0,0,0,0,0,Healthy,None
233,M10232,M,300.6,313.4,1762,39.9,0,0,0,0,0,0,0,Healthy,None
234,L10233,L,303.7,314.8,1539,29.3,216,0,0,0,0,0,0,Healthy,None
235,L10234,L,296.9,308.1,1398,49.7,8,0,0,0,0,0,0,Healthy,None
236,M10235,M,299.8,308.3,1450,35.6,166,0,0,0,0,0,0,Healthy,None
237,L10236,L,298.2,307.5,1447,39.3,64,0,0,0,0,0,0,Healthy,None
238,L10237,L,301.2,311.3,1486,50.2,115,0,0,0,0,0,0,Healthy,None
239,M10238,M,296.8,305.8,1345,38.8,16,0,0,0,0,0,0,Healthy,None
240,L10239,L,300.7,312.3,1392,49.7,66,0,0,0,0,0,0,Healthy,None
241,H10240,H,298.7,310.1,1675,29.8,86,0,0,0,0,0,0,Healthy,None
242,H10241,H,298.5,308.0,1571,44.3,0,0,0,0,0,0,0,Healthy,None
243,H10242,H,297.1,308.9,1510,48.3,151,0,0,0,0,0,0,Healthy,None
244,L10243,L,299.1,309.1,1538,31.8,204,0,0,0,0,0,0,Healthy,None
245,L10244,L,302.2,314.8,1529,38.2,121,0,0,0,0,0,0,Healthy,None
246,H10245,H,299.9,310.0,1500,38.4,147,0,0,0,0,0,0,Healthy,None
247,L10246,L,301.3,311.9,1630,42.1,191,0,0,0,0,0,0,Healthy,None
248,H10247,H,303.3,314.7,1617,44.7,147,0,0,0,0,0,0,Healthy,None
249,H10248,H,300.5,311.8,1256,31.0,123,0,0,0,0,0,0,Healthy,None
250,H10249,H,298.9,309.4,1514,39.4,203,1,1,0,0,0,0,Failure Risk,Tool Wear Failure
251,L10250,L,300.9,310.8,1268,55.8,80,0,0,0,0,0,0,Healthy,None
252,L10251,L,298.9,309.4,1651,50.4,84,0,0,0,0,0,0,Healthy,None
253,H10252,H,299.0,308.2,1675,47.9,167,0,0,0,0,0,0,Healthy,None
254,L10253,L,297.0,307.2,1428,38.1,215,0,0,0,0,0,0,Healthy,None
255,L10254,L,301.9,310.8,1517,61.1,157,1,0,0,1,0,0,Failure Risk,Power Failure
256,M10255,M,299.2,307.4,1168,50.2,150,1,0,1,0,0,0,Failure Risk,Heat Dissipation Failure
257,H10256,H,300.4,310.5,1712,40.4,22,0,0,0,0,0,0,Healthy,None
258,M10257,M,297.9,309.2,1665,42.2,119,0,0,0,0,0,0,Healthy,None
259,M10258,M,300.9,311.8,1743,35.5,55,0,0,0,0,0,0,Healthy,None
260,L10259,L,298.5,308.4,1804,43.9,46,0,0,0,0,0,0,Healthy,None
261,M10260,M,299.7,311.4,1318,45.9,144,0,0,0,0,0,0,Healthy,None
262,H10261,H,301.8,311.2,1696,47.0,1,0,0,0,0,0,0,Healthy,None
263,L10262,L,301.6,309.7,1802,38.2,105,0,0,0,0,0,0,Healthy,None
264,M10263,M,300.0,307.8,1270,25.4,215,1,0,1,1,0,0,Failure Risk,"Heat Dissipation Failure, Power Failure"
265,H10264,H,296.5,305.3,1507,42.4,32,0,0,0,0,0,0,Healthy,None
266,M10265,M,306.0,316.8,1472,47.0,248,1,1,0,0,0,0,Failure Risk,Tool Wear Failure
267,M10266,M,303.5,312.9,1691,30.3,248,0,0,0,0,0,0,Healthy,None
268,M10267,M,301.4,311.9,1168,39.1,236,0,0,0,0,0,0,Healthy,None
269,L10268,L,298.5,310.1,1863,53.3,107,1,0,0,1,0,0,Failure Risk,Power Failure
270,L10269,L,299.8,308.7,1517,28.1,14,0,0,0,0,0,0,Healthy,None
271,H10270,H,298.9,309.4,1701,37.2,31,0,0,0,0,0,0,Healthy,None
272,H10271,H,302.5,313.0,1527,54.7,105,0,0,0,0,0,0,Healthy,None
273,H10272,H,300.5,309.6,1626,41.6,161,0,0,0,0,0,0,Healthy,None
274,H10273,H,298.4,309.8,1168,34.8,187,0,0,0,0,0,0,Healthy,None
275,M10274,M,299.1,308.8,1469,39.9,213,1,1,0,0,0,0,Failure Risk,Tool Wear Failure
276,M10275,M,302.2,311.8,1689,48.2,30,0,0,0,0,0,0,Healthy,None
277,M10276,M,303.2,315.3,1589,38.0,14,0,0,0,0,0,0,Healthy,None
278,M10277,M,303.1,313.6,1245,45.9,147,0,0,0,0,0,0,Healthy,None
279,M10278,M,301.5,312.4,1548,42.3,105,0,0,0,0,0,0,Healthy,None
280,M10279,M,299.5,310.9,1391,43.1,214,0,0,0,0,0,0,Healthy,None
281,H10280,H,293.5,302.8,1375,46.5,30,0,0,0,0,0,0,Healthy,None
282,L10281,L,300.6,311.8,1265,37.1,1,0,0,0,0,0,0,Healthy,None
283,L10282,L,300.0,309.5,1648,30.6,12,0,0,0,0,0,0,Healthy,None
284,L10283,L,300.3,309.8,1737,44.7,233,0,0,0,0,0,0,Healthy,None
285,M10284,M,300.1,309.8,1917,38.7,95,0,0,0,0,0,0,Healthy,None
286,L10285,L,297.3,306.7,1274,35.6,112,0,0,0,0,0,0,Healthy,None
287,L10286,L,301.1,311.9,1675,45.2,143,0,0,0,0,0,0,Healthy,None
288,M10287,M,301.3,311.6,1687,52.6,14,1,0,0,1,0,0,Failure Risk,Power Failure
289,L10288,L,301.4,310.9,1434,38.5,24,0,0,0,0,0,0,Healthy,None
290,M10289,M,301.9,312.6,1373,40.1,75,0,0,0,0,0,0,Healthy,None
291,L10290,L,301.2,310.9,1343,28.3,27,0,0,0,0,0,0,Healthy,None
292,L10291,L,299.2,308.9,1443,37.8,104,0,0,0,0,0,0,Healthy,None
293,H10292,H,299.9,309.9,1574,42.2,11,0,0,0,0,0,0,Healthy,None
294,L10293,L,300.2,310.7,1781,39.8,120,0,0,0,0,0,0,Healthy,None
295,L10294,L,300.2,310.6,1735,36.4,212,1,1,0,0,0,0,Failure Risk,Tool Wear Failure
296,M10295,M,302.0,311.6,1248,47.2,203,0,0,0,0,0,0,Healthy,None
297,M10296,M,301.3,312.1,1396,40.6,242,0,0,0,0,0,0,Healthy,None
298,L10297,L,304.2,314.0,1770,65.6,181,1,0,0,1,1,0,Failure Risk,"Power Failure, Overstrain Failure"
299,M10298,M,304.4,313.7,1407,42.1,185,0,0,0,0,0,0,Healthy,None
300,L10299,L,300.2,308.7,1527,12.8,112,1,0,0,1,0,0,Failure Risk,Power Failure
301,L10300,L,292.3,303.3,1232,29.0,143,0,0,0,0,0,0,Healthy,None
302,M10301,M,302.5,312.5,1744,45.3,189,0,0,0,0,0,0,Healthy,None
303,M10302,M,298.9,309.1,1195,33.6,73,0,0,0,0,0,0,Healthy,None
304,M10303,M,298.4,309.4,1243,34.2,247,0,0,0,0,0,0,Healthy,None
305,M10304,M,299.2,308.7,1726,27.7,137,0,0,0,0,0,0,Healthy,None
306,H10305,H,299.1,307.7,1881,35.3,243,1,1,0,0,0,0,Failure Risk,Tool Wear Failure
307,M10306,M,301.2,311.3,1485,41.9,193,0,0,0,0,0,0,Healthy,None
308,L10307,L,296.9,307.2,1529,43.8,90,0,0,0,0,0,0,Healthy,None
309,M10308,M,297.8,307.5,1700,29.9,51,0,0,0,0,0,0,Healthy,None
310,L10309,L,300.7,312.2,1589,48.0,29,0,0,0,0,0,0,Healthy,None
311,L10310,L,301.2,308.7,1471,28.2,96,0,0,0,0,0,0,Healthy,None
312,L10311,L,301.3,312.4,1451,44.3,15,0,0,0,0,0,0,Healthy,None
313,L10312,L,298.4,309.2,1257,43.3,137,0,0,0,0,0,0,Healthy,None
314,H10313,H,298.0,308.5,1579,30.7,142,0,0,0,0,0,0,Healthy,None
315,H10314,H,299.0,305.7,1521,29.6,25,0,0,0,0,0,0,Healthy,None
316,M10315,M,300.5,311.8,1459,43.8,188,0,0,0,0,0,0,Healthy,None
317,L10316,L,303.0,312.0,1358,34.5,247,0,0,0,0,0,0,Healthy,None
318,L10317,L,295.9,305.4,1376,38.1,14,0,0,0,0,0,0,Healthy,None
319,L10318,L,299.6,309.4,1648,46.8,133,0,0,0,0,0,0,Healthy,None
320,L10319,L,297.3,307.7,1695,44.7,208,0,0,0,0,0,0,Healthy,None
321,M10320,M,296.7,307.3,1479,30.9,108,0,0,0,0,0,0,Healthy,None
322,M10321,M,301.9,312.8,1460,39.5,128,0,0,0,0,0,0,Healthy,None
323,M10322,M,301.1,311.9,1385,30.7,113,0,0,0,0,0,0,Healthy,None
324,L10323,L,300.9,311.2,1705,48.6,86,0,0,0,0,0,0,Healthy,None
325,H10324,H,301.8,312.2,1543,55.2,225,0,0,0,0,0,0,Healthy,None
326,M10325,M,299.0,307.9,1603,31.6,162,0,0,0,0,0,0,Healthy,None
327,M10326,M,299.1,308.3,1602,39.7,123,0,0,0,0,0,0,Healthy,None
328,M10327,M,304.4,315.3,1482,49.1,106,0,0,0,0,0,0,Healthy,None
329,L10328,L,299.5,310.3,1329,40.2,88,0,0,0,0,0,0,Healthy,None
330,L10329,L,301.5,312.2,1359,45.6,128,0,0,0,0,0,0,Healthy,None
331,L10330,L,300.0,309.5,1739,40.5,88,0,0,0,0,0,0,Healthy,None
332,M10331,M,296.3,307.2,1408,29.5,37,0,0,0,0,0,0,Healthy,None
333,L10332,L,295.9,304.7,1464,41.2,207,0,0,0,0,0,0,Healthy,None
334,L10333,L,298.8,309.9,1334,51.2,238,1,0,0,0,1,0,Failure Risk,Overstrain Failure
335,L10334,L,302.1,311.8,1320,43.1,40,0,0,0,0,0,0,Healthy,None
336,L10335,L,301.6,313.3,1400,56.1,139,0,0,0,0,0,0,Healthy,None
337,H10336,H,301.8,310.3,1840,22.5,191,0,0,0,0,0,0,Healthy,None
338,M10337,M,298.0,309.8,1655,43.8,137,0,0,0,0,0,0,Healthy,None
339,L10338,L,303.2,312.8,1443,33.6,154,0,0,0,0,0,0,Healthy,None
340,L10339,L,298.1,307.7,1731,31.3,247,0,0,0,0,0,0,Healthy,None
341,L10340,L,300.4,310.6,1510,53.2,166,0,0,0,0,0,0,Healthy,None
342,L10341,L,300.0,309.3,1780,37.5,233,0,0,0,0,0,0,Healthy,None
343,L10342,L,299.7,309.6,1933,36.5,198,0,0,0,0,0,0,Healthy,None
344,L10343,L,302.7,312.0,1722,43.4,69,0,0,0,0,0,0,Healthy,None
345,L10344,L,298.6,307.9,1554,18.7,44,1,0,0,1,0,0,Failure Risk,Power Failure
346,M10345,M,297.3,307.8,1663,53.4,10,1,0,0,1,0,0,Failure Risk,Power Failure
347,M10346,M,300.0,309.1,1540,58.9,23,1,0,0,1,0,0,Failure Risk,Power Failure
348,L10347,L,299.2,308.4,1209,49.1,56,0,0,0,0,0,0,Healthy,None
349,L10348,L,306.8,315.4,1420,44.1,39,0,0,0,0,0,0,Healthy,None
350,M10349,M,301.4,310.9,1367,37.9,88,0,0,0,0,0,0,Healthy,None
351,M10350,M,299.2,310.5,1416,29.4,36,0,0,0,0,0,0,Healthy,None
352,H10351,H,297.9,307.1,1859,51.8,2,1,0,0,1,0,0,Failure Risk,Power Failure
353,M10352,M,296.2,305.5,1738,49.1,195,0,0,0,0,0,0,Healthy,None
354,L10353,L,297.9,308.1,1616,44.5,67,0,0,0,0,0,0,Healthy,None
355,L10354,L,300.2,309.8,1683,43.3,120,0,0,0,0,0,0,Healthy,None
356,M10355,M,302.9,315.1,1199,43.0,232,0,0,0,0,0,0,Healthy,None
357,L10356,L,302.2,312.0,1668,34.8,128,0,0,0,0,0,0,Healthy,None
358,M10357,M,300.5,310.8,1706,64.8,93,1,0,0,1,0,0,Failure Risk,Power Failure
359,H10358,H,299.4,310.3,1168,37.2,206,0,0,0,0,0,0,Healthy,None
360,M10359,M,300.5,311.4,1674,35.8,44,0,0,0,0,0,0,Healthy,None
361,L10360,L,299.0,309.2,1283,51.1,30,0,0,0,0,0,0,Healthy,None
362,M10361,M,303.4,313.2,1185,39.7,36,0,0,0,0,0,0,Healthy,None
363,L10362,L,299.6,311.6,1775,39.8,113,0,0,0,0,0,0,Healthy,None
364,M10363,M,299.8,309.7,1357,54.0,196,0,0,0,0,0,0,Healthy,None
365,H10364,H,295.6,305.2,1409,46.7,42,0,0,0,0,0,0,Healthy,None
366,L10365,L,299.6,309.0,1715,47.2,84,0,0,0,0,0,0,Healthy,None
367,H10366,H,301.7,310.0,1483,26.0,98,0,0,0,0,0,0,Healthy,None
368,H10367,H,297.9,308.7,1505,44.0,3,0,0,0,0,0,0,Healthy,None
369,L10368,L,298.5,306.2,1501,30.0,198,0,0,0,0,0,0,Healthy,None
370,L10369,L,301.6,311.6,1600,35.5,121,0,0,0,0,0,0,Healthy,None
371,L10370,L,297.0,306.8,1497,41.7,28,0,0,0,0,0,0,Healthy,None
372,L10371,L,302.1,314.3,1558,39.6,99,0,0,0,0,0,0,Healthy,None
373,L10372,L,298.9,307.1,1447,46.5,98,0,0,0,0,0,0,Healthy,None
374,M10373,M,299.2,308.3,1600,47.6,95,0,0,0,0,0,0,Healthy,None
375,L10374,L,297.8,307.7,1594,48.4,105,0,0,0,0,0,0,Healthy,None
376,L10375,L,300.8,310.6,1877,26.7,243,0,0,0,0,0,0,Healthy,None
377,H10376,H,304.9,314.4,1469,63.4,138,1,0,0,1,0,0,Failure Risk,Power Failure
378,L10377,L,301.6,311.5,1505,39.8,241,0,0,0,0,0,0,Healthy,None
379,H10378,H,298.3,307.0,1580,52.0,32,0,0,0,0,0,0,Healthy,None
380,L10379,L,302.3,312.7,1710,15.1,180,1,0,0,1,0,0,Failure Risk,Power Failure
381,L10380,L,299.4,307.1,1342,37.4,232,1,1,1,0,0,0,Failure Risk,"Tool Wear Failure, Heat Dissipation Failure"
382,M10381,M,302.7,312.7,1556,25.5,120,0,0,0,0,0,0,Healthy,None
383,M10382,M,301.6,311.0,1168,31.5,16,0,0,0,0,0,0,Healthy,None
384,H10383,H,294.1,305.1,1489,40.5,139,0,0,0,0,0,0,Healthy,None
385,M10384,M,298.0,309.8,1730,36.7,0,0,0,0,0,0,0,Healthy,None
386,H10385,H,301.9,311.6,1408,53.0,183,0,0,0,0,0,0,Healthy,None
387,L10386,L,300.3,311.7,1569,57.5,22,1,0,0,1,0,0,Failure Risk,Power Failure
388,L10387,L,298.0,307.7,1443,30.4,6,0,0,0,0,0,0,Healthy,None
389,M10388,M,298.7,307.7,1384,35.2,77,0,0,0,0,0,0,Healthy,None
390,H10389,H,296.2,307.9,1711,29.8,168,0,0,0,0,0,0,Healthy,None
391,H10390,H,299.8,310.3,1350,51.4,235,0,0,0,0,0,0,Healthy,None
392,L10391,L,304.4,314.4,1590,41.6,52,0,0,0,0,0,0,Healthy,None
393,L10392,L,301.6,312.3,1593,40.3,231,0,0,0,0,0,0,Healthy,None
394,M10393,M,304.4,314.7,1385,43.1,6,0,0,0,0,0,0,Healthy,None
395,L10394,L,301.8,311.7,1565,36.9,205,0,0,0,0,0,0,Healthy,None
396,H10395,H,302.1,310.8,1370,31.5,97,0,0,0,0,0,0,Healthy,None
397,H10396,H,303.9,313.6,1631,40.5,193,0,0,0,0,0,0,Healthy,None
398,L10397,L,300.8,311.4,1302,37.4,252,0,0,0,0,0,0,Healthy,None
399,M10398,M,299.6,309.5,1477,43.4,83,0,0,0,0,0,0,Healthy,None
400,M10399,M,302.1,313.0,1492,23.8,208,0,0,0,0,0,0,Healthy,None
401,L10400,L,302.9,313.3,1737,41.8,73,0,0,0,0,0,0,Healthy,None
402,H10401,H,299.0,308.1,1563,33.2,180,0,0,0,0,0,0,Healthy,None
403,M10402,M,298.6,307.3,1708,41.5,4,0,0,0,0,0,0,Healthy,None
404,H10403,H,300.3,310.1,1637,49.0,96,0,0,0,0,0,0,Healthy,None
405,L10404,L,301.7,311.2,1636,34.5,100,0,0,0,0,0,0,Healthy,None
406,H10405,H,301.6,311.9,1478,51.8,163,0,0,0,0,0,0,Healthy,None
407,L10406,L,297.2,306.5,1720,22.8,43,0,0,0,0,0,0,Healthy,None
408,L10407,L,303.8,313.2,1474,55.3,109,0,0,0,0,0,0,Healthy,None
409,H10408,H,298.7,309.8,1228,52.3,121,0,0,0,0,0,0,Healthy,None
410,L10409,L,299.5,309.6,1499,31.2,138,0,0,0,0,0,0,Healthy,None
411,L10410,L,298.2,307.5,1619,31.3,191,0,0,0,0,0,0,Healthy,None
412,H10411,H,305.4,315.4,1250,25.2,148,1,0,0,1,0,0,Failure Risk,Power Failure
413,H10412,H,300.5,311.9,1379,49.1,131,0,0,0,0,0,0,Healthy,None
414,M10413,M,298.3,308.6,1317,36.7,88,0,0,0,0,0,0,Healthy,None
415,M10414,M,301.7,312.3,1678,36.0,232,1,1,0,0,0,0,Failure Risk,Tool Wear Failure
416,L10415,L,301.5,310.7,1837,28.9,34,0,0,0,0,0,0,Healthy,None
417,L10416,L,299.6,310.6,1500,57.9,34,1,0,0,1,0,0,Failure Risk,Power Failure
418,L10417,L,301.7,314.0,1633,30.4,34,0,0,0,0,0,0,Healthy,None
419,M10418,M,298.3,307.5,1628,40.2,166,0,0,0,0,0,0,Healthy,None
420,M10419,M,299.0,307.8,1816,42.1,32,0,0,0,0,0,0,Healthy,None
421,M10420,M,296.0,306.2,1421,36.1,76,0,0,0,0,0,0,Healthy,None
422,M10421,M,297.4,308.3,1498,34.1,67,0,0,0,0,0,0,Healthy,None
423,L10422,L,303.6,313.5,1477,36.3,120,0,0,0,0,0,0,Healthy,None
424,L10423,L,303.3,312.2,1551,45.6,171,0,0,0,0,0,0,Healthy,None
425,L10424,L,300.1,310.0,1986,36.6,231,0,0,0,0,0,0,Healthy,None
426,M10425,M,303.3,313.9,1543,56.1,50,1,0,0,1,0,0,Failure Risk,Power Failure
427,L10426,L,299.7,309.3,1385,32.3,247,0,0,0,0,0,0,Healthy,None
428,H10427,H,299.5,310.1,1331,47.5,37,0,0,0,0,0,0,Healthy,None
429,L10428,L,300.1,311.3,1762,22.6,41,0,0,0,0,0,0,Healthy,None
430,L10429,L,299.8,310.0,1384,32.3,172,0,0,0,0,0,0,Healthy,None
431,L10430,L,299.6,309.6,1656,31.9,29,0,0,0,0,0,0,Healthy,None
432,M10431,M,302.3,313.1,1416,29.1,218,0,0,0,0,0,0,Healthy,None
433,M10432,M,300.3,309.4,1311,42.8,162,0,0,0,0,0,0,Healthy,None
434,L10433,L,301.4,310.4,1646,38.9,27,0,0,0,0,0,0,Healthy,None
435,L10434,L,302.1,311.8,1425,17.4,168,1,0,0,1,0,0,Failure Risk,Power Failure
436,M10435,M,300.8,310.3,1614,59.8,105,1,0,0,1,0,0,Failure Risk,Power Failure
437,L10436,L,298.1,307.3,1627,41.7,172,0,0,0,0,0,0,Healthy,None
438,H10437,H,297.3,309.1,1635,40.0,47,0,0,0,0,0,0,Healthy,None
439,M10438,M,300.3,312.5,1490,53.0,54,0,0,0,0,0,0,Healthy,None
440,L10439,L,299.7,309.3,1660,49.8,135,0,0,0,0,0,0,Healthy,None
441,L10440,L,300.2,310.3,1372,37.0,153,0,0,0,0,0,0,Healthy,None
442,H10441,H,300.0,309.8,1168,20.7,106,1,0,0,1,0,0,Failure Risk,Power Failure
443,L10442,L,305.2,316.3,1664,45.6,225,0,0,0,0,0,0,Healthy,None
444,L10443,L,297.3,308.6,1567,30.5,124,0,0,0,0,0,0,Healthy,None
445,H10444,H,296.0,304.2,1428,52.3,114,0,0,0,0,0,0,Healthy,None
446,H10445,H,300.7,311.2,1274,32.3,156,0,0,0,0,0,0,Healthy,None
447,H10446,H,299.2,307.9,1173,35.5,54,0,0,0,0,0,0,Healthy,None
448,M10447,M,300.6,312.4,1547,26.7,193,0,0,0,0,0,0,Healthy,None
449,L10448,L,301.2,311.6,1833,27.5,69,0,0,0,0,0,0,Healthy,None
450,L10449,L,302.6,311.8,1513,38.9,47,0,0,0,0,0,0,Healthy,None
451,M10450,M,297.0,306.8,1473,38.0,207,0,0,0,0,0,0,Healthy,None
452,M10451,M,298.9,308.6,1533,35.3,6,0,0,0,0,0,0,Healthy,None
453,L10452,L,300.9,311.4,1928,60.3,74,1,0,0,1,0,0,Failure Risk,Power Failure
454,H10453,H,301.5,312.5,1672,46.0,122,0,0,0,0,0,0,Healthy,None
455,L10454,L,304.4,313.3,1370,40.1,79,0,0,0,0,0,0,Healthy,None
456,L10455,L,301.9,313.7,1543,12.7,133,1,0,0,1,0,0,Failure Risk,Power Failure
457,L10456,L,299.9,311.5,1597,48.2,164,0,0,0,0,0,0,Healthy,None
458,L10457,L,298.2,307.3,1348,69.6,136,1,0,0,1,0,0,Failure Risk,Power Failure
459,L10458,L,298.9,309.0,1673,38.1,2,0,0,0,0,0,0,Healthy,None
460,L10459,L,298.8,310.5,1391,32.0,180,0,0,0,0,0,0,Healthy,None
461,L10460,L,301.3,312.5,1267,41.6,92,0,0,0,0,0,0,Healthy,None
462,M10461,M,300.5,310.2,1551,25.8,116,0,0,0,0,0,0,Healthy,None
463,M10462,M,297.4,308.2,1523,44.6,135,0,0,0,0,0,0,Healthy,None
464,M10463,M,299.1,312.1,1537,54.9,167,0,0,0,0,0,0,Healthy,None
465,H10464,H,301.8,311.9,1401,33.4,16,0,0,0,0,0,0,Healthy,None
466,L10465,L,300.7,310.1,1426,33.7,125,0,0,0,0,0,0,Healthy,None
467,L10466,L,301.1,311.3,1739,39.2,229,0,0,0,0,0,0,Healthy,None
468,H10467,H,300.8,311.0,1616,35.0,107,0,0,0,0,0,0,Healthy,None
469,L10468,L,303.3,312.8,1366,25.0,197,0,0,0,0,0,0,Healthy,None
470,H10469,H,300.5,310.9,1188,36.2,46,0,0,0,0,0,0,Healthy,None
471,L10470,L,299.2,307.9,1374,34.2,10,0,0,0,0,0,0,Healthy,None
472,H10471,H,298.2,307.5,1566,53.5,137,0,0,0,0,0,0,Healthy,None
473,L10472,L,300.5,311.3,1424,51.4,60,0,0,0,0,0,0,Healthy,None
474,H10473,H,295.1,303.3,1410,53.8,129,0,0,0,0,0,0,Healthy,None
475,M10474,M,299.6,310.5,1432,47.9,244,0,0,0,0,0,0,Healthy,None
476,H10475,H,299.6,307.6,1524,42.0,156,0,0,0,0,0,0,Healthy,None
477,L10476,L,297.3,305.6,1678,31.3,69,0,0,0,0,0,0,Healthy,None
478,M10477,M,298.1,307.6,1537,53.1,50,0,0,0,0,0,0,Healthy,None
479,H10478,H,301.6,311.9,1549,43.4,240,1,1,0,0,0,0,Failure Risk,Tool Wear Failure
480,M10479,M,300.5,311.8,1497,27.6,72,0,0,0,0,0,0,Healthy,None
481,M10480,M,300.2,310.3,1448,31.0,127,0,0,0,0,0,0,Healthy,None
482,M10481,M,300.6,310.4,1698,27.5,193,0,0,0,0,0,0,Healthy,None
483,L10482,L,300.2,310.8,1670,19.7,67,1,0,0,1,0,0,Failure Risk,Power Failure
484,M10483,M,302.5,311.6,1904,43.8,56,0,0,0,0,0,0,Healthy,None
485,M10484,M,300.2,310.3,1647,27.7,168,0,0,0,0,0,0,Healthy,None
486,H10485,H,297.1,305.9,1448,32.5,231,1,1,0,0,0,0,Failure Risk,Tool Wear Failure
487,L10486,L,303.3,313.4,1376,40.4,93,0,0,0,0,0,0,Healthy,None
488,L10487,L,300.7,310.6,1708,38.1,191,0,0,0,0,0,0,Healthy,None
489,H10488,H,298.8,308.0,1392,32.9,131,0,0,0,0,0,0,Healthy,None
490,H10489,H,297.5,307.7,1682,55.0,128,1,0,0,1,0,0,Failure Risk,Power Failure
491,L10490,L,300.8,311.0,1401,24.9,234,0,0,0,0,0,0,Healthy,None
492,M10491,M,299.8,311.0,1600,25.3,202,1,1,0,0,0,0,Failure Risk,Tool Wear Failure
493,L10492,L,303.1,311.5,1348,44.5,6,1,0,1,0,0,0,Failure Risk,Heat Dissipation Failure
494,L10493,L,299.3,309.2,1677,33.8,81,0,0,0,0,0,0,Healthy,None
495,L10494,L,298.3,307.5,1317,33.4,135,0,0,0,0,0,0,Healthy,None
496,L10495,L,301.8,312.7,1586,29.3,93,0,0,0,0,0,0,Healthy,None
497,M10496,M,301.9,312.7,1502,43.3,78,0,0,0,0,0,0,Healthy,None
498,L10497,L,300.3,310.8,1556,42.2,185,0,0,0,0,0,0,Healthy,None
499,H10498,H,301.4,310.7,1467,41.2,9,0,0,0,0,0,0,Healthy,None
500,H10499,H,299.9,310.8,1462,34.2,109,0,0,0,0,0,0,Healthy,None
501,M10500,M,300.5,309.0,1565,32.6,250,1,1,0,0,0,0,Failure Risk,Tool Wear Failure
502,M10501,M,302.3,310.6,1358,38.4,193,1,0,1,0,0,0,Failure Risk,Heat Dissipation Failure
503,L10502,L,301.3,310.0,1357,49.6,105,0,0,0,0,0,0,Healthy,None
504,H10503,H,299.7,309.7,1473,55.5,114,0,0,0,0,0,0,Healthy,None
505,M10504,M,302.7,313.4,1466,51.0,206,1,1,0,0,0,0,Failure Risk,Tool Wear Failure
506,L10505,L,295.3,302.3,1358,45.0,149,1,0,1,0,0,0,Failure Risk,Heat Dissipation Failure
507,H10506,H,304.1,315.4,1703,49.7,179,0,0,0,0,0,0,Healthy,None
508,H10507,H,296.6,306.7,1478,28.3,225,1,1,0,0,0,0,Failure Risk,Tool Wear Failure
509,H10508,H,298.7,307.1,1497,32.9,176,0,0,0,0,0,0,Healthy,None
510,M10509,M,299.9,310.0,1300,45.2,66,0,0,0,0,0,0,Healthy,None
511,M10510,M,299.7,310.8,1908,38.8,3,0,0,0,0,0,0,Healthy,None
512,L10511,L,302.0,312.6,1972,43.3,88,0,0,0,0,0,0,Healthy,None
513,H10512,H,297.9,309.0,1398,49.7,184,0,0,0,0,0,0,Healthy,None
514,H10513,H,300.5,309.1,1757,48.2,68,0,0,0,0,0,0,Healthy,None
515,L10514,L,298.8,308.4,1521,29.2,203,0,0,0,0,0,0,Healthy,None
516,L10515,L,300.6,309.7,1825,40.1,52,0,0,0,0,0,0,Healthy,None
517,L10516,L,299.9,311.6,1598,30.9,182,0,0,0,0,0,0,Healthy,None
518,H10517,H,300.2,310.8,1555,32.3,151,0,0,0,0,0,0,Healthy,None
519,H10518,H,298.9,311.7,1168,23.1,82,1,0,0,1,0,0,Failure Risk,Power Failure
520,L10519,L,299.0,308.5,1380,41.3,223,0,0,0,0,0,0,Healthy,None
521,M10520,M,300.6,309.9,1541,22.3,126,0,0,0,0,0,0,Healthy,None
522,L10521,L,301.9,311.8,1573,43.9,139,0,0,0,0,0,0,Healthy,None
523,H10522,H,298.8,310.2,1320,53.4,228,1,1,0,0,0,0,Failure Risk,Tool Wear Failure
524,H10523,H,298.3,307.9,1407,45.3,182,0,0,0,0,0,0,Healthy,None
525,H10524,H,301.2,311.3,1637,40.5,46,0,0,0,0,0,0,Healthy,None
526,L10525,L,299.9,310.0,1290,55.2,26,0,0,0,0,0,0,Healthy,None
527,L10526,L,301.7,311.7,1561,43.2,145,0,0,0,0,0,0,Healthy,None
528,L10527,L,298.2,307.5,1759,31.5,216,0,0,0,0,0,0,Healthy,None
529,L10528,L,296.4,306.3,1606,41.2,50,0,0,0,0,0,0,Healthy,None
530,H10529,H,298.9,308.7,1598,59.4,86,1,0,0,1,0,0,Failure Risk,Power Failure
531,H10530,H,298.5,308.5,1176,29.2,187,0,0,0,0,0,0,Healthy,None
532,H10531,H,299.8,310.7,1390,26.3,184,0,0,0,0,0,0,Healthy,None
533,H10532,H,298.7,310.5,1905,46.1,120,1,0,0,1,0,0,Failure Risk,Power Failure
534,M10533,M,301.5,310.7,1430,37.8,66,0,0,0,0,0,0,Healthy,None
535,M10534,M,299.4,309.0,1764,34.7,1,0,0,0,0,0,0,Healthy,None
536,H10535,H,300.3,309.5,1428,27.5,138,0,0,0,0,0,0,Healthy,None
537,H10536,H,300.3,310.5,1488,20.7,237,1,1,0,1,0,0,Failure Risk,"Tool Wear Failure, Power Failure"
538,L10537,L,300.4,309.9,1630,25.6,244,0,0,0,0,0,0,Healthy,None
539,L10538,L,300.0,310.2,1556,56.0,100,1,0,0,1,0,0,Failure Risk,Power Failure
540,L10539,L,301.0,312.1,1606,39.9,221,0,0,0,0,0,0,Healthy,None
541,H10540,H,298.4,305.9,1391,20.6,140,1,0,0,1,0,0,Failure Risk,Power Failure
542,M10541,M,302.8,313.3,1334,51.7,167,0,0,0,0,0,0,Healthy,None
543,L10542,L,299.5,309.0,1379,52.2,133,0,0,0,0,0,0,Healthy,None
544,M10543,M,297.4,307.9,1442,52.2,11,0,0,0,0,0,0,Healthy,None
545,M10544,M,300.4,309.5,1496,35.8,230,0,0,0,0,0,0,Healthy,None
546,L10545,L,298.3,309.5,1723,37.3,42,0,0,0,0,0,0,Healthy,None
547,L10546,L,301.3,312.2,1553,41.4,71,0,0,0,0,0,0,Healthy,None
548,M10547,M,304.4,315.0,1624,53.9,72,1,0,0,1,0,0,Failure Risk,Power Failure
549,M10548,M,298.4,309.2,1563,34.5,3,0,0,0,0,0,0,Healthy,None
550,M10549,M,300.7,310.0,1338,32.5,164,0,0,0,0,0,0,Healthy,None
551,M10550,M,296.5,305.9,1541,46.9,163,0,0,0,0,0,0,Healthy,None
552,H10551,H,300.9,311.7,1561,52.0,31,0,0,0,0,0,0,Healthy,None
553,M10552,M,298.2,307.4,1674,39.5,184,0,0,0,0,0,0,Healthy,None
554,M10553,M,298.8,310.2,1346,46.6,139,0,0,0,0,0,0,Healthy,None
555,H10554,H,297.8,307.5,1172,41.1,145,0,0,0,0,0,0,Healthy,None
556,L10555,L,301.5,312.0,1569,37.5,188,0,0,0,0,0,0,Healthy,None
557,L10556,L,302.0,314.1,1601,31.8,30,0,0,0,0,0,0,Healthy,None
558,L10557,L,300.0,309.3,1505,28.6,238,0,0,0,0,0,0,Healthy,None
559,M10558,M,298.3,308.4,1543,33.9,167,0,0,0,0,0,0,Healthy,None
560,M10559,M,303.2,314.3,1695,30.3,106,0,0,0,0,0,0,Healthy,None
561,M10560,M,298.5,309.5,1455,42.8,173,0,0,0,0,0,0,Healthy,None
562,L10561,L,295.7,305.4,1488,52.1,166,0,0,0,0,0,0,Healthy,None
563,L10562,L,300.9,310.4,1552,42.0,62,0,0,0,0,0,0,Healthy,None
564,L10563,L,297.8,307.6,1319,30.9,220,1,1,0,0,0,0,Failure Risk,Tool Wear Failure
565,L10564,L,302.0,313.4,1510,48.5,239,1,0,0,0,1,0,Failure Risk,Overstrain Failure
566,M10565,M,299.2,308.9,1526,42.9,54,0,0,0,0,0,0,Healthy,None
567,L10566,L,301.2,311.3,1831,44.9,39,0,0,0,0,0,0,Healthy,None
568,L10567,L,302.8,312.4,1484,34.9,156,0,0,0,0,0,0,Healthy,None
569,H10568,H,297.6,308.3,1573,51.2,218,0,0,0,0,0,0,Healthy,None
570,L10569,L,298.9,309.1,1702,51.2,138,1,0,0,1,0,0,Failure Risk,Power Failure
571,M10570,M,299.8,308.8,1388,38.2,96,0,0,0,0,0,0,Healthy,None
572,M10571,M,303.1,312.1,1784,47.1,240,0,0,0,0,0,0,Healthy,None
573,L10572,L,298.7,306.7,1853,50.9,38,1,0,0,1,0,0,Failure Risk,Power Failure
574,M10573,M,298.8,308.0,1532,35.4,209,1,1,0,0,0,0,Failure Risk,Tool Wear Failure
575,H10574,H,301.0,311.8,1441,39.2,171,0,0,0,0,0,0,Healthy,None
576,H10575,H,298.8,310.1,1829,40.8,19,0,0,0,0,0,0,Healthy,None
577,L10576,L,300.3,311.0,1680,29.1,219,0,0,0,0,0,0,Healthy,None
578,H10577,H,296.9,307.5,1552,44.4,213,0,0,0,0,0,0,Healthy,None
579,L10578,L,304.4,314.3,1793,50.1,95,1,0,0,1,0,0,Failure Risk,Power Failure
580,L10579,L,297.3,308.1,1774,38.6,84,0,0,0,0,0,0,Healthy,None
581,L10580,L,299.4,309.7,1477,43.4,100,0,0,0,0,0,0,Healthy,None
582,H10581,H,299.9,311.7,1582,53.8,26,0,0,0,0,0,0,Healthy,None
583,L10582,L,303.8,313.7,1641,36.0,37,0,0,0,0,0,0,Healthy,None
584,L10583,L,297.4,308.7,1543,43.6,217,1,1,0,0,0,0,Failure Risk,Tool Wear Failure
585,M10584,M,304.0,314.9,1289,34.4,86,0,0,0,0,0,0,Healthy,None
586,L10585,L,301.5,312.2,1370,34.1,97,0,0,0,0,0,0,Healthy,None
587,L10586,L,300.8,308.8,1294,43.4,75,1,0,1,0,0,0,Failure Risk,Heat Dissipation Failure
588,L10587,L,298.0,308.9,1626,42.4,10,0,0,0,0,0,0,Healthy,None
589,L10588,L,301.1,311.0,1326,45.5,163,0,0,0,0,0,0,Healthy,None
590,L10589,L,298.6,308.2,1572,40.8,159,0,0,0,0,0,0,Healthy,None
591,L10590,L,302.5,311.0,1865,44.6,230,1,1,0,0,0,0,Failure Risk,Tool Wear Failure
592,M10591,M,298.1,308.1,1793,56.5,228,1,0,0,1,1,0,Failure Risk,"Power Failure, Overstrain Failure"
593,L10592,L,299.8,309.8,1209,50.5,106,0,0,0,0,0,0,Healthy,None
594,L10593,L,298.9,307.6,1309,43.3,189,0,0,0,0,0,0,Healthy,None
595,H10594,H,298.0,306.5,1399,45.0,123,0,0,0,0,0,0,Healthy,None
596,L10595,L,301.5,312.0,1328,37.0,15,0,0,0,0,0,0,Healthy,None
597,M10596,M,301.1,312.0,1241,38.4,41,0,0,0,0,0,0,Healthy,None
598,L10597,L,302.4,312.6,1536,44.9,158,0,0,0,0,0,0,Healthy,None
599,L10598,L,296.4,307.6,1664,40.9,232,0,0,0,0,0,0,Healthy,None
600,L10599,L,302.1,312.0,1708,47.9,69,0,0,0,0,0,0,Healthy,None
601,L10600,L,305.0,314.9,1453,52.5,12,0,0,0,0,0,0,Healthy,None
602,L10601,L,299.1,308.2,1489,39.0,35,0,0,0,0,0,0,Healthy,None
603,L10602,L,303.8,312.2,1601,20.1,74,1,0,0,1,0,0,Failure Risk,Power Failure
604,L10603,L,299.5,311.4,1518,60.1,138,1,0,0,1,0,0,Failure Risk,Power Failure
605,L10604,L,297.3,308.4,1683,33.5,123,0,0,0,0,0,0,Healthy,None
606,L10605,L,299.4,308.0,1615,41.9,125,0,0,0,0,0,0,Healthy,None
607,L10606,L,302.1,312.3,1470,47.2,47,0,0,0,0,0,0,Healthy,None
608,L10607,L,298.3,308.2,1205,53.9,249,1,0,0,0,1,0,Failure Risk,Overstrain Failure
609,M10608,M,298.8,308.5,1806,57.9,147,1,0,0,1,0,0,Failure Risk,Power Failure
610,M10609,M,301.2,310.8,1415,36.4,156,0,0,0,0,0,0,Healthy,None
611,L10610,L,300.0,310.4,1602,51.8,18,0,0,0,0,0,0,Healthy,None
612,M10611,M,301.2,312.0,1194,42.0,124,0,0,0,0,0,0,Healthy,None
613,M10612,M,300.5,310.9,1535,67.2,221,1,0,0,1,1,0,Failure Risk,"Power Failure, Overstrain Failure"
614,L10613,L,301.0,310.9,1555,50.9,133,0,0,0,0,0,0,Healthy,None
615,H10614,H,299.1,308.9,1564,38.2,55,0,0,0,0,0,0,Healthy,None
616,H10615,H,300.5,311.4,2077,32.1,208,0,0,0,0,0,0,Healthy,None
617,L10616,L,298.1,308.6,1425,14.0,126,1,0,0,1,0,0,Failure Risk,Power Failure
618,L10617,L,302.6,312.7,1684,46.7,209,0,0,0,0,0,0,Healthy,None
619,H10618,H,298.7,308.7,1631,50.0,99,0,0,0,0,0,0,Healthy,None
620,M10619,M,302.3,312.6,1416,47.4,118,0,0,0,0,0,0,Healthy,None
621,L10620,L,299.5,309.0,1682,16.7,251,1,1,0,1,0,0,Failure Risk,"Tool Wear Failure, Power Failure"
622,L10621,L,300.4,311.2,1508,27.5,145,0,0,0,0,0,0,Healthy,None
623,L10622,L,299.0,307.9,1694,44.8,234,0,0,0,0,0,0,Healthy,None
624,L10623,L,298.0,307.6,1889,57.7,203,1,0,0,1,1,0,Failure Risk,"Power Failure, Overstrain Failure"
625,M10624,M,296.5,307.1,1564,39.5,41,0,0,0,0,0,0,Healthy,None
626,L10625,L,297.9,306.8,1487,50.8,59,0,0,0,0,0,0,Healthy,None
627,L10626,L,299.4,307.8,1726,29.8,55,0,0,0,0,0,0,Healthy,None
628,M10627,M,300.4,310.5,1788,42.1,2,0,0,0,0,0,0,Healthy,None
629,L10628,L,302.0,310.3,1379,37.3,238,1,0,1,0,0,0,Failure Risk,Heat Dissipation Failure
630,L10629,L,299.1,307.8,1456,51.8,209,0,0,0,0,0,0,Healthy,None
631,M10630,M,298.2,309.0,1658,34.7,207,1,1,0,0,0,0,Failure Risk,Tool Wear Failure
632,H10631,H,297.1,306.9,1514,56.6,166,0,0,0,0,0,0,Healthy,None
633,M10632,M,301.0,312.3,1367,37.0,42,0,0,0,0,0,0,Healthy,None
634,M10633,M,302.8,311.6,1634,29.4,155,0,0,0,0,0,0,Healthy,None
635,L10634,L,302.5,312.4,1658,29.7,169,0,0,0,0,0,0,Healthy,None
636,L10635,L,301.4,311.8,1478,33.8,136,0,0,0,0,0,0,Healthy,None
637,M10636,M,301.3,310.1,1548,43.7,83,0,0,0,0,0,0,Healthy,None
638,L10637,L,303.4,314.4,1434,34.0,17,0,0,0,0,0,0,Healthy,None
639,L10638,L,300.7,311.2,1341,31.9,88,0,0,0,0,0,0,Healthy,None
640,L10639,L,301.3,309.7,1449,48.8,249,1,0,0,0,1,0,Failure Risk,Overstrain Failure
641,L10640,L,299.4,309.4,1551,8.2,20,1,0,0,1,0,0,Failure Risk,Power Failure
642,L10641,L,297.3,307.7,1273,35.7,236,0,0,0,0,0,0,Healthy,None
643,L10642,L,298.6,308.0,1462,26.8,153,0,0,0,0,0,0,Healthy,None
644,L10643,L,300.0,308.5,1553,31.4,22,0,0,0,0,0,0,Healthy,None
645,L10644,L,300.1,310.4,1751,42.4,137,0,0,0,0,0,0,Healthy,None
646,H10645,H,303.9,316.1,1482,38.0,244,0,0,0,0,0,0,Healthy,None
647,M10646,M,300.2,309.8,1314,37.1,171,0,0,0,0,0,0,Healthy,None
648,M10647,M,302.4,314.0,1500,51.8,12,0,0,0,0,0,0,Healthy,None
649,M10648,M,299.1,308.3,1436,39.9,180,0,0,0,0,0,0,Healthy,None
650,L10649,L,299.4,309.6,1636,57.9,245,1,0,0,1,1,0,Failure Risk,"Power Failure, Overstrain Failure"
651,L10650,L,297.3,308.1,1477,47.1,36,0,0,0,0,0,0,Healthy,None
652,M10651,M,298.5,308.5,1168,30.4,183,0,0,0,0,0,0,Healthy,None
653,M10652,M,301.1,310.8,2198,59.1,186,1,0,0,1,0,0,Failure Risk,Power Failure
654,M10653,M,300.0,310.7,1563,42.8,139,0,0,0,0,0,0,Healthy,None
655,L10654,L,301.9,313.8,1553,58.5,250,1,0,0,1,1,0,Failure Risk,"Power Failure, Overstrain Failure"
656,L10655,L,300.4,310.7,1262,37.4,227,0,0,0,0,0,0,Healthy,None
657,L10656,L,299.3,308.8,1275,42.7,2,0,0,0,0,0,0,Healthy,None
658,L10657,L,304.3,314.1,1521,44.3,141,0,0,0,0,0,0,Healthy,None
659,M10658,M,299.8,312.3,1598,38.3,162,0,0,0,0,0,0,Healthy,None
660,M10659,M,302.3,312.4,1663,52.6,97,1,0,0,1,0,0,Failure Risk,Power Failure
661,L10660,L,299.2,308.6,1580,59.1,231,1,0,0,1,1,0,Failure Risk,"Power Failure, Overstrain Failure"
662,H10661,H,301.4,310.3,1325,17.3,92,1,0,0,1,0,0,Failure Risk,Power Failure
663,M10662,M,301.9,310.1,1168,48.1,157,1,0,1,0,0,0,Failure Risk,Heat Dissipation Failure
664,L10663,L,300.4,310.8,1520,31.1,70,0,0,0,0,0,0,Healthy,None
665,L10664,L,295.3,306.0,1442,14.3,117,1,0,0,1,0,0,Failure Risk,Power Failure
666,L10665,L,300.0,309.6,1311,45.1,193,0,0,0,0,0,0,Healthy,None
667,L10666,L,302.5,312.5,1686,45.1,145,0,0,0,0,0,0,Healthy,None
668,L10667,L,301.1,309.9,1255,46.7,25,0,0,0,0,0,0,Healthy,None
669,L10668,L,300.9,311.0,1648,43.7,208,1,1,0,0,0,0,Failure Risk,Tool Wear Failure
670,L10669,L,296.6,307.1,1285,48.7,173,0,0,0,0,0,0,Healthy,None
671,L10670,L,298.6,308.1,1562,34.0,139,0,0,0,0,0,0,Healthy,None
672,H10671,H,300.8,312.5,1705,42.6,185,0,0,0,0,0,0,Healthy,None
673,L10672,L,300.8,310.0,1477,46.9,241,1,0,0,0,1,0,Failure Risk,Overstrain Failure
674,M10673,M,302.4,312.7,1840,53.4,56,1,0,0,1,0,0,Failure Risk,Power Failure
675,L10674,L,299.7,310.5,1881,40.4,159,0,0,0,0,0,0,Healthy,None
676,H10675,H,300.8,310.7,1580,37.9,112,0,0,0,0,0,0,Healthy,None
677,L10676,L,300.0,309.8,1634,39.5,220,0,0,0,0,0,0,Healthy,None
678,L10677,L,298.0,306.6,1727,28.2,239,1,1,0,0,0,0,Failure Risk,Tool Wear Failure
679,H10678,H,295.5,306.9,1635,47.6,63,0,0,0,0,0,0,Healthy,None
680,H10679,H,300.9,310.7,1616,25.6,201,0,0,0,0,0,0,Healthy,None
681,H10680,H,300.3,310.8,1444,43.9,227,0,0,0,0,0,0,Healthy,None
682,L10681,L,298.8,309.5,1235,40.8,65,0,0,0,0,0,0,Healthy,None
683,L10682,L,296.8,306.2,1289,24.6,164,1,0,0,1,0,0,Failure Risk,Power Failure
684,M10683,M,301.3,311.1,1964,25.2,141,0,0,0,0,0,0,Healthy,None
685,H10684,H,299.5,310.8,1595,31.5,137,0,0,0,0,0,0,Healthy,None
686,M10685,M,301.1,310.0,1494,36.6,103,0,0,0,0,0,0,Healthy,None
687,M10686,M,303.7,315.8,1764,54.7,192,1,0,0,1,0,0,Failure Risk,Power Failure
688,L10687,L,295.7,305.0,1403,38.9,63,0,0,0,0,0,0,Healthy,None
689,M10688,M,298.6,307.4,1642,45.4,168,0,0,0,0,0,0,Healthy,None
690,L10689,L,299.6,309.7,1551,52.5,118,0,0,0,0,0,0,Healthy,None
691,L10690,L,302.9,315.1,1620,50.6,20,0,0,0,0,0,0,Healthy,None
692,L10691,L,296.7,304.8,1477,39.9,196,0,0,0,0,0,0,Healthy,None
693,M10692,M,303.9,313.8,1365,33.0,8,0,0,0,0,0,0,Healthy,None
694,L10693,L,300.3,310.8,1390,44.9,136,0,0,0,0,0,0,Healthy,None
695,L10694,L,299.8,309.8,1397,33.2,145,0,0,0,0,0,0,Healthy,None
696,M10695,M,299.6,310.0,1537,58.0,119,1,0,0,1,0,0,Failure Risk,Power Failure
697,L10696,L,299.1,308.4,1259,48.6,68,0,0,0,0,0,0,Healthy,None
698,M10697,M,302.1,311.5,1314,42.1,61,0,0,0,0,0,0,Healthy,None
699,L10698,L,297.9,307.8,1562,45.1,143,0,0,0,0,0,0,Healthy,None
700,L10699,L,300.7,309.6,1515,41.8,225,0,0,0,0,0,0,Healthy,None
701,M10700,M,299.2,309.2,1572,36.4,120,0,0,0,0,0,0,Healthy,None
702,L10701,L,298.5,308.1,1529,44.9,3,0,0,0,0,0,0,Healthy,None
703,L10702,L,305.2,314.7,1988,37.6,148,0,0,0,0,0,0,Healthy,None
704,L10703,L,300.8,311.1,1560,59.2,118,1,0,0,1,0,0,Failure Risk,Power Failure
705,L10704,L,301.2,309.4,1470,33.1,113,0,0,0,0,0,0,Healthy,None
706,H10705,H,302.3,312.1,1556,45.0,100,0,0,0,0,0,0,Healthy,None
707,L10706,L,297.2,309.5,1720,32.3,231,0,0,0,0,0,0,Healthy,None
708,H10707,H,303.5,312.4,1529,32.1,171,0,0,0,0,0,0,Healthy,None
709,L10708,L,295.0,306.3,1660,22.3,205,0,0,0,0,0,0,Healthy,None
710,M10709,M,298.5,308.6,1608,44.1,218,0,0,0,0,0,0,Healthy,None
711,M10710,M,299.1,308.5,1486,34.7,112,0,0,0,0,0,0,Healthy,None
712,M10711,M,301.2,309.9,1557,50.7,75,0,0,0,0,0,0,Healthy,None
713,L10712,L,300.4,310.5,1824,44.1,154,0,0,0,0,0,0,Healthy,None
714,L10713,L,299.7,311.2,1581,41.5,247,0,0,0,0,0,0,Healthy,None
715,L10714,L,300.0,309.6,1361,26.0,161,0,0,0,0,0,0,Healthy,None
716,H10715,H,298.0,307.9,1480,45.8,3,0,0,0,0,0,0,Healthy,None
717,H10716,H,297.0,308.0,1168,33.4,234,0,0,0,0,0,0,Healthy,None
718,H10717,H,301.5,311.8,1562,25.8,235,1,1,0,0,0,0,Failure Risk,Tool Wear Failure
719,L10718,L,301.4,309.8,1772,44.3,50,0,0,0,0,0,0,Healthy,None
720,M10719,M,303.2,313.3,1297,27.5,129,0,0,0,0,0,0,Healthy,None
721,H10720,H,298.4,309.9,1564,19.3,233,1,0,0,1,0,0,Failure Risk,Power Failure
722,L10721,L,301.4,311.4,1714,52.8,233,1,1,0,1,1,0,Failure Risk,"Tool Wear Failure, Power Failure, Overstrain Failure"
723,L10722,L,299.4,306.7,1733,34.4,159,0,0,0,0,0,0,Healthy,None
724,M10723,M,302.4,312.8,1767,22.7,129,0,0,0,0,0,0,Healthy,None
725,M10724,M,302.0,311.8,1203,30.5,57,0,0,0,0,0,0,Healthy,None
726,H10725,H,300.4,308.6,1628,32.9,149,0,0,0,0,0,0,Healthy,None
727,L10726,L,299.3,307.6,1268,51.3,18,1,0,1,0,0,0,Failure Risk,Heat Dissipation Failure
728,M10727,M,301.9,312.9,1359,23.5,217,1,1,0,1,0,0,Failure Risk,"Tool Wear Failure, Power Failure"
729,L10728,L,301.3,310.6,1684,26.7,19,0,0,0,0,0,0,Healthy,None
730,L10729,L,298.6,307.7,1566,49.7,99,0,0,0,0,0,0,Healthy,None
731,L10730,L,297.3,307.3,1668,35.5,145,0,0,0,0,0,0,Healthy,None
732,H10731,H,299.4,308.8,1371,42.3,243,0,0,0,0,0,0,Healthy,None
733,M10732,M,303.0,313.1,1801,35.1,177,0,0,0,0,0,0,Healthy,None
734,M10733,M,302.3,312.1,1661,60.0,13,1,0,0,1,0,0,Failure Risk,Power Failure
735,L10734,L,297.8,306.6,1697,27.2,19,0,0,0,0,0,0,Healthy,None
736,H10735,H,297.7,307.2,1344,42.8,44,0,0,0,0,0,0,Healthy,None
737,L10736,L,302.5,312.9,1747,54.9,87,1,0,0,1,0,0,Failure Risk,Power Failure
738,H10737,H,297.7,307.7,1481,36.3,46,0,0,0,0,0,0,Healthy,None
739,L10738,L,301.0,310.9,1428,32.5,238,0,0,0,0,0,0,Healthy,None
740,L10739,L,298.8,310.7,1649,47.6,56,0,0,0,0,0,0,Healthy,None
741,L10740,L,303.2,313.9,1642,49.9,30,0,0,0,0,0,0,Healthy,None
742,L10741,L,298.5,309.4,1386,32.1,179,0,0,0,0,0,0,Healthy,None
743,M10742,M,302.3,312.1,1906,54.5,99,1,0,0,1,0,0,Failure Risk,Power Failure
744,M10743,M,300.4,310.6,1862,40.5,206,1,1,0,0,0,0,Failure Risk,Tool Wear Failure
745,L10744,L,300.5,310.1,1646,45.0,45,0,0,0,0,0,0,Healthy,None
746,H10745,H,296.1,306.9,1615,54.7,134,1,0,0,1,0,0,Failure Risk,Power Failure
747,L10746,L,295.6,305.5,1597,47.6,48,0,0,0,0,0,0,Healthy,None
748,M10747,M,299.6,309.8,1260,40.0,150,0,0,0,0,0,0,Healthy,None
749,H10748,H,300.5,310.7,1558,33.4,220,0,0,0,0,0,0,Healthy,None
750,M10749,M,297.7,307.7,1555,66.8,40,1,0,0,1,0,0,Failure Risk,Power Failure
751,L10750,L,297.8,310.7,1434,32.2,131,0,0,0,0,0,0,Healthy,None
752,H10751,H,301.1,310.4,1482,43.1,94,0,0,0,0,0,0,Healthy,None
753,M10752,M,301.1,310.4,1168,45.0,81,0,0,0,0,0,0,Healthy,None
754,L10753,L,299.7,310.4,1341,45.5,108,0,0,0,0,0,0,Healthy,None
755,L10754,L,301.6,311.0,1703,61.1,158,1,0,0,1,0,0,Failure Risk,Power Failure
756,M10755,M,297.7,307.4,1847,40.5,46,0,0,0,0,0,0,Healthy,None
757,M10756,M,299.3,308.2,1369,39.1,99,0,0,0,0,0,0,Healthy,None
758,M10757,M,303.3,313.8,1570,55.4,17,1,0,0,1,0,0,Failure Risk,Power Failure
759,H10758,H,300.1,310.6,1734,38.7,201,0,0,0,0,0,0,Healthy,None
760,M10759,M,300.3,310.0,1444,48.7,6,0,0,0,0,0,0,Healthy,None
761,L10760,L,304.6,315.3,1659,41.9,37,0,0,0,0,0,0,Healthy,None
762,L10761,L,297.2,305.3,1531,49.1,172,0,0,0,0,0,0,Healthy,None
763,L10762,L,301.6,310.9,1751,47.2,27,0,0,0,0,0,0,Healthy,None
764,M10763,M,303.3,313.1,1308,36.0,186,0,0,0,0,0,0,Healthy,None
765,L10764,L,299.4,308.2,1340,21.7,17,1,0,0,1,0,0,Failure Risk,Power Failure
766,M10765,M,301.7,310.0,1588,23.4,222,0,0,0,0,0,0,Healthy,None
767,M10766,M,298.0,307.7,1555,21.8,245,1,1,0,0,0,0,Failure Risk,Tool Wear Failure
768,H10767,H,298.6,309.3,1527,39.1,8,0,0,0,0,0,0,Healthy,None
769,L10768,L,300.8,312.1,1641,16.7,106,1,0,0,1,0,0,Failure Risk,Power Failure
770,H10769,H,301.6,311.1,1371,38.4,15,0,0,0,0,0,0,Healthy,None
771,L10770,L,302.2,312.9,1292,41.3,61,0,0,0,0,0,0,Healthy,None
772,H10771,H,303.1,313.7,1448,48.5,127,0,0,0,0,0,0,Healthy,None
773,L10772,L,299.9,311.1,1468,45.0,39,0,0,0,0,0,0,Healthy,None
774,L10773,L,302.4,312.0,1487,48.9,216,1,1,0,0,0,0,Failure Risk,Tool Wear Failure
775,M10774,M,299.3,307.5,1765,44.1,100,0,0,0,0,0,0,Healthy,None
776,L10775,L,301.8,311.9,1675,36.8,93,0,0,0,0,0,0,Healthy,None
777,L10776,L,300.4,309.4,1633,39.0,238,1,1,0,0,0,0,Failure Risk,Tool Wear Failure
778,M10777,M,300.9,310.2,1577,31.6,57,0,0,0,0,0,0,Healthy,None
779,M10778,M,300.8,310.5,1460,42.3,193,0,0,0,0,0,0,Healthy,None
780,M10779,M,296.8,306.5,1385,24.3,196,0,0,0,0,0,0,Healthy,None
781,M10780,M,297.8,307.9,1323,50.6,105,0,0,0,0,0,0,Healthy,None
782,M10781,M,300.2,310.9,1413,30.5,93,0,0,0,0,0,0,Healthy,None
783,L10782,L,296.6,306.2,1530,41.5,18,0,0,0,0,0,0,Healthy,None
784,L10783,L,301.7,312.1,1331,43.2,205,0,0,0,0,0,0,Healthy,None
785,L10784,L,301.7,311.7,1568,51.5,26,0,0,0,0,0,0,Healthy,None
786,H10785,H,300.7,311.6,1503,23.4,29,0,0,0,0,0,0,Healthy,None
787,M10786,M,297.8,307.6,1466,36.8,44,0,0,0,0,0,0,Healthy,None
788,L10787,L,302.8,312.7,1745,45.4,205,0,0,0,0,0,0,Healthy,None
789,L10788,L,304.1,313.7,1168,57.3,158,0,0,0,0,0,0,Healthy,None
790,H10789,H,300.3,310.1,1469,39.6,35,0,0,0,0,0,0,Healthy,None
791,L10790,L,301.0,310.2,1168,34.1,166,0,0,0,0,0,0,Healthy,None
792,M10791,M,300.4,309.5,1580,60.1,49,1,0,0,1,0,0,Failure Risk,Power Failure
793,M10792,M,301.1,311.9,1674,47.9,93,0,0,0,0,0,0,Healthy,None
794,M10793,M,299.8,308.7,1296,53.6,37,0,0,0,0,0,0,Healthy,None
795,L10794,L,299.9,309.6,1319,28.0,238,0,0,0,0,0,0,Healthy,None
796,H10795,H,301.8,312.8,1234,45.2,138,0,0,0,0,0,0,Healthy,None
797,H10796,H,304.7,314.3,1549,29.3,80,0,0,0,0,0,0,Healthy,None
798,M10797,M,297.2,308.0,1476,27.1,73,0,0,0,0,0,0,Healthy,None
799,M10798,M,299.8,309.2,1488,45.8,15,0,0,0,0,0,0,Healthy,None
800,H10799,H,297.6,306.5,1472,46.5,178,0,0,0,0,0,0,Healthy,None
801,M10800,M,303.2,311.6,1363,35.2,202,1,1,1,0,0,0,Failure Risk,"Tool Wear Failure, Heat Dissipation Failure"
802,L10801,L,298.8,310.1,1740,54.2,166,1,0,0,1,0,0,Failure Risk,Power Failure
803,M10802,M,297.1,306.0,1586,36.3,250,0,0,0,0,0,0,Healthy,None
804,M10803,M,301.3,312.0,1325,37.3,91,0,0,0,0,0,0,Healthy,None
805,L10804,L,303.5,312.5,1412,39.6,212,1,1,0,0,0,0,Failure Risk,Tool Wear Failure
806,M10805,M,301.3,312.6,1381,37.6,219,0,0,0,0,0,0,Healthy,None
807,H10806,H,300.4,312.6,1789,52.6,247,1,0,0,1,0,0,Failure Risk,Power Failure
808,H10807,H,300.8,309.1,1665,29.7,246,0,0,0,0,0,0,Healthy,None
809,L10808,L,302.8,311.7,1515,32.5,150,0,0,0,0,0,0,Healthy,None
810,L10809,L,298.3,309.1,1843,28.2,109,0,0,0,0,0,0,Healthy,None
811,H10810,H,299.8,310.3,1797,58.6,64,1,0,0,1,0,0,Failure Risk,Power Failure
812,H10811,H,299.1,309.9,1496,36.8,48,0,0,0,0,0,0,Healthy,None
813,L10812,L,297.7,307.1,1464,32.4,188,0,0,0,0,0,0,Healthy,None
814,H10813,H,299.3,311.3,1473,37.2,181,0,0,0,0,0,0,Healthy,None
815,H10814,H,302.2,312.3,1367,48.4,140,0,0,0,0,0,0,Healthy,None
816,M10815,M,301.1,309.9,1848,46.6,199,1,0,0,1,0,0,Failure Risk,Power Failure
817,M10816,M,301.3,311.0,1357,34.3,82,0,0,0,0,0,0,Healthy,None
818,L10817,L,300.3,309.1,1693,36.0,151,0,0,0,0,0,0,Healthy,None
819,L10818,L,301.0,312.6,1661,25.6,103,0,0,0,0,0,0,Healthy,None
820,L10819,L,298.4,307.7,1483,41.4,176,0,0,0,0,0,0,Healthy,None
821,H10820,H,299.4,309.9,1861,52.7,122,1,0,0,1,0,0,Failure Risk,Power Failure
822,L10821,L,300.4,309.9,1258,34.2,164,0,0,0,0,0,0,Healthy,None
823,L10822,L,300.6,310.0,1523,46.3,216,1,1,0,0,0,0,Failure Risk,Tool Wear Failure
824,L10823,L,300.6,308.7,1450,34.2,106,0,0,0,0,0,0,Healthy,None
825,M10824,M,299.7,310.3,1709,29.2,25,0,0,0,0,0,0,Healthy,None
826,H10825,H,299.2,310.5,1601,46.7,109,0,0,0,0,0,0,Healthy,None
827,L10826,L,306.3,315.4,1228,63.2,169,0,0,0,0,0,0,Healthy,None
828,L10827,L,301.8,310.3,1759,45.4,218,0,0,0,0,0,0,Healthy,None
829,M10828,M,300.8,311.6,1624,35.9,223,0,0,0,0,0,0,Healthy,None
830,L10829,L,299.5,307.9,1352,36.5,235,1,0,1,0,0,0,Failure Risk,Heat Dissipation Failure
831,L10830,L,299.1,310.3,1475,58.9,2,1,0,0,1,0,0,Failure Risk,Power Failure
832,L10831,L,299.7,308.8,1305,43.0,104,0,0,0,0,0,0,Healthy,None
833,L10832,L,300.6,309.5,1507,32.4,188,0,0,0,0,0,0,Healthy,None
834,L10833,L,296.2,306.4,1564,39.4,170,0,0,0,0,0,0,Healthy,None
835,L10834,L,296.9,305.9,1478,42.1,72,0,0,0,0,0,0,Healthy,None
836,L10835,L,298.7,308.0,1457,44.6,64,0,0,0,0,0,0,Healthy,None
837,H10836,H,300.4,310.8,1249,55.0,145,0,0,0,0,0,0,Healthy,None
838,L10837,L,299.5,307.1,1598,52.6,66,0,0,0,0,0,0,Healthy,None
839,M10838,M,303.0,314.6,1193,42.0,141,0,0,0,0,0,0,Healthy,None
840,M10839,M,297.0,307.0,1543,39.6,191,0,0,0,0,0,0,Healthy,None
841,L10840,L,298.5,307.2,1215,43.9,31,0,0,0,0,0,0,Healthy,None
842,M10841,M,303.0,312.0,1547,34.0,195,0,0,0,0,0,0,Healthy,None
843,L10842,L,300.3,311.3,1536,49.7,187,0,0,0,0,0,0,Healthy,None
844,H10843,H,301.8,312.4,1610,38.0,100,0,0,0,0,0,0,Healthy,None
845,L10844,L,304.1,315.5,1692,44.9,148,0,0,0,0,0,0,Healthy,None
846,L10845,L,298.6,307.9,1725,57.0,105,1,0,0,1,0,0,Failure Risk,Power Failure
847,L10846,L,299.8,310.1,1249,45.5,154,0,0,0,0,0,0,Healthy,None
848,H10847,H,299.5,309.9,1527,42.3,132,0,0,0,0,0,0,Healthy,None
849,M10848,M,296.1,306.8,1897,34.9,66,0,0,0,0,0,0,Healthy,None
850,M10849,M,299.4,310.5,1559,39.2,213,1,1,0,0,0,0,Failure Risk,Tool Wear Failure
851,L10850,L,301.8,311.1,1389,28.8,211,0,0,0,0,0,0,Healthy,None
852,M10851,M,301.1,311.0,1523,45.3,168,0,0,0,0,0,0,Healthy,None
853,L10852,L,301.2,310.6,1469,18.9,107,1,0,0,1,0,0,Failure Risk,Power Failure
854,H10853,H,299.2,309.1,1327,49.6,1,0,0,0,0,0,0,Healthy,None
855,L10854,L,298.7,309.4,1693,47.2,42,0,0,0,0,0,0,Healthy,None
856,L10855,L,302.5,310.8,1642,41.0,128,0,0,0,0,0,0,Healthy,None
857,L10856,L,299.0,310.1,1299,34.7,150,0,0,0,0,0,0,Healthy,None
858,L10857,L,300.6,309.5,1521,39.8,190,0,0,0,0,0,0,Healthy,None
859,M10858,M,300.3,310.0,1436,22.4,175,1,0,0,1,0,0,Failure Risk,Power Failure
860,L10859,L,302.9,314.1,1251,48.2,24,0,0,0,0,0,0,Healthy,None
861,M10860,M,301.9,312.2,1284,38.4,89,0,0,0,0,0,0,Healthy,None
862,L10861,L,297.4,307.7,1311,55.0,120,0,0,0,0,0,0,Healthy,None
863,M10862,M,297.6,306.4,1527,43.9,66,0,0,0,0,0,0,Healthy,None
864,L10863,L,301.2,310.2,1456,42.3,251,0,0,0,0,0,0,Healthy,None
865,L10864,L,299.9,310.8,1366,44.0,94,0,0,0,0,0,0,Healthy,None
866,M10865,M,299.1,308.5,1467,30.3,90,0,0,0,0,0,0,Healthy,None
867,L10866,L,302.0,311.5,1671,35.5,204,1,1,0,0,0,0,Failure Risk,Tool Wear Failure
868,L10867,L,300.4,311.4,1601,41.3,174,0,0,0,0,0,0,Healthy,None
869,H10868,H,300.1,309.1,1717,37.0,224,0,0,0,0,0,0,Healthy,None
870,H10869,H,301.6,311.9,1497,34.3,88,0,0,0,0,0,0,Healthy,None
871,L10870,L,299.2,309.2,1824,37.2,118,0,0,0,0,0,0,Healthy,None
872,L10871,L,303.1,313.1,1600,40.4,55,0,0,0,0,0,0,Healthy,None
873,M10872,M,298.4,307.9,1450,63.0,58,1,0,0,1,0,0,Failure Risk,Power Failure
874,L10873,L,301.3,310.7,1554,36.8,143,0,0,0,0,0,0,Healthy,None
875,L10874,L,302.9,311.8,1314,33.3,174,0,0,0,0,0,0,Healthy,None
876,L10875,L,297.2,307.7,1483,38.5,229,1,1,0,0,0,0,Failure Risk,Tool Wear Failure
877,M10876,M,299.3,308.6,1614,54.9,89,1,0,0,1,0,0,Failure Risk,Power Failure
878,M10877,M,302.3,313.3,1647,55.6,53,1,0,0,1,0,0,Failure Risk,Power Failure
879,L10878,L,302.3,312.1,1464,59.3,250,1,0,0,1,1,0,Failure Risk,"Power Failure, Overstrain Failure"
880,L10879,L,299.7,308.6,2027,40.6,46,0,0,0,0,0,0,Healthy,None
881,L10880,L,298.5,308.3,1507,46.4,179,0,0,0,0,0,0,Healthy,None
882,M10881,M,301.9,311.5,1237,29.6,145,0,0,0,0,0,0,Healthy,None
883,L10882,L,302.4,313.4,1755,36.5,208,1,1,0,0,0,0,Failure Risk,Tool Wear Failure
884,L10883,L,297.7,307.3,1646,29.0,45,0,0,0,0,0,0,Healthy,None
885,M10884,M,297.6,307.3,1579,44.7,117,0,0,0,0,0,0,Healthy,None
886,L10885,L,300.5,311.9,1454,40.4,216,1,1,0,0,0,0,Failure Risk,Tool Wear Failure
887,M10886,M,301.3,311.8,1608,42.2,121,0,0,0,0,0,0,Healthy,None
888,L10887,L,299.4,311.1,1827,31.6,153,0,0,0,0,0,0,Healthy,None
889,L10888,L,301.4,312.7,1574,48.4,17,0,0,0,0,0,0,Healthy,None
890,L10889,L,298.6,307.7,1274,16.2,48,1,0,0,1,0,0,Failure Risk,Power Failure
891,M10890,M,295.8,306.8,1168,37.5,192,0,0,0,0,0,0,Healthy,None
892,H10891,H,299.2,310.7,1606,38.9,109,0,0,0,0,0,0,Healthy,None
893,H10892,H,300.1,311.6,1361,20.0,134,1,0,0,1,0,0,Failure Risk,Power Failure
894,L10893,L,299.4,310.4,1520,43.8,157,0,0,0,0,0,0,Healthy,None
895,M10894,M,297.7,308.7,1393,38.3,96,0,0,0,0,0,0,Healthy,None
896,L10895,L,296.4,306.1,1380,45.6,152,0,0,0,0,0,0,Healthy,None
897,L10896,L,299.0,308.2,1401,59.8,24,0,0,0,0,0,0,Healthy,None
898,H10897,H,301.8,311.4,1417,43.2,154,0,0,0,0,0,0,Healthy,None
899,L10898,L,302.5,310.8,1676,49.6,34,0,0,0,0,0,0,Healthy,None
900,L10899,L,302.4,313.7,1640,53.7,106,1,0,0,1,0,0,Failure Risk,Power Failure
901,L10900,L,298.4,308.1,1321,44.9,81,0,0,0,0,0,0,Healthy,None
902,L10901,L,297.7,309.0,1346,31.4,120,0,0,0,0,0,0,Healthy,None
903,L10902,L,301.0,309.8,1605,23.8,157,0,0,0,0,0,0,Healthy,None
904,M10903,M,301.3,312.4,1726,43.7,13,0,0,0,0,0,0,Healthy,None
905,L10904,L,300.8,310.3,1723,36.0,162,0,0,0,0,0,0,Healthy,None
906,H10905,H,296.0,304.7,1358,52.7,33,0,0,0,0,0,0,Healthy,None
907,H10906,H,298.3,309.9,1715,35.3,211,0,0,0,0,0,0,Healthy,None
908,L10907,L,299.9,311.0,1220,39.9,142,0,0,0,0,0,0,Healthy,None
909,L10908,L,301.0,311.2,1501,28.5,6,0,0,0,0,0,0,Healthy,None
910,L10909,L,301.5,311.5,1625,36.6,140,0,0,0,0,0,0,Healthy,None
911,M10910,M,300.3,310.7,1168,30.7,227,0,0,0,0,0,0,Healthy,None
912,L10911,L,300.7,310.9,1912,31.6,167,0,0,0,0,0,0,Healthy,None
913,M10912,M,300.2,309.4,1775,39.5,187,0,0,0,0,0,0,Healthy,None
914,L10913,L,301.4,311.0,1653,34.0,244,1,1,0,0,0,0,Failure Risk,Tool Wear Failure
915,M10914,M,300.6,312.6,1365,66.0,33,1,0,0,1,0,0,Failure Risk,Power Failure
916,L10915,L,300.1,312.8,1525,48.3,12,0,0,0,0,0,0,Healthy,None
917,L10916,L,299.5,311.1,1679,50.7,249,1,0,0,0,1,0,Failure Risk,Overstrain Failure
918,H10917,H,300.2,310.7,1337,38.9,3,0,0,0,0,0,0,Healthy,None
919,M10918,M,301.0,310.7,1505,41.0,140,0,0,0,0,0,0,Healthy,None
920,L10919,L,300.5,309.7,1700,35.7,47,0,0,0,0,0,0,Healthy,None
921,H10920,H,300.8,310.1,1270,66.0,107,0,0,0,0,0,0,Healthy,None
922,L10921,L,302.7,312.1,1597,38.9,140,0,0,0,0,0,0,Healthy,None
923,H10922,H,300.5,312.7,1223,34.0,214,0,0,0,0,0,0,Healthy,None
924,M10923,M,298.7,310.5,1369,32.5,92,0,0,0,0,0,0,Healthy,None
925,L10924,L,301.8,312.5,1447,43.3,32,0,0,0,0,0,0,Healthy,None
926,L10925,L,297.3,306.3,1629,54.1,22,1,0,0,1,0,0,Failure Risk,Power Failure
927,L10926,L,297.8,308.7,1412,50.8,66,0,0,0,0,0,0,Healthy,None
928,M10927,M,300.7,310.5,1560,32.5,159,0,0,0,0,0,0,Healthy,None
929,M10928,M,301.0,308.8,1414,32.3,182,0,0,0,0,0,0,Healthy,None
930,L10929,L,297.5,307.8,1443,52.3,2,0,0,0,0,0,0,Healthy,None
931,L10930,L,299.2,308.4,1761,60.8,139,1,0,0,1,0,0,Failure Risk,Power Failure
932,H10931,H,298.8,308.0,1332,38.6,123,0,0,0,0,0,0,Healthy,None
933,H10932,H,299.0,308.7,1673,51.9,55,1,0,0,1,0,0,Failure Risk,Power Failure
934,M10933,M,301.9,311.4,1537,25.5,195,0,0,0,0,0,0,Healthy,None
935,L10934,L,301.4,311.4,1434,31.6,32,0,0,0,0,0,0,Healthy,None
936,L10935,L,300.0,309.9,1320,30.0,31,0,0,0,0,0,0,Healthy,None
937,L10936,L,298.9,307.0,1332,44.1,144,1,0,1,0,0,0,Failure Risk,Heat Dissipation Failure
938,H10937,H,297.3,308.8,1405,38.2,179,0,0,0,0,0,0,Healthy,None
939,L10938,L,302.8,311.8,1511,42.4,72,0,0,0,0,0,0,Healthy,None
940,M10939,M,301.2,310.2,1646,52.1,4,0,0,0,0,0,0,Healthy,None
941,L10940,L,298.6,308.3,1484,33.5,252,0,0,0,0,0,0,Healthy,None
942,M10941,M,301.4,311.3,1496,40.9,20,0,0,0,0,0,0,Healthy,None
943,M10942,M,299.9,311.4,1522,26.8,2,0,0,0,0,0,0,Healthy,None
944,H10943,H,299.4,309.7,1623,51.5,116,0,0,0,0,0,0,Healthy,None
945,L10944,L,300.9,311.5,1653,50.9,230,1,0,0,0,1,0,Failure Risk,Overstrain Failure
946,L10945,L,298.5,308.8,1289,43.6,194,0,0,0,0,0,0,Healthy,None
947,L10946,L,299.3,309.5,1487,41.2,36,0,0,0,0,0,0,Healthy,None
948,H10947,H,300.2,310.5,1757,35.0,235,0,0,0,0,0,0,Healthy,None
949,H10948,H,299.0,307.1,1302,26.2,34,1,0,1,0,0,0,Failure Risk,Heat Dissipation Failure
950,M10949,M,301.3,311.1,1551,43.0,32,0,0,0,0,0,0,Healthy,None
951,M10950,M,303.7,314.9,1507,47.5,181,0,0,0,0,0,0,Healthy,None
952,M10951,M,298.5,312.4,1436,60.0,2,1,0,0,1,0,0,Failure Risk,Power Failure
953,L10952,L,296.7,305.5,1822,36.1,175,0,0,0,0,0,0,Healthy,None
954,H10953,H,296.0,306.4,1544,42.7,145,0,0,0,0,0,0,Healthy,None
955,L10954,L,299.7,309.1,1808,51.0,130,1,0,0,1,0,0,Failure Risk,Power Failure
956,L10955,L,298.7,310.7,1539,51.3,92,0,0,0,0,0,0,Healthy,None
957,M10956,M,300.4,309.0,1620,33.8,100,0,0,0,0,0,0,Healthy,None
958,L10957,L,300.3,310.9,1434,37.2,132,0,0,0,0,0,0,Healthy,None
959,L10958,L,296.8,305.4,1436,34.8,8,0,0,0,0,0,0,Healthy,None
960,M10959,M,296.4,306.1,1611,31.1,203,1,1,0,0,0,0,Failure Risk,Tool Wear Failure
961,L10960,L,300.6,310.6,1614,54.6,15,1,0,0,1,0,0,Failure Risk,Power Failure
962,M10961,M,300.3,311.4,1645,40.6,90,0,0,0,0,0,0,Healthy,None
963,L10962,L,299.1,308.0,1605,39.3,72,0,0,0,0,0,0,Healthy,None
964,L10963,L,296.7,307.4,1298,42.5,177,0,0,0,0,0,0,Healthy,None
965,L10964,L,300.9,310.9,1393,40.5,250,1,1,0,0,0,1,Failure Risk,"Tool Wear Failure, Random Failure"
966,L10965,L,302.5,312.8,1690,37.8,245,1,1,0,0,0,0,Failure Risk,Tool Wear Failure
967,M10966,M,300.6,311.6,1187,32.5,252,1,1,0,0,0,0,Failure Risk,Tool Wear Failure
968,L10967,L,298.3,307.0,1590,55.5,184,1,0,0,1,0,0,Failure Risk,Power Failure
969,M10968,M,300.1,310.9,1517,34.4,56,0,0,0,0,0,0,Healthy,None
970,L10969,L,297.3,306.7,1690,30.8,106,0,0,0,0,0,0,Healthy,None
971,M10970,M,302.1,313.2,1612,39.2,85,0,0,0,0,0,0,Healthy,None
972,H10971,H,300.2,310.5,1419,61.4,16,1,0,0,1,0,0,Failure Risk,Power Failure
973,M10972,M,296.5,306.3,1411,31.9,64,0,0,0,0,0,0,Healthy,None
974,L10973,L,299.4,308.8,1444,47.0,56,0,0,0,0,0,0,Healthy,None
975,L10974,L,300.9,311.7,1641,37.6,190,0,0,0,0,0,0,Healthy,None
976,L10975,L,299.3,310.6,1168,42.4,194,0,0,0,0,0,0,Healthy,None
977,M10976,M,299.4,308.9,1566,49.1,4,0,0,0,0,0,0,Healthy,None
978,L10977,L,297.6,306.5,1379,23.0,149,1,0,0,1,0,0,Failure Risk,Power Failure
979,L10978,L,301.1,311.8,1572,31.1,128,0,0,0,0,0,0,Healthy,None
980,M10979,M,298.7,307.3,1599,49.0,174,0,0,0,0,0,0,Healthy,None
981,L10980,L,295.7,304.4,1240,41.0,176,0,0,0,0,0,0,Healthy,None
982,M10981,M,299.3,308.2,1497,42.1,131,0,0,0,0,0,0,Healthy,None
983,L10982,L,302.0,311.6,1565,47.0,149,0,0,0,0,0,0,Healthy,None
984,L10983,L,299.2,307.9,1553,31.2,87,0,0,0,0,0,0,Healthy,None
985,M10984,M,303.5,311.6,1516,50.4,182,0,0,0,0,0,0,Healthy,None
986,L10985,L,300.9,309.8,1319,48.1,31,0,0,0,0,0,0,Healthy,None
987,M10986,M,300.7,311.3,1346,42.4,109,0,0,0,0,0,0,Healthy,None
988,L10987,L,299.7,308.4,1291,44.6,65,0,0,0,0,0,0,Healthy,None
989,L10988,L,299.9,309.6,1637,51.5,99,0,0,0,0,0,0,Healthy,None
990,H10989,H,299.5,311.4,1517,34.1,196,0,0,0,0,0,0,Healthy,None
991,M10990,M,299.4,309.4,1528,46.5,247,1,1,0,0,0,0,Failure Risk,Tool Wear Failure
992,M10991,M,301.1,311.4,1232,57.3,70,0,0,0,0,0,0,Healthy,None
993,L10992,L,298.1,307.2,1531,46.3,227,0,0,0,0,0,0,Healthy,None
994,M10993,M,297.8,310.0,1651,37.8,231,1,1,0,0,0,0,Failure Risk,Tool Wear Failure
995,L10994,L,297.8,307.3,1208,63.0,234,1,0,0,0,1,0,Failure Risk,Overstrain Failure
996,L10995,L,304.1,313.9,1442,42.3,7,0,0,0,0,0,0,Healthy,None
997,H10996,H,301.1,312.4,1256,53.8,35,0,0,0,0,0,0,Healthy,None
998,L10997,L,300.6,310.4,1462,35.8,234,0,0,0,0,0,0,Healthy,None
999,H10998,H,297.9,307.9,1376,50.6,11,0,0,0,0,0,0,Healthy,None
1000,L10999,L,301.2,310.9,1606,34.6,155,0,0,0,0,0,0,Healthy,None
1001,L11000,L,299.8,309.5,1568,43.2,1,0,0,0,0,0,0,Healthy,None
1002,M11001,M,300.4,310.8,1769,34.0,110,0,0,0,0,0,0,Healthy,None
1003,H11002,H,298.0,308.6,1528,58.8,77,1,0,0,1,0,0,Failure Risk,Power Failure
1004,M11003,M,300.3,309.7,1598,37.8,146,0,0,0,0,0,0,Healthy,None
1005,H11004,H,299.2,308.4,1438,29.0,84,0,0,0,0,0,0,Healthy,None
1006,M11005,M,298.5,307.9,1340,40.9,221,0,0,0,0,0,0,Healthy,None
1007,M11006,M,301.5,310.1,1687,45.3,48,0,0,0,0,0,0,Healthy,None
1008,H11007,H,296.9,305.3,1760,39.7,111,0,0,0,0,0,0,Healthy,None
1009,L11008,L,301.1,311.4,1664,31.9,36,0,0,0,0,0,0,Healthy,None
1010,L11009,L,301.4,312.3,1561,50.3,179,0,0,0,0,0,0,Healthy,None
1011,L11010,L,298.2,309.1,1363,52.5,212,1,0,0,0,1,0,Failure Risk,Overstrain Failure
1012,H11011,H,298.4,306.0,1742,23.7,219,0,0,0,0,0,0,Healthy,None
1013,H11012,H,299.6,309.4,1641,31.3,59,0,0,0,0,0,0,Healthy,None
1014,L11013,L,300.6,309.5,1900,38.4,224,0,0,0,0,0,0,Healthy,None
1015,M11014,M,299.7,309.8,1331,34.7,41,0,0,0,0,0,0,Healthy,None
1016,H11015,H,300.9,310.5,1692,45.2,6,0,0,0,0,0,0,Healthy,None
1017,L11016,L,303.5,314.1,1636,58.2,41,1,0,0,1,0,0,Failure Risk,Power Failure
1018,M11017,M,299.0,309.0,1476,36.2,184,0,0,0,0,0,0,Healthy,None
1019,H11018,H,296.6,304.7,1782,55.6,15,1,0,0,1,0,0,Failure Risk,Power Failure
1020,L11019,L,301.7,310.7,1610,25.5,228,1,1,0,0,0,0,Failure Risk,Tool Wear Failure
1021,M11020,M,303.4,313.4,1370,44.5,114,0,0,0,0,0,0,Healthy,None
1022,L11021,L,300.8,310.9,1516,34.1,152,0,0,0,0,0,0,Healthy,None
1023,H11022,H,297.8,306.4,1368,44.7,165,1,0,1,0,0,0,Failure Risk,Heat Dissipation Failure
1024,H11023,H,299.8,308.3,1454,22.6,43,1,0,0,1,0,0,Failure Risk,Power Failure
1025,H11024,H,297.8,307.9,1663,27.3,37,0,0,0,0,0,0,Healthy,None
1026,L11025,L,301.3,309.9,1715,44.7,233,1,1,0,0,0,0,Failure Risk,Tool Wear Failure
1027,H11026,H,297.3,305.6,1577,33.8,233,0,0,0,0,0,0,Healthy,None
1028,H11027,H,299.4,309.0,1403,36.8,44,0,0,0,0,0,0,Healthy,None
1029,L11028,L,298.0,307.5,1606,58.2,242,1,0,0,1,1,0,Failure Risk,"Power Failure, Overstrain Failure"
1030,H11029,H,300.3,309.4,1667,41.4,157,0,0,0,0,0,0,Healthy,None
1031,L11030,L,299.3,308.6,1184,48.9,208,1,1,0,0,0,0,Failure Risk,Tool Wear Failure
1032,M11031,M,300.4,310.4,1558,32.5,143,0,0,0,0,0,0,Healthy,None
1033,L11032,L,300.0,309.3,1503,26.7,131,0,0,0,0,0,0,Healthy,None
1034,L11033,L,298.0,308.1,1708,39.2,93,0,0,0,0,0,0,Healthy,None
1035,L11034,L,301.3,310.9,1607,25.2,211,0,0,0,0,0,0,Healthy,None
1036,M11035,M,299.9,310.1,1624,33.1,34,0,0,0,0,0,0,Healthy,None
1037,L11036,L,298.0,308.9,1451,42.4,60,0,0,0,0,0,0,Healthy,None
1038,M11037,M,304.5,315.3,1538,38.9,250,1,1,0,0,0,0,Failure Risk,Tool Wear Failure
1039,L11038,L,301.0,312.3,1706,43.3,132,0,0,0,0,0,0,Healthy,None
1040,L11039,L,299.7,310.5,1526,45.9,108,0,0,0,0,0,0,Healthy,None
1041,M11040,M,302.8,313.0,1569,28.2,77,0,0,0,0,0,0,Healthy,None
1042,M11041,M,303.7,313.3,1263,30.7,127,0,0,0,0,0,0,Healthy,None
1043,L11042,L,299.7,309.3,1525,18.4,168,1,0,0,1,0,0,Failure Risk,Power Failure
1044,M11043,M,300.7,309.8,1177,36.3,40,0,0,0,0,0,0,Healthy,None
1045,H11044,H,298.0,308.0,1445,47.3,103,0,0,0,0,0,0,Healthy,None
1046,M11045,M,299.7,310.4,1549,54.8,27,0,0,0,0,0,0,Healthy,None
1047,L11046,L,299.6,308.9,1675,41.9,137,0,0,0,0,0,0,Healthy,None
1048,L11047,L,300.4,310.4,1359,53.6,117,0,0,0,0,0,0,Healthy,None
1049,H11048,H,300.7,310.0,1604,43.8,124,0,0,0,0,0,0,Healthy,None
1050,L11049,L,301.1,311.3,1800,41.1,179,0,0,0,0,0,0,Healthy,None
1051,H11050,H,300.5,310.0,1423,33.9,221,1,1,0,0,0,0,Failure Risk,Tool Wear Failure
1052,M11051,M,297.6,306.9,1261,16.4,113,1,0,0,1,0,0,Failure Risk,Power Failure
1053,H11052,H,298.1,307.4,1589,52.1,159,0,0,0,0,0,0,Healthy,None
1054,M11053,M,298.9,309.4,1324,39.5,203,0,0,0,0,0,0,Healthy,None
1055,H11054,H,299.4,309.3,1391,53.7,44,0,0,0,0,0,0,Healthy,None
1056,L11055,L,302.1,311.7,1703,30.6,15,0,0,0,0,0,0,Healthy,None
1057,M11056,M,297.7,308.0,1873,64.0,89,1,0,0,1,0,0,Failure Risk,Power Failure
1058,L11057,L,299.3,308.9,1358,37.5,191,0,0,0,0,0,0,Healthy,None
1059,L11058,L,301.9,313.0,1406,33.1,34,0,0,0,0,0,0,Healthy,None
1060,M11059,M,299.4,308.4,1459,37.9,104,0,0,0,0,0,0,Healthy,None
1061,H11060,H,300.9,310.7,1439,41.7,207,1,1,0,0,0,0,Failure Risk,Tool Wear Failure
1062,H11061,H,299.7,308.3,1884,39.3,144,0,0,0,0,0,0,Healthy,None
1063,M11062,M,300.5,310.2,1443,34.9,111,0,0,0,0,0,0,Healthy,None
1064,L11063,L,299.5,307.8,1468,22.1,214,1,0,0,1,0,0,Failure Risk,Power Failure
1065,L11064,L,301.3,312.0,1827,32.0,169,0,0,0,0,0,0,Healthy,None
1066,M11065,M,296.9,307.7,1641,50.6,149,0,0,0,0,0,0,Healthy,None
1067,L11066,L,299.3,310.1,1714,31.3,177,0,0,0,0,0,0,Healthy,None
1068,L11067,L,300.6,310.6,1375,23.0,20,1,0,0,1,0,0,Failure Risk,Power Failure
1069,L11068,L,301.1,310.2,1443,29.6,225,1,1,0,0,0,0,Failure Risk,Tool Wear Failure
1070,L11069,L,303.0,312.2,1351,39.1,45,0,0,0,0,0,0,Healthy,None
1071,L11070,L,299.2,310.7,1681,32.5,56,0,0,0,0,0,0,Healthy,None
1072,L11071,L,303.0,314.4,1757,37.2,4,0,0,0,0,0,0,Healthy,None
1073,L11072,L,298.7,308.8,1430,32.1,229,0,0,0,0,0,0,Healthy,None
1074,L11073,L,302.7,312.2,1472,50.0,51,0,0,0,0,0,0,Healthy,None
1075,H11074,H,301.6,313.0,1480,44.9,158,0,0,0,0,0,0,Healthy,None
1076,L11075,L,298.2,307.5,1261,62.0,160,0,0,0,0,0,0,Healthy,None
1077,L11076,L,300.6,310.8,1417,36.2,174,0,0,0,0,0,0,Healthy,None
1078,M11077,M,299.9,311.3,1676,37.2,130,0,0,0,0,0,0,Healthy,None
1079,L11078,L,301.3,310.5,1381,51.7,52,0,0,0,0,0,0,Healthy,None
1080,H11079,H,299.6,310.4,1554,43.9,82,0,0,0,0,0,0,Healthy,None
1081,M11080,M,299.4,309.9,1303,30.7,183,0,0,0,0,0,0,Healthy,None
1082,L11081,L,302.7,312.7,1512,45.5,17,0,0,0,0,0,0,Healthy,None
1083,L11082,L,299.8,308.8,1437,43.9,155,0,0,0,0,0,0,Healthy,None
1084,H11083,H,301.7,311.0,1319,22.2,142,1,0,0,1,0,0,Failure Risk,Power Failure
1085,H11084,H,299.5,309.8,1679,33.6,49,0,0,0,0,0,0,Healthy,None
1086,L11085,L,303.3,311.9,1689,41.9,160,0,0,0,0,0,0,Healthy,None
1087,M11086,M,298.6,308.7,1364,54.3,27,0,0,0,0,0,0,Healthy,None
1088,L11087,L,298.8,309.3,1499,46.9,45,0,0,0,0,0,0,Healthy,None
1089,H11088,H,303.0,314.0,1545,34.4,112,0,0,0,0,0,0,Healthy,None
1090,L11089,L,299.1,307.7,1213,33.0,115,1,0,1,0,0,0,Failure Risk,Heat Dissipation Failure
1091,H11090,H,303.2,314.5,1287,47.9,71,0,0,0,0,0,0,Healthy,None
1092,M11091,M,301.8,313.5,1768,16.0,119,1,0,0,1,0,0,Failure Risk,Power Failure
1093,M11092,M,299.7,310.1,1347,32.0,231,1,1,0,0,0,0,Failure Risk,Tool Wear Failure
1094,M11093,M,296.4,305.4,1763,54.0,250,1,0,0,1,1,0,Failure Risk,"Power Failure, Overstrain Failure"
1095,L11094,L,300.0,309.7,1297,42.9,112,0,0,0,0,0,0,Healthy,None
1096,L11095,L,300.2,310.2,1655,32.5,93,0,0,0,0,0,0,Healthy,None
1097,L11096,L,302.3,312.6,1482,28.1,0,0,0,0,0,0,0,Healthy,None
1098,L11097,L,303.2,313.2,1507,48.3,198,0,0,0,0,0,0,Healthy,None
1099,M11098,M,298.6,308.9,1870,40.8,182,0,0,0,0,0,0,Healthy,None
1100,L11099,L,301.6,311.5,1313,37.8,57,0,0,0,0,0,0,Healthy,None
1101,L11100,L,301.5,311.8,1644,43.7,205,0,0,0,0,0,0,Healthy,None
1102,H11101,H,302.1,311.6,1637,41.6,148,0,0,0,0,0,0,Healthy,None
1103,H11102,H,301.0,310.7,2138,40.9,55,1,0,0,1,0,0,Failure Risk,Power Failure
1104,H11103,H,296.1,305.5,1345,26.9,69,0,0,0,0,0,0,Healthy,None
1105,H11104,H,299.7,311.6,1425,29.8,144,0,0,0,0,0,0,Healthy,None
1106,L11105,L,297.7,309.2,1684,47.4,77,0,0,0,0,0,0,Healthy,None
1107,L11106,L,299.6,310.2,1502,45.5,134,0,0,0,0,0,0,Healthy,None
1108,M11107,M,302.0,313.3,1455,43.8,78,0,0,0,0,0,0,Healthy,None
1109,M11108,M,300.6,311.4,1709,34.2,71,0,0,0,0,0,0,Healthy,None
1110,L11109,L,302.3,312.5,1490,47.6,187,0,0,0,0,0,0,Healthy,None
1111,H11110,H,300.7,309.2,1378,36.3,247,1,0,1,0,0,0,Failure Risk,Heat Dissipation Failure
1112,L11111,L,297.4,307.1,1667,52.9,175,1,0,0,1,0,0,Failure Risk,Power Failure
1113,L11112,L,295.0,304.7,1605,32.6,9,0,0,0,0,0,0,Healthy,None
1114,M11113,M,300.3,309.2,1482,34.8,220,0,0,0,0,0,0,Healthy,None
1115,M11114,M,299.6,308.1,1473,38.5,126,0,0,0,0,0,0,Healthy,None
1116,M11115,M,298.0,308.5,1374,48.4,40,0,0,0,0,0,0,Healthy,None
1117,L11116,L,296.6,306.9,1667,39.7,146,0,0,0,0,0,0,Healthy,None
1118,H11117,H,298.5,307.3,1473,40.4,189,0,0,0,0,0,0,Healthy,None
1119,L11118,L,299.6,308.9,1400,36.1,193,0,0,0,0,0,0,Healthy,None
1120,L11119,L,301.3,312.5,1307,42.7,135,0,0,0,0,0,0,Healthy,None
1121,H11120,H,300.4,309.5,1608,39.3,157,0,0,0,0,0,0,Healthy,None
1122,H11121,H,303.2,313.4,1446,32.2,106,0,0,0,0,0,0,Healthy,None
1123,H11122,H,297.9,307.7,1177,41.3,163,0,0,0,0,0,0,Healthy,None
1124,H11123,H,301.8,312.3,1322,41.5,177,0,0,0,0,0,0,Healthy,None
1125,M11124,M,300.1,309.2,1496,63.3,81,1,0,0,1,0,0,Failure Risk,Power Failure
1126,M11125,M,301.4,311.5,1501,34.0,129,0,0,0,0,0,0,Healthy,None
1127,L11126,L,299.1,309.3,1494,31.7,4,0,0,0,0,0,0,Healthy,None
1128,L11127,L,302.1,312.3,1469,42.8,173,0,0,0,0,0,0,Healthy,None
1129,L11128,L,300.6,310.7,1273,30.2,76,0,0,0,0,0,0,Healthy,None
1130,L11129,L,298.6,308.9,1381,29.4,39,0,0,0,0,0,0,Healthy,None
1131,M11130,M,300.0,312.2,1749,25.8,184,0,0,0,0,0,0,Healthy,None
1132,L11131,L,299.5,312.1,1723,32.3,10,0,0,0,0,0,0,Healthy,None
1133,L11132,L,301.0,310.4,1641,32.6,117,0,0,0,0,0,0,Healthy,None
1134,L11133,L,297.6,305.3,1625,27.3,199,0,0,0,0,0,0,Healthy,None
1135,M11134,M,299.9,310.5,1699,37.5,238,0,0,0,0,0,0,Healthy,None
1136,L11135,L,300.8,311.0,1337,16.6,165,1,0,0,1,0,0,Failure Risk,Power Failure
1137,H11136,H,300.1,311.2,1543,44.9,16,0,0,0,0,0,0,Healthy,None
1138,L11137,L,302.7,313.0,1337,34.5,74,0,0,0,0,0,0,Healthy,None
1139,L11138,L,301.5,311.6,1340,35.9,120,0,0,0,0,0,0,Healthy,None
1140,M11139,M,300.0,311.1,1603,45.8,25,0,0,0,0,0,0,Healthy,None
1141,H11140,H,300.4,311.7,1707,43.7,38,0,0,0,0,0,0,Healthy,None
1142,L11141,L,300.6,309.2,1503,33.8,97,0,0,0,0,0,0,Healthy,None
1143,M11142,M,300.8,310.0,1833,44.5,194,0,0,0,0,0,0,Healthy,None
1144,M11143,M,296.3,306.2,1575,55.3,241,1,1,0,1,1,0,Failure Risk,"Tool Wear Failure, Power Failure, Overstrain Failure"
1145,L11144,L,299.4,309.5,1398,30.0,152,0,0,0,0,0,0,Healthy,None
1146,H11145,H,297.0,306.8,1343,47.5,87,0,0,0,0,0,0,Healthy,None
1147,M11146,M,302.6,313.0,1720,29.0,244,0,0,0,0,0,0,Healthy,None
1148,M11147,M,299.9,310.9,1560,51.6,115,0,0,0,0,0,0,Healthy,None
1149,H11148,H,299.6,311.3,1659,33.0,214,1,1,0,0,0,0,Failure Risk,Tool Wear Failure
1150,H11149,H,301.8,312.4,1168,32.6,157,0,0,0,0,0,0,Healthy,None
1151,M11150,M,300.8,309.9,1581,51.4,173,0,0,0,0,0,0,Healthy,None
1152,H11151,H,297.7,307.6,1446,47.1,40,0,0,0,0,0,0,Healthy,None
1153,M11152,M,299.9,309.8,1288,33.3,103,0,0,0,0,0,0,Healthy,None
1154,M11153,M,299.3,309.8,1526,41.3,247,1,1,0,0,0,0,Failure Risk,Tool Wear Failure
1155,M11154,M,296.5,306.9,1733,33.0,218,0,0,0,0,0,0,Healthy,None
1156,M11155,M,298.6,310.7,1943,24.2,177,0,0,0,0,0,0,Healthy,None
1157,L11156,L,299.6,309.1,1581,41.9,107,0,0,0,0,0,0,Healthy,None
1158,H11157,H,299.8,310.2,1411,36.5,171,0,0,0,0,0,0,Healthy,None
1159,H11158,H,297.0,309.4,1400,30.6,9,0,0,0,0,0,0,Healthy,None
1160,L11159,L,302.3,311.7,1710,52.9,72,1,0,0,1,0,0,Failure Risk,Power Failure
1161,H11160,H,299.8,309.9,1359,31.0,129,0,0,0,0,0,0,Healthy,None
1162,L11161,L,300.1,309.2,1649,41.4,119,0,0,0,0,0,0,Healthy,None
1163,L11162,L,300.8,310.9,1590,50.7,148,0,0,0,0,0,0,Healthy,None
1164,M11163,M,298.4,307.6,1570,37.5,202,0,0,0,0,0,0,Healthy,None
1165,L11164,L,300.9,311.9,1257,32.7,117,0,0,0,0,0,0,Healthy,None
1166,H11165,H,299.3,309.4,1474,42.9,201,0,0,0,0,0,0,Healthy,None
1167,H11166,H,298.2,307.3,1276,44.5,24,0,0,0,0,0,0,Healthy,None
1168,M11167,M,301.1,311.9,1432,48.7,231,0,0,0,0,0,0,Healthy,None
1169,L11168,L,303.0,313.2,1702,58.5,196,1,0,0,1,1,0,Failure Risk,"Power Failure, Overstrain Failure"
1170,L11169,L,301.4,312.4,1758,35.5,21,0,0,0,0,0,0,Healthy,None
1171,M11170,M,301.8,310.7,1576,41.9,196,0,0,0,0,0,0,Healthy,None
1172,H11171,H,299.0,309.4,1435,27.4,200,1,1,0,0,0,0,Failure Risk,Tool Wear Failure
1173,M11172,M,296.8,307.6,1822,46.6,10,0,0,0,0,0,0,Healthy,None
1174,L11173,L,303.0,312.6,1433,41.8,171,0,0,0,0,0,0,Healthy,None
1175,M11174,M,304.1,312.8,1334,38.2,4,0,0,0,0,0,0,Healthy,None
1176,M11175,M,303.1,313.1,1662,33.9,5,0,0,0,0,0,0,Healthy,None
1177,M11176,M,299.3,310.5,1619,36.6,224,0,0,0,0,0,0,Healthy,None
1178,L11177,L,297.7,308.8,1440,42.3,15,0,0,0,0,0,0,Healthy,None
1179,M11178,M,297.9,307.5,1555,30.4,247,1,1,0,0,0,0,Failure Risk,Tool Wear Failure
1180,M11179,M,296.6,305.3,1617,37.0,45,0,0,0,0,0,0,Healthy,None
1181,H11180,H,299.8,309.4,1574,40.2,151,0,0,0,0,0,0,Healthy,None
1182,L11181,L,303.2,312.7,1620,24.8,13,0,0,0,0,0,0,Healthy,None
1183,M11182,M,299.7,310.1,1447,29.6,23,0,0,0,0,0,0,Healthy,None
1184,H11183,H,300.6,310.5,1632,33.5,108,0,0,0,0,0,0,Healthy,None
1185,L11184,L,302.8,312.0,1541,55.5,75,0,0,0,0,0,0,Healthy,None
1186,H11185,H,299.2,310.3,1453,31.8,150,0,0,0,0,0,0,Healthy,None
1187,M11186,M,304.1,314.2,1493,39.4,166,0,0,0,0,0,0,Healthy,None
1188,L11187,L,304.0,314.4,1520,29.7,5,0,0,0,0,0,0,Healthy,None
1189,L11188,L,299.7,308.0,1279,32.3,246,1,0,1,0,0,0,Failure Risk,Heat Dissipation Failure
1190,M11189,M,298.8,306.4,1424,25.7,232,0,0,0,0,0,0,Healthy,None
1191,L11190,L,301.4,310.0,1549,46.6,20,0,0,0,0,0,0,Healthy,None
1192,M11191,M,299.3,308.8,1296,26.9,111,0,0,0,0,0,0,Healthy,None
1193,L11192,L,297.7,308.3,1427,49.0,200,1,1,0,0,0,0,Failure Risk,Tool Wear Failure
1194,M11193,M,302.6,310.3,1964,44.6,45,1,0,0,1,0,0,Failure Risk,Power Failure
1195,L11194,L,302.4,314.0,1335,39.3,104,0,0,0,0,0,0,Healthy,None
1196,H11195,H,300.3,310.5,1469,49.3,227,1,1,0,0,0,0,Failure Risk,Tool Wear Failure
1197,H11196,H,297.5,308.9,1388,70.7,168,1,0,0,1,0,0,Failure Risk,Power Failure
1198,H11197,H,297.5,306.6,1517,44.7,231,0,0,0,0,0,0,Healthy,None
1199,M11198,M,300.2,310.7,1392,28.9,237,1,1,0,0,0,0,Failure Risk,Tool Wear Failure
1200,L11199,L,299.0,309.1,1494,54.7,186,0,0,0,0,0,0,Healthy,None
1201,M11200,M,299.3,310.1,1409,41.8,196,0,0,0,0,0,0,Healthy,None
1202,L11201,L,302.0,311.8,1726,60.9,111,1,0,0,1,0,0,Failure Risk,Power Failure
1203,L11202,L,301.5,312.0,1552,35.0,169,0,0,0,0,0,0,Healthy,None
1204,L11203,L,302.8,313.9,1358,52.7,222,1,0,0,0,1,0,Failure Risk,Overstrain Failure
1205,L11204,L,298.0,307.3,1688,40.0,186,0,0,0,0,0,0,Healthy,None
1206,M11205,M,299.3,309.5,1366,66.3,162,1,0,0,1,0,0,Failure Risk,Power Failure
1207,M11206,M,301.5,309.6,1258,37.2,40,1,0,1,0,0,0,Failure Risk,Heat Dissipation Failure
1208,L11207,L,300.9,311.6,1537,69.7,66,1,0,0,1,0,0,Failure Risk,Power Failure
1209,L11208,L,303.1,315.1,1879,44.4,82,0,0,0,0,0,0,Healthy,None
1210,H11209,H,300.8,309.6,1210,48.4,82,0,0,0,0,0,0,Healthy,None
1211,L11210,L,303.7,313.6,1299,56.8,64,0,0,0,0,0,0,Healthy,None
1212,L11211,L,301.1,312.0,1672,32.2,85,0,0,0,0,0,0,Healthy,None
1213,L11212,L,302.1,312.1,1423,49.6,146,0,0,0,0,0,0,Healthy,None
1214,M11213,M,299.4,309.6,1647,37.1,217,1,1,0,0,0,0,Failure Risk,Tool Wear Failure
1215,M11214,M,300.0,309.6,1388,41.5,78,0,0,0,0,0,0,Healthy,None
1216,L11215,L,301.8,311.4,1563,40.8,146,0,0,0,0,0,0,Healthy,None
1217,L11216,L,303.2,313.1,1850,45.7,24,0,0,0,0,0,0,Healthy,None
1218,M11217,M,301.5,311.5,1324,45.2,166,0,0,0,0,0,0,Healthy,None
1219,M11218,M,299.8,308.6,1721,34.3,222,0,0,0,0,0,0,Healthy,None
1220,L11219,L,302.8,312.7,1659,41.2,93,0,0,0,0,0,0,Healthy,None
1221,H11220,H,295.6,307.2,1271,16.9,119,1,0,0,1,0,0,Failure Risk,Power Failure
1222,L11221,L,297.2,306.8,1638,49.8,160,0,0,0,0,0,0,Healthy,None
1223,L11222,L,301.4,310.2,1551,56.8,247,1,0,0,1,1,0,Failure Risk,"Power Failure, Overstrain Failure"
1224,H11223,H,300.0,309.8,1554,41.9,207,1,1,0,0,0,0,Failure Risk,Tool Wear Failure
1225,L11224,L,301.2,310.5,1598,24.1,167,0,0,0,0,0,0,Healthy,None
1226,M11225,M,300.1,308.8,1475,47.4,11,0,0,0,0,0,0,Healthy,None
1227,L11226,L,301.1,311.2,1550,32.4,91,0,0,0,0,0,0,Healthy,None
1228,L11227,L,298.4,307.7,1581,41.8,157,0,0,0,0,0,0,Healthy,None
1229,H11228,H,301.1,310.5,1671,46.8,247,0,0,0,0,0,0,Healthy,None
1230,L11229,L,302.0,312.2,1264,45.4,69,0,0,0,0,0,0,Healthy,None
1231,H11230,H,302.4,310.9,1769,50.7,169,1,0,0,1,0,0,Failure Risk,Power Failure
1232,L11231,L,304.0,312.3,1331,41.4,141,1,0,1,0,0,0,Failure Risk,Heat Dissipation Failure
1233,L11232,L,300.5,311.2,1674,41.7,4,0,0,0,0,0,0,Healthy,None
1234,L11233,L,300.5,308.6,1552,47.3,163,0,0,0,0,0,0,Healthy,None
1235,M11234,M,297.0,306.0,1308,39.3,186,0,0,0,0,0,0,Healthy,None
1236,L11235,L,298.9,307.1,1632,33.2,184,0,0,0,0,0,0,Healthy,None
1237,H11236,H,299.6,309.1,1368,44.5,214,0,0,0,0,0,0,Healthy,None
1238,L11237,L,302.1,312.5,1729,28.8,59,0,0,0,0,0,0,Healthy,None
1239,H11238,H,298.8,308.9,1410,39.2,223,0,0,0,0,0,0,Healthy,None
1240,L11239,L,301.6,314.0,1270,26.4,222,1,1,0,0,0,0,Failure Risk,Tool Wear Failure
1241,H11240,H,300.0,311.1,1812,34.5,77,0,0,0,0,0,0,Healthy,None
1242,M11241,M,299.6,308.7,1570,34.9,223,0,0,0,0,0,0,Healthy,None
1243,M11242,M,300.5,309.3,1693,30.3,190,0,0,0,0,0,0,Healthy,None
1244,H11243,H,299.2,311.9,1385,50.9,176,0,0,0,0,0,0,Healthy,None
1245,M11244,M,299.1,310.2,1199,50.1,218,1,1,0,0,0,0,Failure Risk,Tool Wear Failure
1246,M11245,M,296.6,307.2,1837,53.0,192,1,0,0,1,0,0,Failure Risk,Power Failure
1247,L11246,L,299.5,309.6,1536,38.1,112,0,0,0,0,0,0,Healthy,None
1248,L11247,L,299.0,309.3,1625,35.7,51,0,0,0,0,0,0,Healthy,None
1249,H11248,H,299.0,307.5,1655,48.0,136,0,0,0,0,0,0,Healthy,None
1250,M11249,M,300.8,311.0,1477,41.3,143,0,0,0,0,0,0,Healthy,None
1251,M11250,M,301.3,311.4,1578,41.2,34,0,0,0,0,0,0,Healthy,None
1252,L11251,L,300.5,309.6,1823,14.8,73,1,0,0,1,0,0,Failure Risk,Power Failure
1253,L11252,L,302.0,311.5,1532,47.5,112,0,0,0,0,0,0,Healthy,None
1254,L11253,L,301.2,312.7,1706,46.2,15,0,0,0,0,0,0,Healthy,None
1255,M11254,M,299.4,309.3,1181,39.9,221,0,0,0,0,0,0,Healthy,None
1256,L11255,L,299.1,311.2,1739,48.1,160,0,0,0,0,0,0,Healthy,None
1257,L11256,L,300.6,308.9,1265,46.0,50,1,0,1,0,0,0,Failure Risk,Heat Dissipation Failure
1258,L11257,L,301.1,310.6,1718,33.1,60,0,0,0,0,0,0,Healthy,None
1259,L11258,L,302.8,311.3,1607,37.8,78,0,0,0,0,0,0,Healthy,None
1260,M11259,M,302.4,311.2,1520,30.0,58,0,0,0,0,0,0,Healthy,None
1261,L11260,L,298.9,308.1,1520,54.5,126,0,0,0,0,0,0,Healthy,None
1262,M11261,M,299.8,310.1,1492,49.7,102,0,0,0,0,0,0,Healthy,None
1263,L11262,L,301.3,311.6,1391,31.9,199,0,0,0,0,0,0,Healthy,None
1264,L11263,L,302.1,311.4,1501,46.1,3,0,0,0,0,0,0,Healthy,None
1265,L11264,L,301.9,309.7,1933,42.8,235,0,0,0,0,0,0,Healthy,None
1266,L11265,L,299.9,311.4,1771,33.2,129,0,0,0,0,0,0,Healthy,None
1267,L11266,L,297.5,307.2,1382,41.2,70,0,0,0,0,0,0,Healthy,None
1268,L11267,L,298.0,306.9,1585,48.5,248,1,0,0,0,1,0,Failure Risk,Overstrain Failure
1269,M11268,M,300.5,310.8,1555,49.3,185,0,0,0,0,0,0,Healthy,None
1270,L11269,L,300.7,310.9,1512,63.1,101,1,0,0,1,0,0,Failure Risk,Power Failure
1271,M11270,M,297.8,307.5,1358,40.9,61,0,0,0,0,0,0,Healthy,None
1272,H11271,H,300.1,310.2,1617,37.6,97,0,0,0,0,0,0,Healthy,None
1273,M11272,M,301.3,310.1,1689,45.6,24,0,0,0,0,0,0,Healthy,None
1274,L11273,L,297.7,308.5,1388,38.2,70,0,0,0,0,0,0,Healthy,None
1275,L11274,L,302.2,311.2,1888,34.2,24,0,0,0,0,0,0,Healthy,None
1276,L11275,L,299.2,308.6,1810,30.8,122,0,0,0,0,0,0,Healthy,None
1277,L11276,L,302.5,313.1,1636,6.1,65,1,0,0,1,0,0,Failure Risk,Power Failure
1278,H11277,H,298.9,310.1,1317,47.3,25,0,0,0,0,0,0,Healthy,None
1279,L11278,L,297.9,309.5,1609,23.8,227,0,0,0,0,0,0,Healthy,None
1280,L11279,L,299.1,310.2,1588,31.3,239,0,0,0,0,0,0,Healthy,None
1281,M11280,M,299.8,309.5,1629,42.9,101,0,0,0,0,0,0,Healthy,None
1282,M11281,M,299.2,307.7,1822,36.8,105,0,0,0,0,0,0,Healthy,None
1283,M11282,M,299.6,311.0,1506,61.3,182,1,0,0,1,0,0,Failure Risk,Power Failure
1284,L11283,L,300.7,312.1,1904,25.1,237,0,0,0,0,0,0,Healthy,None
1285,L11284,L,299.7,309.0,1610,62.2,130,1,0,0,1,0,0,Failure Risk,Power Failure
1286,M11285,M,299.9,310.8,1486,53.7,173,0,0,0,0,0,0,Healthy,None
1287,L11286,L,296.6,306.3,1967,49.0,156,1,0,0,1,0,0,Failure Risk,Power Failure
1288,L11287,L,300.8,312.3,1686,54.2,185,1,0,0,1,0,0,Failure Risk,Power Failure
1289,L11288,L,299.8,309.3,1456,44.0,138,0,0,0,0,0,0,Healthy,None
1290,L11289,L,303.2,315.2,1553,23.1,234,1,1,0,0,0,0,Failure Risk,Tool Wear Failure
1291,L11290,L,298.1,308.9,1651,45.1,148,0,0,0,0,0,0,Healthy,None
1292,L11291,L,296.4,308.2,1510,25.3,42,0,0,0,0,0,0,Healthy,None
1293,M11292,M,301.2,310.7,1561,34.8,3,0,0,0,0,0,0,Healthy,None
1294,M11293,M,300.7,311.1,1391,39.2,68,0,0,0,0,0,0,Healthy,None
1295,H11294,H,298.0,307.0,1236,31.0,197,0,0,0,0,0,0,Healthy,None
1296,L11295,L,296.9,307.7,1557,49.4,21,0,0,0,0,0,0,Healthy,None
1297,L11296,L,303.1,314.0,1563,37.9,109,0,0,0,0,0,0,Healthy,None
1298,L11297,L,302.8,315.2,1632,44.1,102,0,0,0,0,0,0,Healthy,None
1299,M11298,M,295.0,305.5,1434,39.9,5,0,0,0,0,0,0,Healthy,None
1300,M11299,M,299.1,309.8,1298,41.2,205,1,1,0,0,0,0,Failure Risk,Tool Wear Failure
1301,L11300,L,303.3,312.8,1365,31.2,149,0,0,0,0,0,0,Healthy,None
1302,H11301,H,299.0,309.5,1726,28.4,15,0,0,0,0,0,0,Healthy,None
1303,L11302,L,299.0,308.6,1418,38.5,223,1,1,0,0,0,0,Failure Risk,Tool Wear Failure
1304,M11303,M,299.4,309.5,1458,30.4,163,0,0,0,0,0,0,Healthy,None
1305,M11304,M,297.8,308.0,1482,53.8,177,0,0,0,0,0,0,Healthy,None
1306,H11305,H,296.6,306.2,1427,26.4,57,0,0,0,0,0,0,Healthy,None
1307,M11306,M,302.1,312.2,1413,63.1,198,1,0,0,1,1,0,Failure Risk,"Power Failure, Overstrain Failure"
1308,H11307,H,296.3,305.9,1382,43.0,86,0,0,0,0,0,0,Healthy,None
1309,L11308,L,300.5,310.1,1788,40.7,122,0,0,0,0,0,0,Healthy,None
1310,H11309,H,301.8,312.9,1659,34.7,178,0,0,0,0,0,0,Healthy,None
1311,L11310,L,297.1,307.3,1761,46.5,77,0,0,0,0,0,0,Healthy,None
1312,H11311,H,298.2,308.5,1797,38.0,46,0,0,0,0,0,0,Healthy,None
1313,M11312,M,302.4,310.9,1168,43.0,180,1,0,1,0,0,0,Failure Risk,Heat Dissipation Failure
1314,H11313,H,301.1,311.5,1599,48.3,133,0,0,0,0,0,0,Healthy,None
1315,L11314,L,298.8,309.3,1433,46.6,233,0,0,0,0,0,0,Healthy,None
1316,M11315,M,302.4,312.0,1737,52.3,152,1,0,0,1,0,0,Failure Risk,Power Failure
1317,M11316,M,302.4,314.5,1405,45.3,130,0,0,0,0,0,0,Healthy,None
1318,M11317,M,300.5,308.2,1349,30.6,12,1,0,1,0,0,0,Failure Risk,Heat Dissipation Failure
1319,L11318,L,298.2,309.0,1281,19.4,114,1,0,0,1,0,0,Failure Risk,Power Failure
1320,L11319,L,299.2,309.9,1483,42.1,52,0,0,0,0,0,0,Healthy,None
1321,L11320,L,300.6,311.1,1701,42.2,241,1,1,0,0,0,0,Failure Risk,Tool Wear Failure
1322,L11321,L,299.6,309.8,1583,59.1,66,1,0,0,1,0,0,Failure Risk,Power Failure
1323,H11322,H,301.9,312.5,1322,38.9,30,0,0,0,0,0,0,Healthy,None
1324,L11323,L,296.9,307.8,1923,43.7,126,0,0,0,0,0,0,Healthy,None
1325,H11324,H,297.0,306.3,1654,47.7,245,0,0,0,0,0,0,Healthy,None
1326,L11325,L,300.4,310.7,1677,45.1,66,0,0,0,0,0,0,Healthy,None
1327,L11326,L,299.0,308.8,1768,48.4,80,0,0,0,0,0,0,Healthy,None
1328,M11327,M,298.7,307.6,1244,31.9,182,0,0,0,0,0,0,Healthy,None
1329,M11328,M,296.5,307.2,1374,30.3,230,1,1,0,0,0,0,Failure Risk,Tool Wear Failure
1330,L11329,L,300.0,309.4,1685,37.2,193,0,0,0,0,0,0,Healthy,None
1331,M11330,M,299.9,308.4,1392,18.5,132,1,0,0,1,0,0,Failure Risk,Power Failure
1332,M11331,M,301.3,310.8,1488,39.6,136,0,0,0,0,0,0,Healthy,None
1333,L11332,L,300.1,309.3,1524,33.5,28,0,0,0,0,0,0,Healthy,None
1334,H11333,H,299.7,310.7,1309,43.2,162,0,0,0,0,0,0,Healthy,None
1335,H11334,H,302.4,312.6,1473,37.4,103,0,0,0,0,0,0,Healthy,None
1336,M11335,M,297.4,308.8,1701,29.9,227,0,0,0,0,0,0,Healthy,None
1337,L11336,L,301.1,310.4,1668,53.0,162,1,0,0,1,0,0,Failure Risk,Power Failure
1338,M11337,M,296.7,307.6,1737,40.8,49,0,0,0,0,0,0,Healthy,None
1339,L11338,L,298.3,311.1,1718,48.5,29,0,0,0,0,0,0,Healthy,None
1340,L11339,L,297.6,308.0,1610,41.8,14,0,0,0,0,0,0,Healthy,None
1341,L11340,L,301.6,312.5,1596,44.6,28,0,0,0,0,0,0,Healthy,None
1342,L11341,L,299.9,310.6,1583,26.5,152,0,0,0,0,0,0,Healthy,None
1343,H11342,H,300.0,308.6,1425,52.7,74,0,0,0,0,0,0,Healthy,None
1344,M11343,M,297.8,308.4,1353,48.7,228,1,1,0,0,0,0,Failure Risk,Tool Wear Failure
1345,M11344,M,299.4,309.7,1414,39.8,56,0,0,0,0,0,0,Healthy,None
1346,L11345,L,298.5,308.2,1479,42.9,111,0,0,0,0,0,0,Healthy,None
1347,L11346,L,300.8,309.9,1420,49.9,247,1,1,0,0,1,0,Failure Risk,"Tool Wear Failure, Overstrain Failure"
1348,L11347,L,298.0,308.7,1612,36.3,50,0,0,0,0,0,0,Healthy,None
1349,H11348,H,302.7,311.7,1574,24.3,67,0,0,0,0,0,0,Healthy,None
1350,L11349,L,296.6,308.7,1593,36.5,123,0,0,0,0,0,0,Healthy,None
1351,H11350,H,298.4,308.5,1600,41.5,245,0,0,0,0,0,0,Healthy,None
1352,M11351,M,303.4,312.2,1752,39.7,234,1,1,0,0,0,0,Failure Risk,Tool Wear Failure
1353,L11352,L,299.1,308.6,1536,53.0,57,0,0,0,0,0,0,Healthy,None
1354,M11353,M,297.4,307.1,1718,30.5,139,0,0,0,0,0,0,Healthy,None
1355,L11354,L,300.4,312.8,1630,31.8,223,0,0,0,0,0,0,Healthy,None
1356,H11355,H,299.0,308.1,1740,29.5,68,0,0,0,0,0,0,Healthy,None
1357,H11356,H,298.3,308.2,1827,44.2,105,0,0,0,0,0,0,Healthy,None
1358,L11357,L,297.8,307.3,1641,24.9,233,1,1,0,0,0,0,Failure Risk,Tool Wear Failure
1359,L11358,L,305.5,316.0,1556,47.4,242,1,0,0,0,1,0,Failure Risk,Overstrain Failure
1360,M11359,M,299.5,309.0,1555,30.8,228,1,1,0,0,0,0,Failure Risk,Tool Wear Failure
1361,H11360,H,296.1,305.0,1453,32.3,164,0,0,0,0,0,0,Healthy,None
1362,L11361,L,303.0,312.8,1447,57.5,152,0,0,0,0,0,0,Healthy,None
1363,M11362,M,301.2,310.9,1699,52.2,67,1,0,0,1,0,0,Failure Risk,Power Failure
1364,M11363,M,298.5,307.9,1365,41.2,151,0,0,0,0,0,0,Healthy,None
1365,M11364,M,298.1,307.6,1827,27.0,35,0,0,0,0,0,0,Healthy,None
1366,L11365,L,301.3,312.5,1510,59.9,249,1,0,0,1,1,0,Failure Risk,"Power Failure, Overstrain Failure"
1367,M11366,M,299.5,309.2,2050,38.1,129,0,0,0,0,0,0,Healthy,None
1368,H11367,H,296.1,305.0,1413,42.5,34,0,0,0,0,0,0,Healthy,None
1369,L11368,L,303.6,313.1,1582,49.0,124,0,0,0,0,0,0,Healthy,None
1370,L11369,L,299.1,309.2,1475,20.6,99,1,0,0,1,0,0,Failure Risk,Power Failure
1371,H11370,H,303.0,311.7,1396,33.7,7,0,0,0,0,0,0,Healthy,None
1372,L11371,L,302.6,314.2,1728,39.3,200,0,0,0,0,0,0,Healthy,None
1373,H11372,H,298.0,308.9,1340,41.3,27,0,0,0,0,0,0,Healthy,None
1374,L11373,L,302.1,313.5,1416,27.1,187,0,0,0,0,0,0,Healthy,None
1375,L11374,L,298.7,309.1,1642,43.2,181,0,0,0,0,0,0,Healthy,None
1376,H11375,H,296.3,304.2,1671,40.3,125,0,0,0,0,0,0,Healthy,None
1377,L11376,L,299.2,310.7,1288,56.5,103,0,0,0,0,0,0,Healthy,None
1378,M11377,M,300.8,309.9,1642,49.9,43,0,0,0,0,0,0,Healthy,None
1379,L11378,L,299.1,308.3,1561,37.3,9,0,0,0,0,0,0,Healthy,None
1380,M11379,M,299.4,309.6,1373,38.1,4,0,0,0,0,0,0,Healthy,None
1381,L11380,L,302.3,313.7,1396,50.0,100,0,0,0,0,0,0,Healthy,None
1382,L11381,L,300.2,311.3,1174,42.8,119,0,0,0,0,0,0,Healthy,None
1383,H11382,H,298.3,309.2,1845,26.4,174,0,0,0,0,0,0,Healthy,None
1384,L11383,L,301.4,311.1,1719,60.7,158,1,0,0,1,0,0,Failure Risk,Power Failure
1385,M11384,M,300.4,310.1,1307,30.2,243,0,0,0,0,0,0,Healthy,None
1386,L11385,L,295.0,305.3,1681,64.5,28,1,0,0,1,0,0,Failure Risk,Power Failure
1387,M11386,M,300.9,310.8,1435,44.2,130,0,0,0,0,0,0,Healthy,None
1388,L11387,L,300.8,311.7,1701,33.7,153,0,0,0,0,0,0,Healthy,None
1389,H11388,H,300.0,310.8,1449,16.6,94,1,0,0,1,0,0,Failure Risk,Power Failure
1390,L11389,L,301.8,312.4,1472,47.7,1,0,0,0,0,0,0,Healthy,None
1391,L11390,L,298.7,306.2,1486,24.7,78,0,0,0,0,0,0,Healthy,None
1392,L11391,L,300.7,310.8,1420,43.5,204,0,0,0,0,0,0,Healthy,None
1393,L11392,L,296.9,306.8,1788,59.1,91,1,0,0,1,0,0,Failure Risk,Power Failure
1394,M11393,M,300.8,311.0,1698,28.7,55,0,0,0,0,0,0,Healthy,None
1395,L11394,L,303.9,313.1,1557,47.3,235,1,0,0,0,1,0,Failure Risk,Overstrain Failure
1396,H11395,H,298.0,306.7,1721,32.0,141,0,0,0,0,0,0,Healthy,None
1397,L11396,L,298.5,309.0,1246,51.2,75,0,0,0,0,0,0,Healthy,None
1398,L11397,L,298.6,308.2,1318,40.7,14,0,0,0,0,0,0,Healthy,None
1399,M11398,M,300.3,310.9,1622,39.8,84,0,0,0,0,0,0,Healthy,None
1400,M11399,M,297.9,307.2,1669,52.0,123,1,0,0,1,0,0,Failure Risk,Power Failure
1401,L11400,L,300.8,312.2,1588,46.2,117,0,0,0,0,0,0,Healthy,None
1402,L11401,L,301.7,312.7,1200,32.0,220,0,0,0,0,0,0,Healthy,None
1403,L11402,L,301.1,311.4,1347,57.7,248,1,1,0,0,1,0,Failure Risk,"Tool Wear Failure, Overstrain Failure"
1404,M11403,M,296.5,306.3,1612,24.8,44,0,0,0,0,0,0,Healthy,None
1405,M11404,M,302.0,312.9,1972,42.7,226,0,0,0,0,0,0,Healthy,None
1406,L11405,L,301.9,312.3,1756,31.9,46,0,0,0,0,0,0,Healthy,None
1407,H11406,H,301.7,311.9,1820,25.3,19,0,0,0,0,0,0,Healthy,None
1408,H11407,H,300.7,311.7,1598,28.8,123,0,0,0,0,0,0,Healthy,None
1409,M11408,M,300.4,311.8,1597,39.5,145,0,0,0,0,0,0,Healthy,None
1410,H11409,H,302.1,310.8,1353,43.5,229,0,0,0,0,0,0,Healthy,None
1411,L11410,L,303.8,312.7,1708,50.5,78,1,0,0,1,0,0,Failure Risk,Power Failure
1412,L11411,L,298.1,307.3,1524,54.6,60,0,0,0,0,0,0,Healthy,None
1413,L11412,L,302.2,310.7,1661,42.7,120,0,0,0,0,0,0,Healthy,None
1414,L11413,L,299.8,309.7,1543,35.6,203,1,1,0,0,0,0,Failure Risk,Tool Wear Failure
1415,M11414,M,299.7,310.3,1587,50.3,225,0,0,0,0,0,0,Healthy,None
1416,H11415,H,296.9,306.9,1522,33.9,4,0,0,0,0,0,0,Healthy,None
1417,L11416,L,299.4,308.9,1578,24.2,57,0,0,0,0,0,0,Healthy,None
1418,L11417,L,298.0,309.1,1717,49.3,80,0,0,0,0,0,0,Healthy,None
1419,L11418,L,299.1,309.2,1311,53.1,76,0,0,0,0,0,0,Healthy,None
1420,H11419,H,297.8,308.1,1270,31.9,59,0,0,0,0,0,0,Healthy,None
1421,L11420,L,299.1,310.3,1614,59.4,140,1,0,0,1,0,0,Failure Risk,Power Failure
1422,M11421,M,299.2,309.1,1795,45.8,99,0,0,0,0,0,0,Healthy,None
1423,L11422,L,300.2,312.3,1841,44.3,207,1,1,0,0,0,0,Failure Risk,Tool Wear Failure
1424,L11423,L,296.8,306.4,1318,34.9,39,0,0,0,0,0,0,Healthy,None
1425,H11424,H,297.1,309.1,1465,50.1,194,0,0,0,0,0,0,Healthy,None
1426,H11425,H,300.7,309.7,1273,24.9,179,1,0,0,1,0,0,Failure Risk,Power Failure
1427,L11426,L,298.4,308.9,1439,36.6,1,0,0,0,0,0,0,Healthy,None
1428,H11427,H,302.1,311.5,1738,32.7,216,0,0,0,0,0,0,Healthy,None
1429,M11428,M,300.5,311.6,1535,27.0,180,0,0,0,0,0,0,Healthy,None
1430,H11429,H,301.2,310.7,1471,48.5,194,0,0,0,0,0,0,Healthy,None
1431,L11430,L,302.8,313.1,1635,43.4,138,0,0,0,0,0,0,Healthy,None
1432,M11431,M,299.4,308.7,1395,48.0,10,0,0,0,0,0,0,Healthy,None
1433,L11432,L,298.9,309.8,1823,37.2,9,0,0,0,0,0,0,Healthy,None
1434,M11433,M,301.7,311.0,1539,49.8,27,0,0,0,0,0,0,Healthy,None
1435,L11434,L,301.0,312.7,1466,40.8,118,0,0,0,0,0,0,Healthy,None
1436,L11435,L,299.6,308.6,1643,35.3,138,0,0,0,0,0,0,Healthy,None
1437,L11436,L,302.8,311.5,1706,33.7,240,0,0,0,0,0,0,Healthy,None
1438,M11437,M,299.6,310.6,1823,20.4,248,1,1,0,0,0,0,Failure Risk,Tool Wear Failure
1439,L11438,L,300.1,309.5,1500,51.5,6,0,0,0,0,0,0,Healthy,None
1440,M11439,M,300.0,310.0,1732,50.4,156,1,0,0,1,0,0,Failure Risk,Power Failure
1441,H11440,H,298.1,307.8,1556,69.0,192,1,0,0,1,1,0,Failure Risk,"Power Failure, Overstrain Failure"
1442,L11441,L,300.2,308.9,1428,36.7,179,0,0,0,0,0,0,Healthy,None
1443,M11442,M,302.8,312.7,1398,33.4,142,0,0,0,0,0,0,Healthy,None
1444,L11443,L,300.9,312.2,1341,23.2,6,1,0,0,1,0,0,Failure Risk,Power Failure
1445,H11444,H,300.1,311.1,1405,49.5,195,0,0,0,0,0,0,Healthy,None
1446,L11445,L,299.7,309.9,1737,47.2,54,0,0,0,0,0,0,Healthy,None
1447,M11446,M,300.7,311.8,1664,55.4,130,1,0,0,1,0,0,Failure Risk,Power Failure
1448,H11447,H,301.5,310.4,1315,30.9,19,0,0,0,0,0,0,Healthy,None
1449,H11448,H,301.2,310.9,1225,47.1,123,0,0,0,0,0,0,Healthy,None
1450,M11449,M,299.3,309.7,1338,34.8,2,0,0,0,0,0,0,Healthy,None
1451,L11450,L,300.6,310.5,1398,53.3,156,0,0,0,0,0,0,Healthy,None
1452,M11451,M,301.0,310.8,1483,45.3,19,0,0,0,0,0,0,Healthy,None
1453,H11452,H,298.0,306.8,1747,24.6,251,0,0,0,0,0,0,Healthy,None
1454,M11453,M,300.3,308.2,1439,38.7,9,0,0,0,0,0,0,Healthy,None
1455,L11454,L,295.7,306.5,1838,20.7,188,0,0,0,0,0,0,Healthy,None
1456,H11455,H,301.0,311.2,1237,28.5,226,0,0,0,0,0,0,Healthy,None
1457,M11456,M,301.3,312.2,1475,29.1,89,0,0,0,0,0,0,Healthy,None
1458,M11457,M,301.5,311.1,1678,33.7,93,0,0,0,0,0,0,Healthy,None
1459,L11458,L,299.2,308.5,1689,37.4,217,1,1,0,0,0,0,Failure Risk,Tool Wear Failure
1460,M11459,M,300.6,310.6,1477,41.6,164,0,0,0,0,0,0,Healthy,None
1461,L11460,L,302.8,313.7,1717,41.1,83,0,0,0,0,0,0,Healthy,None
1462,M11461,M,302.8,312.6,1683,39.8,50,0,0,0,0,0,0,Healthy,None
1463,L11462,L,299.9,310.7,1415,43.3,116,0,0,0,0,0,0,Healthy,None
1464,M11463,M,300.3,309.3,1594,27.6,169,0,0,0,0,0,0,Healthy,None
1465,H11464,H,302.2,312.0,1663,40.7,200,0,0,0,0,0,0,Healthy,None
1466,L11465,L,297.0,306.9,1428,54.2,202,0,0,0,0,0,0,Healthy,None
1467,H11466,H,299.4,310.6,1841,38.4,96,0,0,0,0,0,0,Healthy,None
1468,L11467,L,302.7,312.9,1388,44.9,29,0,0,0,0,0,0,Healthy,None
1469,H11468,H,302.0,313.7,1563,44.0,221,0,0,0,0,0,0,Healthy,None
1470,M11469,M,300.7,309.4,1314,48.5,243,0,0,0,0,0,0,Healthy,None
1471,M11470,M,297.0,307.1,1556,42.8,44,0,0,0,0,0,0,Healthy,None
1472,M11471,M,299.9,310.1,1346,48.4,214,0,0,0,0,0,0,Healthy,None
1473,H11472,H,298.8,309.4,1485,45.0,99,0,0,0,0,0,0,Healthy,None
1474,L11473,L,300.7,309.9,1253,46.5,151,0,0,0,0,0,0,Healthy,None
1475,L11474,L,298.4,310.1,1681,44.4,158,0,0,0,0,0,0,Healthy,None
1476,M11475,M,297.9,307.9,1601,30.0,22,0,0,0,0,0,0,Healthy,None
1477,H11476,H,295.9,304.8,1732,28.4,52,0,0,0,0,0,0,Healthy,None
1478,M11477,M,302.4,312.4,1475,36.5,41,0,0,0,0,0,0,Healthy,None
1479,M11478,M,299.2,308.9,1740,55.4,163,1,0,0,1,0,0,Failure Risk,Power Failure
1480,L11479,L,300.3,313.1,1545,38.3,103,0,0,0,0,0,0,Healthy,None
1481,H11480,H,300.0,311.0,1558,43.1,112,0,0,0,0,0,0,Healthy,None
1482,L11481,L,297.9,307.9,1916,20.5,161,0,0,0,0,0,0,Healthy,None
1483,M11482,M,297.5,307.4,1451,41.9,84,0,0,0,0,0,0,Healthy,None
1484,L11483,L,298.0,309.0,1757,40.9,153,0,0,0,0,0,0,Healthy,None
1485,L11484,L,298.6,309.6,1623,13.5,70,1,0,0,1,0,0,Failure Risk,Power Failure
1486,L11485,L,300.7,307.8,1435,42.9,152,0,0,0,0,0,0,Healthy,None
1487,L11486,L,298.4,309.0,1302,23.7,2,1,0,0,1,0,0,Failure Risk,Power Failure
1488,M11487,M,303.5,313.5,1353,32.8,116,0,0,0,0,0,0,Healthy,None
1489,L11488,L,302.1,310.8,1740,49.8,42,1,0,0,1,0,0,Failure Risk,Power Failure
1490,L11489,L,301.6,312.5,1848,41.6,209,0,0,0,0,0,0,Healthy,None
1491,L11490,L,299.8,312.0,1554,35.6,133,0,0,0,0,0,0,Healthy,None
1492,L11491,L,303.0,313.6,1563,34.7,53,0,0,0,0,0,0,Healthy,None
1493,L11492,L,299.6,310.7,1676,35.9,51,0,0,0,0,0,0,Healthy,None
1494,L11493,L,299.9,311.7,1551,41.6,237,0,0,0,0,0,0,Healthy,None
1495,M11494,M,300.3,309.5,1734,28.1,12,0,0,0,0,0,0,Healthy,None
1496,M11495,M,301.4,309.5,1590,51.1,193,0,0,0,0,0,0,Healthy,None
1497,M11496,M,301.3,312.0,1562,28.6,111,0,0,0,0,0,0,Healthy,None
1498,L11497,L,299.0,308.8,1412,22.9,55,1,0,0,1,0,0,Failure Risk,Power Failure
1499,L11498,L,298.9,307.5,1368,49.8,103,0,0,0,0,0,0,Healthy,None
1500,H11499,H,301.3,311.2,1168,35.7,174,0,0,0,0,0,0,Healthy,None
1501,M11500,M,301.4,312.1,1758,40.7,204,1,1,0,0,0,0,Failure Risk,Tool Wear Failure
1502,L11501,L,299.2,309.1,1511,46.5,192,0,0,0,0,0,0,Healthy,None
1503,L11502,L,296.8,306.0,1466,32.9,65,0,0,0,0,0,0,Healthy,None
1504,L11503,L,299.6,309.4,1188,41.4,67,0,0,0,0,0,0,Healthy,None
1505,L11504,L,301.2,311.2,1423,46.4,12,0,0,0,0,0,0,Healthy,None
1506,L11505,L,303.6,311.7,1399,56.3,29,0,0,0,0,0,0,Healthy,None
1507,M11506,M,297.6,307.5,1395,34.9,235,0,0,0,0,0,0,Healthy,None
1508,M11507,M,299.1,307.8,1597,35.4,75,0,0,0,0,0,0,Healthy,None
1509,M11508,M,299.2,309.9,1559,45.6,160,0,0,0,0,0,0,Healthy,None
1510,M11509,M,302.7,311.1,1294,42.1,165,1,0,1,0,0,0,Failure Risk,Heat Dissipation Failure
1511,H11510,H,299.9,310.9,1305,38.6,42,0,0,0,0,0,0,Healthy,None
1512,M11511,M,298.2,307.8,1305,55.8,111,0,0,0,0,0,0,Healthy,None
1513,H11512,H,301.1,310.6,1862,23.3,97,0,0,0,0,0,0,Healthy,None
1514,L11513,L,299.2,309.5,1805,25.9,2,0,0,0,0,0,0,Healthy,None
1515,L11514,L,297.6,306.7,1385,23.5,42,1,0,0,1,0,0,Failure Risk,Power Failure
1516,L11515,L,298.2,308.5,1184,51.9,72,0,0,0,0,0,0,Healthy,None
1517,M11516,M,303.5,312.8,1560,45.1,198,0,0,0,0,0,0,Healthy,None
1518,H11517,H,300.8,310.2,1546,26.4,131,0,0,0,0,0,0,Healthy,None
1519,L11518,L,300.2,310.6,1594,38.8,91,0,0,0,0,0,0,Healthy,None
1520,H11519,H,299.5,308.4,1670,39.7,233,0,0,0,0,0,0,Healthy,None
1521,L11520,L,300.6,309.3,1618,18.1,31,1,0,0,1,0,0,Failure Risk,Power Failure
1522,H11521,H,300.6,310.8,1338,41.9,0,1,0,0,0,0,1,Failure Risk,Random Failure
1523,L11522,L,300.6,310.6,1590,28.3,140,0,0,0,0,0,0,Healthy,None
1524,L11523,L,300.2,310.4,1690,47.0,35,0,0,0,0,0,0,Healthy,None
1525,L11524,L,301.7,312.0,1408,28.6,25,0,0,0,0,0,0,Healthy,None
1526,L11525,L,300.0,310.1,1591,42.2,204,1,1,0,0,0,0,Failure Risk,Tool Wear Failure
1527,L11526,L,298.0,308.6,1439,52.8,149,0,0,0,0,0,0,Healthy,None
1528,L11527,L,298.8,308.9,1895,49.6,87,1,0,0,1,0,0,Failure Risk,Power Failure
1529,H11528,H,296.0,304.0,1300,45.0,138,1,0,1,0,0,0,Failure Risk,Heat Dissipation Failure
1530,M11529,M,304.1,312.4,1744,39.2,24,0,0,0,0,0,0,Healthy,None
1531,L11530,L,301.7,313.6,1238,25.1,78,1,0,0,1,0,0,Failure Risk,Power Failure
1532,M11531,M,298.3,308.3,1858,35.7,172,0,0,0,0,0,0,Healthy,None
1533,M11532,M,299.4,310.4,1333,37.8,163,0,0,0,0,0,0,Healthy,None
1534,L11533,L,298.7,308.4,1571,37.1,101,0,0,0,0,0,0,Healthy,None
1535,L11534,L,303.1,313.0,1246,24.8,33,1,0,0,1,0,0,Failure Risk,Power Failure
1536,L11535,L,297.2,306.7,1296,44.3,161,0,0,0,0,0,0,Healthy,None
1537,L11536,L,300.2,312.7,1698,28.3,31,0,0,0,0,0,0,Healthy,None
1538,M11537,M,299.8,310.1,1722,55.3,101,1,0,0,1,0,0,Failure Risk,Power Failure
1539,L11538,L,301.7,311.2,1580,41.5,152,0,0,0,0,0,0,Healthy,None
1540,M11539,M,299.8,308.1,1670,49.7,194,0,0,0,0,0,0,Healthy,None
1541,M11540,M,296.5,308.5,1725,49.5,243,1,0,0,0,1,0,Failure Risk,Overstrain Failure
1542,L11541,L,299.5,309.3,1415,60.6,186,1,0,0,0,1,0,Failure Risk,Overstrain Failure
1543,M11542,M,298.1,308.8,1287,41.8,120,0,0,0,0,0,0,Healthy,None
1544,L11543,L,300.2,311.1,1535,36.1,56,0,0,0,0,0,0,Healthy,None
1545,H11544,H,302.9,312.4,1434,36.3,106,0,0,0,0,0,0,Healthy,None
1546,L11545,L,296.5,307.2,1607,54.8,238,1,0,0,1,1,0,Failure Risk,"Power Failure, Overstrain Failure"
1547,H11546,H,298.4,307.8,1636,26.9,156,0,0,0,0,0,0,Healthy,None
1548,M11547,M,298.9,307.9,1415,31.3,20,0,0,0,0,0,0,Healthy,None
1549,L11548,L,299.2,310.4,1664,42.3,72,0,0,0,0,0,0,Healthy,None
1550,M11549,M,301.5,311.3,1655,38.5,84,0,0,0,0,0,0,Healthy,None
1551,H11550,H,299.7,310.2,1667,49.6,20,0,0,0,0,0,0,Healthy,None
1552,M11551,M,300.8,311.2,1465,26.7,198,0,0,0,0,0,0,Healthy,None
1553,H11552,H,298.7,309.3,1677,39.3,174,0,0,0,0,0,0,Healthy,None
1554,H11553,H,300.5,308.9,1631,38.1,159,0,0,0,0,0,0,Healthy,None
1555,L11554,L,301.6,311.0,1652,29.4,149,0,0,0,0,0,0,Healthy,None
1556,L11555,L,298.5,308.2,1838,48.7,41,1,0,0,1,0,0,Failure Risk,Power Failure
1557,M11556,M,301.6,310.8,1596,39.1,10,0,0,0,0,0,0,Healthy,None
1558,L11557,L,300.1,310.5,1429,38.7,246,0,0,0,0,0,0,Healthy,None
1559,H11558,H,302.1,313.3,1339,31.8,57,0,0,0,0,0,0,Healthy,None
1560,H11559,H,299.6,310.9,1739,36.3,97,0,0,0,0,0,0,Healthy,None
1561,L11560,L,300.8,310.5,1601,29.9,205,0,0,0,0,0,0,Healthy,None
1562,L11561,L,299.9,310.2,1836,48.6,239,1,0,0,1,1,0,Failure Risk,"Power Failure, Overstrain Failure"
1563,M11562,M,299.8,310.2,1174,50.2,40,0,0,0,0,0,0,Healthy,None
1564,L11563,L,300.5,311.1,1701,56.6,85,1,0,0,1,0,0,Failure Risk,Power Failure
1565,H11564,H,301.1,310.2,1491,44.3,152,0,0,0,0,0,0,Healthy,None
1566,L11565,L,297.5,309.3,1474,36.6,143,0,0,0,0,0,0,Healthy,None
1567,M11566,M,302.9,313.8,1401,35.4,224,0,0,0,0,0,0,Healthy,None
1568,L11567,L,296.3,307.3,1699,44.9,193,0,0,0,0,0,0,Healthy,None
1569,M11568,M,298.6,309.8,1647,42.0,102,0,0,0,0,0,0,Healthy,None
1570,L11569,L,299.8,310.3,1333,38.3,107,0,0,0,0,0,0,Healthy,None
1571,M11570,M,300.8,309.8,1567,37.4,241,0,0,0,0,0,0,Healthy,None
1572,L11571,L,303.2,313.1,1664,51.6,69,0,0,0,0,0,0,Healthy,None
1573,M11572,M,296.3,304.6,1569,35.7,161,0,0,0,0,0,0,Healthy,None
1574,H11573,H,299.0,309.4,1736,53.3,45,1,0,0,1,0,0,Failure Risk,Power Failure
1575,L11574,L,295.7,305.5,1486,41.8,47,0,0,0,0,0,0,Healthy,None
1576,L11575,L,300.1,310.1,1168,36.4,233,0,0,0,0,0,0,Healthy,None
1577,L11576,L,300.5,311.7,1571,32.2,36,0,0,0,0,0,0,Healthy,None
1578,M11577,M,303.2,312.7,1570,38.5,21,0,0,0,0,0,0,Healthy,None
1579,M11578,M,300.2,309.9,1593,45.0,79,0,0,0,0,0,0,Healthy,None
1580,M11579,M,302.1,312.1,1736,36.3,134,0,0,0,0,0,0,Healthy,None
1581,L11580,L,301.2,309.4,1188,48.4,174,1,0,1,0,0,0,Failure Risk,Heat Dissipation Failure
1582,L11581,L,299.1,308.8,1495,35.8,76,0,0,0,0,0,0,Healthy,None
1583,M11582,M,297.2,304.7,1372,38.8,112,1,0,1,0,0,0,Failure Risk,Heat Dissipation Failure
1584,L11583,L,300.6,310.0,1321,27.3,241,0,0,0,0,0,0,Healthy,None
1585,H11584,H,297.0,307.9,1525,45.5,241,0,0,0,0,0,0,Healthy,None
1586,L11585,L,302.6,313.0,1663,37.4,16,0,0,0,0,0,0,Healthy,None
1587,M11586,M,299.7,309.1,1591,55.6,2,1,0,0,1,0,0,Failure Risk,Power Failure
1588,L11587,L,302.4,312.4,1414,47.0,139,0,0,0,0,0,0,Healthy,None
1589,L11588,L,299.0,307.9,1511,40.8,197,0,0,0,0,0,0,Healthy,None
1590,M11589,M,300.5,310.5,1704,52.1,75,1,0,0,1,0,0,Failure Risk,Power Failure
1591,M11590,M,300.4,313.3,1660,44.0,202,0,0,0,0,0,0,Healthy,None
1592,H11591,H,299.9,311.7,1439,50.0,232,0,0,0,0,0,0,Healthy,None
1593,L11592,L,299.1,309.2,1427,31.5,18,0,0,0,0,0,0,Healthy,None
1594,L11593,L,300.8,311.0,1230,44.6,251,1,0,0,0,1,0,Failure Risk,Overstrain Failure
1595,M11594,M,298.1,307.1,1461,45.0,158,0,0,0,0,0,0,Healthy,None
1596,M11595,M,297.6,306.8,1227,24.7,114,1,0,0,1,0,0,Failure Risk,Power Failure
1597,L11596,L,302.5,312.9,1908,54.9,1,1,0,0,1,0,0,Failure Risk,Power Failure
1598,L11597,L,301.5,311.0,1384,28.5,236,0,0,0,0,0,0,Healthy,None
1599,L11598,L,300.1,311.0,1736,27.1,95,0,0,0,0,0,0,Healthy,None
1600,H11599,H,303.3,314.9,1863,11.8,127,1,0,0,1,0,0,Failure Risk,Power Failure
1601,L11600,L,299.5,309.8,1576,44.7,17,0,0,0,0,0,0,Healthy,None
1602,L11601,L,302.6,312.7,1520,23.7,54,0,0,0,0,0,0,Healthy,None
1603,L11602,L,300.4,308.7,1301,34.9,3,1,0,1,0,0,0,Failure Risk,Heat Dissipation Failure
1604,L11603,L,298.0,308.7,1447,48.3,149,0,0,0,0,0,0,Healthy,None
1605,L11604,L,303.7,312.6,1825,41.9,119,0,0,0,0,0,0,Healthy,None
1606,M11605,M,302.0,311.6,1600,33.8,77,0,0,0,0,0,0,Healthy,None
1607,L11606,L,299.8,310.8,1543,24.3,77,0,0,0,0,0,0,Healthy,None
1608,H11607,H,301.5,312.5,1772,38.9,228,1,1,0,0,0,0,Failure Risk,Tool Wear Failure
1609,L11608,L,299.2,308.7,1662,48.5,92,0,0,0,0,0,0,Healthy,None
1610,M11609,M,301.7,311.3,1511,46.9,242,0,0,0,0,0,0,Healthy,None
1611,H11610,H,295.2,304.5,1576,57.7,33,1,0,0,1,0,0,Failure Risk,Power Failure
1612,M11611,M,298.0,306.8,1400,33.5,175,0,0,0,0,0,0,Healthy,None
1613,M11612,M,302.0,311.4,1437,27.0,126,0,0,0,0,0,0,Healthy,None
1614,L11613,L,299.5,307.9,1501,43.1,197,0,0,0,0,0,0,Healthy,None
1615,L11614,L,300.4,311.1,1637,42.1,106,0,0,0,0,0,0,Healthy,None
1616,M11615,M,297.3,307.7,1314,40.0,203,1,1,0,0,0,0,Failure Risk,Tool Wear Failure
1617,H11616,H,303.7,314.3,1551,32.6,151,0,0,0,0,0,0,Healthy,None
1618,M11617,M,302.4,311.4,1468,13.7,44,1,0,0,1,0,0,Failure Risk,Power Failure
1619,M11618,M,299.6,308.4,1376,30.0,122,0,0,0,0,0,0,Healthy,None
1620,M11619,M,299.2,309.3,1469,45.5,92,0,0,0,0,0,0,Healthy,None
1621,L11620,L,302.1,312.2,1168,42.8,137,0,0,0,0,0,0,Healthy,None
1622,L11621,L,304.0,313.9,1402,49.6,173,0,0,0,0,0,0,Healthy,None
1623,M11622,M,301.9,311.6,1341,43.4,163,0,0,0,0,0,0,Healthy,None
1624,H11623,H,304.3,316.0,1487,47.3,97,0,0,0,0,0,0,Healthy,None
1625,L11624,L,298.2,308.6,1168,47.6,50,0,0,0,0,0,0,Healthy,None
1626,M11625,M,298.4,310.4,1572,40.2,159,0,0,0,0,0,0,Healthy,None
1627,L11626,L,297.6,308.9,1700,40.3,159,0,0,0,0,0,0,Healthy,None
1628,M11627,M,300.9,312.6,1517,11.2,242,1,0,0,1,0,0,Failure Risk,Power Failure
1629,L11628,L,300.4,309.3,1627,33.5,142,0,0,0,0,0,0,Healthy,None
1630,L11629,L,299.7,310.3,1446,33.9,136,0,0,0,0,0,0,Healthy,None
1631,M11630,M,301.6,311.2,1259,38.9,57,0,0,0,0,0,0,Healthy,None
1632,L11631,L,302.5,310.8,1538,30.8,163,0,0,0,0,0,0,Healthy,None
1633,M11632,M,296.9,308.4,1659,49.3,149,0,0,0,0,0,0,Healthy,None
1634,M11633,M,298.8,308.5,1300,31.3,12,0,0,0,0,0,0,Healthy,None
1635,H11634,H,301.6,310.5,1454,50.9,168,0,0,0,0,0,0,Healthy,None
1636,L11635,L,299.1,308.7,1493,30.5,107,0,0,0,0,0,0,Healthy,None
1637,L11636,L,298.4,307.6,2048,34.0,205,1,1,0,0,0,0,Failure Risk,Tool Wear Failure
1638,L11637,L,302.0,311.3,1577,33.3,153,0,0,0,0,0,0,Healthy,None
1639,H11638,H,297.4,307.2,1196,35.1,119,0,0,0,0,0,0,Healthy,None
1640,H11639,H,299.4,311.1,1168,51.7,127,0,0,0,0,0,0,Healthy,None
1641,M11640,M,300.7,310.0,1668,36.8,188,0,0,0,0,0,0,Healthy,None
1642,H11641,H,298.9,310.6,1982,37.0,43,0,0,0,0,0,0,Healthy,None
1643,M11642,M,301.6,312.4,1487,32.7,216,1,1,0,0,0,0,Failure Risk,Tool Wear Failure
1644,M11643,M,298.9,309.3,1476,37.4,85,0,0,0,0,0,0,Healthy,None
1645,L11644,L,302.8,313.5,1615,42.1,29,0,0,0,0,0,0,Healthy,None
1646,M11645,M,299.7,309.7,1395,37.9,76,0,0,0,0,0,0,Healthy,None
1647,L11646,L,301.3,312.6,1168,38.5,241,0,0,0,0,0,0,Healthy,None
1648,H11647,H,301.5,312.1,1723,50.1,223,1,0,0,1,0,0,Failure Risk,Power Failure
1649,M11648,M,298.7,307.0,1428,42.7,164,0,0,0,0,0,0,Healthy,None
1650,M11649,M,295.9,306.2,1725,28.6,57,0,0,0,0,0,0,Healthy,None
1651,L11650,L,300.7,311.5,1401,39.2,82,0,0,0,0,0,0,Healthy,None
1652,L11651,L,300.1,309.8,1559,34.7,162,0,0,0,0,0,0,Healthy,None
1653,L11652,L,301.1,311.2,1691,45.2,121,0,0,0,0,0,0,Healthy,None
1654,L11653,L,299.5,308.9,1729,41.0,251,0,0,0,0,0,0,Healthy,None
1655,L11654,L,299.1,307.7,1579,51.2,176,0,0,0,0,0,0,Healthy,None
1656,H11655,H,304.0,312.4,1570,32.7,186,0,0,0,0,0,0,Healthy,None
1657,M11656,M,297.1,305.6,1648,38.1,243,0,0,0,0,0,0,Healthy,None
1658,L11657,L,301.5,312.2,1621,29.5,220,0,0,0,0,0,0,Healthy,None
1659,L11658,L,298.9,306.4,1306,39.6,134,1,0,1,0,0,0,Failure Risk,Heat Dissipation Failure
1660,L11659,L,299.3,308.6,1310,24.8,34,1,0,0,1,0,0,Failure Risk,Power Failure
1661,M11660,M,299.4,308.6,1168,43.2,166,0,0,0,0,0,0,Healthy,None
1662,M11661,M,298.4,308.1,1675,39.5,5,0,0,0,0,0,0,Healthy,None
1663,H11662,H,301.1,309.2,1467,41.5,77,0,0,0,0,0,0,Healthy,None
1664,L11663,L,302.8,313.2,1684,47.8,219,0,0,0,0,0,0,Healthy,None
1665,H11664,H,300.9,309.6,1610,42.2,64,0,0,0,0,0,0,Healthy,None
1666,H11665,H,300.2,311.3,1358,27.4,109,0,0,0,0,0,0,Healthy,None
1667,L11666,L,298.0,307.4,1516,34.5,84,0,0,0,0,0,0,Healthy,None
1668,H11667,H,301.0,310.9,1456,39.2,154,0,0,0,0,0,0,Healthy,None
1669,L11668,L,304.3,314.3,1428,36.8,213,0,0,0,0,0,0,Healthy,None
1670,H11669,H,299.2,309.4,1701,38.0,138,0,0,0,0,0,0,Healthy,None
1671,L11670,L,299.2,309.2,1987,56.1,8,1,0,0,1,0,0,Failure Risk,Power Failure
1672,H11671,H,298.9,308.5,1737,41.0,137,0,0,0,0,0,0,Healthy,None
1673,H11672,H,299.0,309.3,1533,43.8,181,0,0,0,0,0,0,Healthy,None
1674,H11673,H,294.5,305.0,1763,20.1,42,0,0,0,0,0,0,Healthy,None
1675,M11674,M,300.8,310.0,1844,47.4,119,1,0,0,1,0,0,Failure Risk,Power Failure
1676,L11675,L,298.3,308.7,1288,68.2,49,1,0,0,1,0,0,Failure Risk,Power Failure
1677,L11676,L,296.8,308.0,1757,53.3,112,1,0,0,1,0,0,Failure Risk,Power Failure
1678,L11677,L,301.5,312.2,1675,35.6,173,0,0,0,0,0,0,Healthy,None
1679,L11678,L,297.8,308.7,1750,62.6,62,1,0,0,1,0,0,Failure Risk,Power Failure
1680,M11679,M,299.3,309.5,1683,40.3,176,0,0,0,0,0,0,Healthy,None
1681,L11680,L,302.9,312.0,1497,43.0,230,0,0,0,0,0,0,Healthy,None
1682,H11681,H,297.2,306.4,1901,37.4,222,0,0,0,0,0,0,Healthy,None
1683,M11682,M,296.9,307.2,1598,37.1,223,0,0,0,0,0,0,Healthy,None
1684,H11683,H,300.5,311.4,1460,17.7,158,1,0,0,1,0,0,Failure Risk,Power Failure
1685,L11684,L,302.3,315.1,1628,47.8,190,0,0,0,0,0,0,Healthy,None
1686,H11685,H,296.9,307.9,1712,37.1,135,0,0,0,0,0,0,Healthy,None
1687,H11686,H,300.8,309.6,1554,38.1,167,0,0,0,0,0,0,Healthy,None
1688,L11687,L,301.2,310.4,1608,42.7,187,0,0,0,0,0,0,Healthy,None
1689,M11688,M,295.9,308.2,1553,35.9,178,0,0,0,0,0,0,Healthy,None
1690,M11689,M,301.6,311.4,1419,42.6,132,0,0,0,0,0,0,Healthy,None
1691,L11690,L,301.8,311.8,1390,51.9,158,0,0,0,0,0,0,Healthy,None
1692,M11691,M,299.4,308.4,1286,44.0,134,0,0,0,0,0,0,Healthy,None
1693,L11692,L,302.5,314.1,1809,38.5,172,0,0,0,0,0,0,Healthy,None
1694,L11693,L,302.3,312.8,1498,38.8,46,0,0,0,0,0,0,Healthy,None
1695,L11694,L,300.2,309.4,1168,42.0,141,0,0,0,0,0,0,Healthy,None
1696,L11695,L,299.1,308.1,1608,31.8,24,0,0,0,0,0,0,Healthy,None
1697,L11696,L,298.1,308.4,1605,42.1,84,0,0,0,0,0,0,Healthy,None
1698,L11697,L,299.9,309.9,1203,46.8,174,0,0,0,0,0,0,Healthy,None
1699,H11698,H,301.1,311.9,1389,40.9,92,0,0,0,0,0,0,Healthy,None
1700,M11699,M,299.4,309.9,1381,35.8,173,0,0,0,0,0,0,Healthy,None
1701,H11700,H,295.6,305.3,1405,37.2,172,0,0,0,0,0,0,Healthy,None
1702,L11701,L,302.5,312.0,1755,46.5,158,0,0,0,0,0,0,Healthy,None
1703,L11702,L,300.4,310.2,1511,29.1,51,0,0,0,0,0,0,Healthy,None
1704,M11703,M,299.2,308.6,1461,31.9,126,0,0,0,0,0,0,Healthy,None
1705,L11704,L,301.7,311.6,1738,24.1,3,0,0,0,0,0,0,Healthy,None
1706,L11705,L,303.0,313.0,1626,40.3,117,0,0,0,0,0,0,Healthy,None
1707,M11706,M,294.4,303.5,1226,48.5,232,0,0,0,0,0,0,Healthy,None
1708,L11707,L,300.9,311.5,1427,53.2,45,0,0,0,0,0,0,Healthy,None
1709,M11708,M,297.1,306.7,1595,55.3,156,1,0,0,1,0,0,Failure Risk,Power Failure
1710,M11709,M,301.0,310.2,1370,33.2,176,0,0,0,0,0,0,Healthy,None
1711,L11710,L,300.3,309.9,1901,42.5,192,0,0,0,0,0,0,Healthy,None
1712,L11711,L,301.3,311.5,1558,36.0,95,0,0,0,0,0,0,Healthy,None
1713,M11712,M,299.0,309.1,1403,56.3,0,0,0,0,0,0,0,Healthy,None
1714,L11713,L,296.3,306.7,1336,52.9,67,0,0,0,0,0,0,Healthy,None
1715,L11714,L,299.1,310.0,1704,41.7,211,1,1,0,0,0,0,Failure Risk,Tool Wear Failure
1716,H11715,H,300.8,312.1,1422,33.9,186,0,0,0,0,0,0,Healthy,None
1717,L11716,L,302.0,312.3,1606,5.9,231,1,0,0,1,0,0,Failure Risk,Power Failure
1718,M11717,M,297.7,306.6,1331,25.8,164,0,0,0,0,0,0,Healthy,None
1719,H11718,H,302.1,311.8,1550,21.7,77,0,0,0,0,0,0,Healthy,None
1720,L11719,L,298.7,307.7,1424,25.7,121,0,0,0,0,0,0,Healthy,None
1721,L11720,L,300.7,312.4,1481,58.6,179,1,0,0,1,0,0,Failure Risk,Power Failure
1722,L11721,L,299.0,311.0,1395,27.2,247,0,0,0,0,0,0,Healthy,None
1723,L11722,L,300.4,311.1,1721,29.5,118,0,0,0,0,0,0,Healthy,None
1724,L11723,L,301.8,312.7,1450,30.9,77,0,0,0,0,0,0,Healthy,None
1725,M11724,M,297.5,307.8,1512,65.7,245,1,0,0,1,1,0,Failure Risk,"Power Failure, Overstrain Failure"
1726,L11725,L,298.6,309.0,1520,39.4,129,0,0,0,0,0,0,Healthy,None
1727,M11726,M,300.4,308.8,1826,49.8,20,1,0,0,1,0,0,Failure Risk,Power Failure
1728,H11727,H,304.8,314.7,1697,41.7,28,0,0,0,0,0,0,Healthy,None
1729,H11728,H,298.3,307.4,1679,20.4,75,0,0,0,0,0,0,Healthy,None
1730,M11729,M,304.1,314.4,1255,55.2,81,0,0,0,0,0,0,Healthy,None
1731,L11730,L,304.0,313.9,1420,44.0,165,0,0,0,0,0,0,Healthy,None
1732,M11731,M,299.8,311.7,1750,38.8,232,0,0,0,0,0,0,Healthy,None
1733,M11732,M,299.4,310.3,1328,57.4,159,0,0,0,0,0,0,Healthy,None
1734,L11733,L,298.6,308.9,1553,36.6,168,0,0,0,0,0,0,Healthy,None
1735,L11734,L,299.9,309.6,1347,38.6,21,0,0,0,0,0,0,Healthy,None
1736,H11735,H,297.2,308.9,1365,36.6,227,0,0,0,0,0,0,Healthy,None
1737,L11736,L,299.8,309.8,1838,50.7,169,1,0,0,1,0,0,Failure Risk,Power Failure
1738,L11737,L,303.0,313.3,1666,48.1,139,0,0,0,0,0,0,Healthy,None
1739,L11738,L,298.8,308.8,1713,42.8,56,0,0,0,0,0,0,Healthy,None
1740,L11739,L,299.5,309.1,1678,29.6,212,0,0,0,0,0,0,Healthy,None
1741,H11740,H,296.6,306.6,1513,36.3,7,0,0,0,0,0,0,Healthy,None
1742,M11741,M,300.7,308.7,1414,29.6,155,0,0,0,0,0,0,Healthy,None
1743,M11742,M,300.5,309.0,1466,51.5,56,0,0,0,0,0,0,Healthy,None
1744,L11743,L,300.1,310.4,1503,24.4,180,0,0,0,0,0,0,Healthy,None
1745,L11744,L,299.6,311.2,1855,55.8,213,1,0,0,1,1,0,Failure Risk,"Power Failure, Overstrain Failure"
1746,L11745,L,299.4,309.7,1298,52.7,243,1,0,0,0,1,0,Failure Risk,Overstrain Failure
1747,L11746,L,301.0,310.3,1438,30.9,207,0,0,0,0,0,0,Healthy,None
1748,L11747,L,299.9,308.5,1374,35.9,203,0,0,0,0,0,0,Healthy,None
1749,M11748,M,300.6,311.4,1727,32.9,240,0,0,0,0,0,0,Healthy,None
1750,L11749,L,300.4,309.8,1869,44.3,16,0,0,0,0,0,0,Healthy,None
1751,M11750,M,302.2,312.8,1593,54.0,20,1,0,0,1,0,0,Failure Risk,Power Failure
1752,L11751,L,301.4,311.8,1607,51.7,50,0,0,0,0,0,0,Healthy,None
1753,L11752,L,300.4,310.9,1554,35.7,134,0,0,0,0,0,0,Healthy,None
1754,L11753,L,303.0,313.0,1616,52.4,188,0,0,0,0,0,0,Healthy,None
1755,H11754,H,300.8,311.2,1676,51.6,211,1,0,0,1,0,0,Failure Risk,Power Failure
1756,H11755,H,302.6,312.5,1614,38.1,227,1,1,0,0,0,0,Failure Risk,Tool Wear Failure
1757,H11756,H,301.2,310.6,1627,39.9,243,0,0,0,0,0,0,Healthy,None
1758,L11757,L,296.3,305.3,1676,55.3,53,1,0,0,1,0,0,Failure Risk,Power Failure
1759,L11758,L,302.6,310.2,1219,50.5,168,1,0,1,0,0,0,Failure Risk,Heat Dissipation Failure
1760,M11759,M,300.3,310.1,1538,52.1,59,0,0,0,0,0,0,Healthy,None
1761,L11760,L,299.9,311.4,1592,65.6,43,1,0,0,1,0,0,Failure Risk,Power Failure
1762,H11761,H,300.6,311.3,1612,45.4,76,0,0,0,0,0,0,Healthy,None
1763,L11762,L,299.3,309.5,1507,43.2,232,0,0,0,0,0,0,Healthy,None
1764,L11763,L,300.5,309.8,1566,53.4,28,0,0,0,0,0,0,Healthy,None
1765,L11764,L,298.8,309.8,1409,59.7,170,0,0,0,0,0,0,Healthy,None
1766,L11765,L,302.5,312.4,1220,33.9,164,0,0,0,0,0,0,Healthy,None
1767,M11766,M,299.8,311.4,1713,38.0,60,0,0,0,0,0,0,Healthy,None
1768,L11767,L,299.2,308.2,1334,29.9,186,0,0,0,0,0,0,Healthy,None
1769,L11768,L,298.2,307.5,1509,43.4,60,0,0,0,0,0,0,Healthy,None
1770,L11769,L,300.5,309.7,1403,48.8,71,0,0,0,0,0,0,Healthy,None
1771,L11770,L,300.4,308.9,1822,30.6,19,0,0,0,0,0,0,Healthy,None
1772,M11771,M,300.8,309.9,1523,51.2,171,0,0,0,0,0,0,Healthy,None
1773,H11772,H,297.9,308.0,1482,35.5,55,0,0,0,0,0,0,Healthy,None
1774,H11773,H,296.8,306.1,1671,34.7,175,0,0,0,0,0,0,Healthy,None
1775,M11774,M,301.3,307.4,1924,51.2,73,1,0,0,1,0,0,Failure Risk,Power Failure
1776,L11775,L,303.0,314.1,1610,33.8,142,0,0,0,0,0,0,Healthy,None
1777,M11776,M,297.9,306.2,1470,26.1,248,0,0,0,0,0,0,Healthy,None
1778,L11777,L,303.2,313.8,1662,47.4,203,0,0,0,0,0,0,Healthy,None
1779,L11778,L,300.6,310.6,1256,38.7,183,0,0,0,0,0,0,Healthy,None
1780,H11779,H,300.0,312.1,1546,51.9,183,0,0,0,0,0,0,Healthy,None
1781,L11780,L,299.2,310.2,1894,48.2,45,1,0,0,1,0,0,Failure Risk,Power Failure
1782,H11781,H,297.2,306.7,1566,22.7,184,0,0,0,0,0,0,Healthy,None
1783,L11782,L,302.0,311.3,1557,53.0,44,0,0,0,0,0,0,Healthy,None
1784,M11783,M,298.4,309.9,1541,58.8,207,1,1,0,1,1,0,Failure Risk,"Tool Wear Failure, Power Failure, Overstrain Failure"
1785,M11784,M,298.4,306.9,1467,50.2,41,0,0,0,0,0,0,Healthy,None
1786,H11785,H,302.0,312.2,1594,50.6,189,0,0,0,0,0,0,Healthy,None
1787,M11786,M,296.2,306.1,1676,37.5,7,0,0,0,0,0,0,Healthy,None
1788,M11787,M,297.0,306.7,1478,35.3,83,0,0,0,0,0,0,Healthy,None
1789,L11788,L,300.0,310.4,1168,42.1,13,0,0,0,0,0,0,Healthy,None
1790,M11789,M,300.6,310.8,1621,49.1,228,0,0,0,0,0,0,Healthy,None
1791,L11790,L,301.0,311.5,1919,48.9,25,1,0,0,1,0,0,Failure Risk,Power Failure
1792,M11791,M,299.4,309.5,1470,35.7,101,0,0,0,0,0,0,Healthy,None
1793,M11792,M,305.1,315.5,1274,34.7,244,0,0,0,0,0,0,Healthy,None
1794,M11793,M,299.5,309.6,1659,25.2,40,0,0,0,0,0,0,Healthy,None
1795,L11794,L,299.5,308.8,1850,46.4,236,0,0,0,0,0,0,Healthy,None
1796,L11795,L,298.4,308.4,1632,36.1,28,0,0,0,0,0,0,Healthy,None
1797,M11796,M,300.2,309.5,1846,37.0,190,0,0,0,0,0,0,Healthy,None
1798,L11797,L,301.2,310.4,1680,57.1,12,1,0,0,1,0,0,Failure Risk,Power Failure
1799,L11798,L,302.4,312.1,1664,45.9,97,0,0,0,0,0,0,Healthy,None
1800,L11799,L,297.0,306.9,1445,43.2,213,1,1,0,0,0,0,Failure Risk,Tool Wear Failure
1801,H11800,H,299.5,309.5,1589,48.2,236,1,1,0,0,0,0,Failure Risk,Tool Wear Failure
1802,M11801,M,300.9,311.8,1532,54.1,217,0,0,0,0,0,0,Healthy,None
1803,L11802,L,301.2,310.7,1526,24.0,225,0,0,0,0,0,0,Healthy,None
1804,L11803,L,300.0,310.2,1492,34.4,186,0,0,0,0,0,0,Healthy,None
1805,L11804,L,301.1,311.2,1578,37.7,46,0,0,0,0,0,0,Healthy,None
1806,M11805,M,298.4,307.8,1305,30.3,215,1,1,0,0,0,0,Failure Risk,Tool Wear Failure
1807,M11806,M,303.1,313.2,1683,37.4,247,0,0,0,0,0,0,Healthy,None
1808,L11807,L,302.0,313.0,1380,24.6,20,0,0,0,0,0,0,Healthy,None
1809,L11808,L,297.3,307.5,1493,49.1,94,0,0,0,0,0,0,Healthy,None
1810,L11809,L,297.8,308.0,1597,34.9,11,0,0,0,0,0,0,Healthy,None
1811,M11810,M,297.9,307.2,1372,42.0,105,0,0,0,0,0,0,Healthy,None
1812,M11811,M,301.4,313.4,1186,40.5,23,0,0,0,0,0,0,Healthy,None
1813,L11812,L,297.4,306.8,1469,45.5,20,0,0,0,0,0,0,Healthy,None
1814,L11813,L,299.3,307.6,1281,15.6,3,1,0,1,1,0,0,Failure Risk,"Heat Dissipation Failure, Power Failure"
1815,L11814,L,300.9,311.8,1665,44.5,24,0,0,0,0,0,0,Healthy,None
1816,H11815,H,299.9,309.8,1331,37.3,7,0,0,0,0,0,0,Healthy,None
1817,L11816,L,300.5,310.2,1803,44.0,163,0,0,0,0,0,0,Healthy,None
1818,M11817,M,297.9,307.4,1536,28.3,33,0,0,0,0,0,0,Healthy,None
1819,M11818,M,301.2,313.1,1548,44.1,113,0,0,0,0,0,0,Healthy,None
1820,L11819,L,298.8,309.2,1183,52.9,49,0,0,0,0,0,0,Healthy,None
1821,L11820,L,299.4,309.9,1563,41.9,237,0,0,0,0,0,0,Healthy,None
1822,L11821,L,300.5,310.7,1523,32.9,90,0,0,0,0,0,0,Healthy,None
1823,M11822,M,300.2,310.5,1305,33.3,27,0,0,0,0,0,0,Healthy,None
1824,M11823,M,300.0,311.4,1553,45.7,61,0,0,0,0,0,0,Healthy,None
1825,M11824,M,298.5,308.2,1466,45.6,92,0,0,0,0,0,0,Healthy,None
1826,M11825,M,299.4,307.9,1499,43.5,126,0,0,0,0,0,0,Healthy,None
1827,L11826,L,300.0,310.9,1542,39.6,220,0,0,0,0,0,0,Healthy,None
1828,H11827,H,297.2,307.7,1453,42.0,201,0,0,0,0,0,0,Healthy,None
1829,M11828,M,299.1,309.2,1582,39.4,43,0,0,0,0,0,0,Healthy,None
1830,L11829,L,300.8,311.3,1522,36.2,159,0,0,0,0,0,0,Healthy,None
1831,H11830,H,297.4,307.0,1622,47.5,7,0,0,0,0,0,0,Healthy,None
1832,M11831,M,302.3,312.3,1443,43.1,181,0,0,0,0,0,0,Healthy,None
1833,M11832,M,302.5,312.4,1347,52.8,144,0,0,0,0,0,0,Healthy,None
1834,M11833,M,297.5,306.9,1411,51.1,139,0,0,0,0,0,0,Healthy,None
1835,H11834,H,302.7,313.9,1796,42.7,124,0,0,0,0,0,0,Healthy,None
1836,M11835,M,299.7,308.3,1709,45.9,89,0,0,0,0,0,0,Healthy,None
1837,L11836,L,300.8,313.2,1755,30.5,243,0,0,0,0,0,0,Healthy,None
1838,L11837,L,299.0,309.9,1767,39.2,194,0,0,0,0,0,0,Healthy,None
1839,H11838,H,301.8,310.0,1454,43.4,105,0,0,0,0,0,0,Healthy,None
1840,L11839,L,300.8,310.6,1590,24.3,202,0,0,0,0,0,0,Healthy,None
1841,L11840,L,298.4,308.2,1551,44.3,205,0,0,0,0,0,0,Healthy,None
1842,L11841,L,297.7,308.1,1656,30.5,70,0,0,0,0,0,0,Healthy,None
1843,L11842,L,297.1,306.1,1486,31.6,153,0,0,0,0,0,0,Healthy,None
1844,M11843,M,300.4,310.4,1554,34.8,100,0,0,0,0,0,0,Healthy,None
1845,H11844,H,301.1,311.0,1550,39.7,160,0,0,0,0,0,0,Healthy,None
1846,L11845,L,301.3,310.6,1633,26.9,171,0,0,0,0,0,0,Healthy,None
1847,L11846,L,299.8,308.9,1655,48.5,239,1,0,0,0,1,0,Failure Risk,Overstrain Failure
1848,L11847,L,297.7,308.6,1554,41.8,31,0,0,0,0,0,0,Healthy,None
1849,H11848,H,298.6,306.9,1560,59.1,165,1,0,0,1,0,0,Failure Risk,Power Failure
1850,M11849,M,302.3,312.8,1578,43.0,211,0,0,0,0,0,0,Healthy,None
1851,L11850,L,299.0,309.8,1832,45.7,9,0,0,0,0,0,0,Healthy,None
1852,H11851,H,300.3,310.1,1228,31.5,78,0,0,0,0,0,0,Healthy,None
1853,H11852,H,297.8,307.9,1364,28.3,206,0,0,0,0,0,0,Healthy,None
1854,H11853,H,300.7,311.9,1658,46.1,197,0,0,0,0,0,0,Healthy,None
1855,H11854,H,299.1,308.4,1586,29.2,246,0,0,0,0,0,0,Healthy,None
1856,L11855,L,302.1,311.5,1585,46.4,216,0,0,0,0,0,0,Healthy,None
1857,M11856,M,301.5,311.0,1657,56.9,128,1,0,0,1,0,0,Failure Risk,Power Failure
1858,L11857,L,299.0,310.2,1576,49.4,197,0,0,0,0,0,0,Healthy,None
1859,H11858,H,299.7,311.0,1437,45.6,76,0,0,0,0,0,0,Healthy,None
1860,M11859,M,298.9,307.5,1650,42.7,74,0,0,0,0,0,0,Healthy,None
1861,M11860,M,297.2,308.2,1541,36.2,215,1,1,0,0,0,0,Failure Risk,Tool Wear Failure
1862,M11861,M,298.3,309.1,1457,38.9,211,0,0,0,0,0,0,Healthy,None
1863,L11862,L,300.4,312.0,1661,34.4,89,0,0,0,0,0,0,Healthy,None
1864,M11863,M,300.7,311.1,1654,27.0,24,0,0,0,0,0,0,Healthy,None
1865,H11864,H,300.3,310.3,1576,40.4,51,0,0,0,0,0,0,Healthy,None
1866,H11865,H,299.4,310.5,1845,51.0,51,1,0,0,1,0,0,Failure Risk,Power Failure
1867,L11866,L,301.9,312.6,1775,27.2,11,0,0,0,0,0,0,Healthy,None
1868,L11867,L,300.1,312.3,1717,53.8,45,1,0,0,1,0,0,Failure Risk,Power Failure
1869,L11868,L,301.4,312.4,1997,52.1,136,1,0,0,1,0,0,Failure Risk,Power Failure
1870,M11869,M,296.5,306.7,1511,43.9,44,1,0,0,0,0,1,Failure Risk,Random Failure
1871,H11870,H,292.2,301.0,1454,44.0,35,0,0,0,0,0,0,Healthy,None
1872,L11871,L,300.6,310.0,1692,38.2,136,0,0,0,0,0,0,Healthy,None
1873,M11872,M,297.2,305.8,1492,40.4,96,0,0,0,0,0,0,Healthy,None
1874,H11873,H,299.6,309.4,1540,35.4,167,0,0,0,0,0,0,Healthy,None
1875,M11874,M,299.4,310.3,1361,40.3,161,0,0,0,0,0,0,Healthy,None
1876,M11875,M,303.2,313.2,1646,41.4,87,0,0,0,0,0,0,Healthy,None
1877,M11876,M,300.8,311.8,1274,58.6,52,0,0,0,0,0,0,Healthy,None
1878,M11877,M,300.3,310.6,1520,45.6,108,0,0,0,0,0,0,Healthy,None
1879,L11878,L,301.7,311.3,1535,37.9,44,0,0,0,0,0,0,Healthy,None
1880,M11879,M,300.7,310.8,1459,39.0,125,0,0,0,0,0,0,Healthy,None
1881,M11880,M,299.1,309.6,1223,32.9,96,0,0,0,0,0,0,Healthy,None
1882,H11881,H,302.1,312.2,1222,34.6,160,0,0,0,0,0,0,Healthy,None
1883,M11882,M,297.8,308.0,1404,49.0,28,0,0,0,0,0,0,Healthy,None
1884,M11883,M,300.6,309.8,1634,35.1,165,0,0,0,0,0,0,Healthy,None
1885,L11884,L,296.9,306.5,1589,33.9,47,0,0,0,0,0,0,Healthy,None
1886,L11885,L,300.4,312.7,1535,34.1,240,0,0,0,0,0,0,Healthy,None
1887,L11886,L,300.4,311.6,1379,32.8,204,0,0,0,0,0,0,Healthy,None
1888,L11887,L,303.4,311.9,1599,51.2,81,0,0,0,0,0,0,Healthy,None
1889,M11888,M,296.9,304.5,1215,41.4,58,1,0,1,0,0,0,Failure Risk,Heat Dissipation Failure
1890,H11889,H,298.8,308.9,1168,37.2,61,0,0,0,0,0,0,Healthy,None
1891,L11890,L,301.6,312.5,1494,40.3,34,0,0,0,0,0,0,Healthy,None
1892,L11891,L,300.7,310.2,1440,42.2,174,0,0,0,0,0,0,Healthy,None
1893,H11892,H,300.4,311.4,1719,32.6,58,0,0,0,0,0,0,Healthy,None
1894,L11893,L,298.1,308.2,1566,26.2,186,0,0,0,0,0,0,Healthy,None
1895,M11894,M,298.8,308.6,1833,53.3,129,1,0,0,1,0,0,Failure Risk,Power Failure
1896,M11895,M,302.5,313.3,1439,49.8,88,0,0,0,0,0,0,Healthy,None
1897,M11896,M,299.9,309.4,1625,43.7,249,0,0,0,0,0,0,Healthy,None
1898,L11897,L,300.8,310.5,1492,49.1,187,0,0,0,0,0,0,Healthy,None
1899,L11898,L,299.8,310.5,1785,59.0,133,1,0,0,1,0,0,Failure Risk,Power Failure
1900,M11899,M,297.6,307.6,1501,34.7,24,0,0,0,0,0,0,Healthy,None
1901,M11900,M,301.9,313.8,1690,28.9,52,0,0,0,0,0,0,Healthy,None
1902,L11901,L,301.0,311.7,1345,46.5,211,0,0,0,0,0,0,Healthy,None
1903,M11902,M,304.6,315.2,1463,25.5,123,0,0,0,0,0,0,Healthy,None
1904,L11903,L,298.0,308.0,1522,40.4,77,0,0,0,0,0,0,Healthy,None
1905,M11904,M,301.6,312.5,1764,37.0,113,0,0,0,0,0,0,Healthy,None
1906,L11905,L,297.4,307.1,1168,46.7,131,0,0,0,0,0,0,Healthy,None
1907,H11906,H,300.3,310.6,1478,35.2,199,0,0,0,0,0,0,Healthy,None
1908,L11907,L,302.0,311.1,1472,51.9,225,1,0,0,0,1,0,Failure Risk,Overstrain Failure
1909,L11908,L,295.9,306.9,1168,32.6,91,0,0,0,0,0,0,Healthy,None
1910,L11909,L,299.6,309.9,1454,47.0,55,0,0,0,0,0,0,Healthy,None
1911,L11910,L,298.9,310.9,1262,33.4,1,0,0,0,0,0,0,Healthy,None
1912,H11911,H,298.6,311.0,1168,45.4,144,0,0,0,0,0,0,Healthy,None
1913,H11912,H,300.8,311.6,1491,30.0,195,0,0,0,0,0,0,Healthy,None
1914,L11913,L,302.2,312.3,1484,39.8,246,1,1,0,0,0,0,Failure Risk,Tool Wear Failure
1915,L11914,L,299.7,308.8,1494,53.1,47,0,0,0,0,0,0,Healthy,None
1916,M11915,M,300.4,311.3,1583,41.1,225,1,1,0,0,0,0,Failure Risk,Tool Wear Failure
1917,H11916,H,300.2,310.4,1380,51.7,154,0,0,0,0,0,0,Healthy,None
1918,M11917,M,300.0,310.5,1858,39.7,210,1,1,0,0,0,0,Failure Risk,Tool Wear Failure
1919,L11918,L,297.8,309.5,1532,35.0,91,0,0,0,0,0,0,Healthy,None
1920,L11919,L,302.2,311.4,1768,41.7,101,0,0,0,0,0,0,Healthy,None
1921,M11920,M,300.6,309.7,1237,46.1,33,0,0,0,0,0,0,Healthy,None
1922,L11921,L,300.8,310.6,1388,21.1,95,1,0,0,1,0,0,Failure Risk,Power Failure
1923,M11922,M,298.4,309.2,1660,45.2,168,0,0,0,0,0,0,Healthy,None
1924,L11923,L,299.1,309.7,1497,30.7,94,0,0,0,0,0,0,Healthy,None
1925,M11924,M,299.6,308.7,1345,28.2,5,0,0,0,0,0,0,Healthy,None
1926,L11925,L,296.9,307.7,1208,45.3,5,0,0,0,0,0,0,Healthy,None
1927,M11926,M,296.6,305.4,1669,53.3,27,1,0,0,1,0,0,Failure Risk,Power Failure
1928,L11927,L,298.8,308.0,1654,42.1,135,0,0,0,0,0,0,Healthy,None
1929,M11928,M,301.0,310.9,1581,26.6,128,0,0,0,0,0,0,Healthy,None
1930,L11929,L,298.7,308.1,1449,33.4,79,0,0,0,0,0,0,Healthy,None
1931,M11930,M,298.0,308.9,1338,35.9,233,1,1,0,0,0,0,Failure Risk,Tool Wear Failure
1932,M11931,M,298.4,308.7,1528,41.9,210,0,0,0,0,0,0,Healthy,None
1933,M11932,M,299.1,310.9,1302,39.3,17,0,0,0,0,0,0,Healthy,None
1934,M11933,M,299.3,309.1,1403,44.9,221,1,1,0,0,0,0,Failure Risk,Tool Wear Failure
1935,M11934,M,304.3,314.2,1763,49.9,79,1,0,0,1,0,0,Failure Risk,Power Failure
1936,H11935,H,302.1,313.3,1206,43.4,224,1,1,0,0,0,0,Failure Risk,Tool Wear Failure
1937,L11936,L,302.0,311.9,1659,48.9,122,0,0,0,0,0,0,Healthy,None
1938,H11937,H,302.3,313.8,1805,37.3,91,0,0,0,0,0,0,Healthy,None
1939,L11938,L,298.0,308.5,1684,72.6,174,1,0,0,1,1,0,Failure Risk,"Power Failure, Overstrain Failure"
1940,L11939,L,297.6,305.2,1609,45.5,207,1,1,0,0,0,0,Failure Risk,Tool Wear Failure
1941,L11940,L,297.8,309.0,1455,46.8,10,0,0,0,0,0,0,Healthy,None
1942,L11941,L,302.7,313.6,1422,57.4,5,0,0,0,0,0,0,Healthy,None
1943,M11942,M,298.9,309.9,1168,40.9,141,0,0,0,0,0,0,Healthy,None
1944,M11943,M,297.5,305.6,1544,33.6,111,0,0,0,0,0,0,Healthy,None
1945,M11944,M,299.1,308.4,1465,52.9,227,1,1,0,0,1,0,Failure Risk,"Tool Wear Failure, Overstrain Failure"
1946,M11945,M,299.5,308.9,1413,53.5,21,0,0,0,0,0,0,Healthy,None
1947,L11946,L,300.5,309.7,1534,41.5,231,0,0,0,0,0,0,Healthy,None
1948,L11947,L,300.5,312.2,1549,57.4,214,1,0,0,1,1,0,Failure Risk,"Power Failure, Overstrain Failure"
1949,L11948,L,298.3,308.3,1424,39.2,158,0,0,0,0,0,0,Healthy,None
1950,L11949,L,301.4,311.4,1826,49.2,27,1,0,0,1,0,0,Failure Risk,Power Failure
1951,L11950,L,298.7,309.3,1668,55.0,146,1,0,0,1,0,0,Failure Risk,Power Failure
1952,L11951,L,299.7,310.3,1698,41.0,114,0,0,0,0,0,0,Healthy,None
1953,M11952,M,301.4,308.1,1519,44.5,213,0,0,0,0,0,0,Healthy,None
1954,M11953,M,298.7,308.1,1629,50.2,128,0,0,0,0,0,0,Healthy,None
1955,H11954,H,298.9,307.5,1377,36.4,194,0,0,0,0,0,0,Healthy,None
1956,H11955,H,301.2,311.6,1657,31.9,199,0,0,0,0,0,0,Healthy,None
1957,M11956,M,298.3,308.0,1501,53.2,140,0,0,0,0,0,0,Healthy,None
1958,L11957,L,299.2,309.2,1355,43.0,178,0,0,0,0,0,0,Healthy,None
1959,M11958,M,301.1,309.0,1533,35.0,0,0,0,0,0,0,0,Healthy,None
1960,M11959,M,304.1,313.8,1485,40.9,28,0,0,0,0,0,0,Healthy,None
1961,L11960,L,301.2,312.3,1953,45.0,140,1,0,0,1,0,0,Failure Risk,Power Failure
1962,L11961,L,300.9,312.3,1615,24.5,41,0,0,0,0,0,0,Healthy,None
1963,H11962,H,301.1,311.8,1820,47.1,28,0,0,0,0,0,0,Healthy,None
1964,L11963,L,297.9,306.6,1740,44.0,93,0,0,0,0,0,0,Healthy,None
1965,M11964,M,300.2,311.5,1544,56.4,143,1,0,0,1,0,0,Failure Risk,Power Failure
1966,M11965,M,299.9,310.6,1458,37.8,59,0,0,0,0,0,0,Healthy,None
1967,L11966,L,300.6,310.5,1226,53.6,104,0,0,0,0,0,0,Healthy,None
1968,L11967,L,300.2,308.2,1382,39.6,161,0,0,0,0,0,0,Healthy,None
1969,L11968,L,300.8,311.8,1656,41.4,246,0,0,0,0,0,0,Healthy,None
1970,L11969,L,299.4,308.8,1483,42.8,39,0,0,0,0,0,0,Healthy,None
1971,L11970,L,300.1,310.4,1605,60.7,194,1,0,0,1,1,0,Failure Risk,"Power Failure, Overstrain Failure"
1972,H11971,H,297.5,307.6,1174,27.7,92,1,0,0,1,0,0,Failure Risk,Power Failure
1973,L11972,L,299.4,310.9,1619,44.9,221,0,0,0,0,0,0,Healthy,None
1974,M11973,M,302.8,312.7,1734,40.4,182,0,0,0,0,0,0,Healthy,None
1975,L11974,L,300.6,310.6,1220,39.7,185,0,0,0,0,0,0,Healthy,None
1976,H11975,H,300.0,311.6,1604,45.8,51,0,0,0,0,0,0,Healthy,None
1977,L11976,L,303.8,313.1,1778,50.9,63,1,0,0,1,0,0,Failure Risk,Power Failure
1978,L11977,L,297.3,308.1,1838,45.3,225,1,1,0,0,0,0,Failure Risk,Tool Wear Failure
1979,H11978,H,297.8,307.6,1447,52.2,3,0,0,0,0,0,0,Healthy,None
1980,H11979,H,303.4,312.4,1677,37.5,175,0,0,0,0,0,0,Healthy,None
1981,L11980,L,300.1,310.1,1793,39.5,199,0,0,0,0,0,0,Healthy,None
1982,H11981,H,299.5,310.2,1609,30.1,110,0,0,0,0,0,0,Healthy,None
1983,L11982,L,297.6,309.0,1768,59.6,239,1,1,0,1,1,0,Failure Risk,"Tool Wear Failure, Power Failure, Overstrain Failure"
1984,L11983,L,300.9,312.4,1531,38.2,17,0,0,0,0,0,0,Healthy,None
1985,L11984,L,301.1,310.8,1608,37.1,85,0,0,0,0,0,0,Healthy,None
1986,L11985,L,297.8,306.8,1426,46.0,9,0,0,0,0,0,0,Healthy,None
1987,M11986,M,299.7,309.4,1508,51.0,114,0,0,0,0,0,0,Healthy,None
1988,L11987,L,299.3,308.1,1615,33.1,13,0,0,0,0,0,0,Healthy,None
1989,L11988,L,300.5,310.3,1413,51.7,178,0,0,0,0,0,0,Healthy,None
1990,M11989,M,297.8,307.5,1497,37.0,117,0,0,0,0,0,0,Healthy,None
1991,M11990,M,302.5,313.2,1674,54.2,109,1,0,0,1,0,0,Failure Risk,Power Failure
1992,L11991,L,301.8,309.6,1905,34.6,94,0,0,0,0,0,0,Healthy,None
1993,M11992,M,299.3,308.6,1171,47.3,98,0,0,0,0,0,0,Healthy,None
1994,L11993,L,299.6,308.9,1891,40.4,45,0,0,0,0,0,0,Healthy,None
1995,M11994,M,299.7,310.9,1491,28.8,193,0,0,0,0,0,0,Healthy,None
1996,M11995,M,298.4,307.3,1710,26.0,60,0,0,0,0,0,0,Healthy,None
1997,H11996,H,299.1,309.3,1745,32.6,129,0,0,0,0,0,0,Healthy,None
1998,L11997,L,299.5,309.4,1818,49.8,162,1,0,0,1,0,0,Failure Risk,Power Failure
1999,L11998,L,303.2,314.2,1407,20.8,33,1,0,0,1,0,0,Failure Risk,Power Failure
2000,L11999,L,301.9,312.5,1497,43.3,92,0,0,0,0,0,0,Healthy,None
2001,L12000,L,301.9,312.0,1528,42.4,69,0,0,0,0,0,0,Healthy,None
2002,L12001,L,300.7,310.1,1474,23.3,195,0,0,0,0,0,0,Healthy,None
2003,H12002,H,297.8,305.9,1774,32.1,64,0,0,0,0,0,0,Healthy,None
2004,L12003,L,299.9,310.1,1524,32.1,162,0,0,0,0,0,0,Healthy,None
2005,L12004,L,301.9,312.4,1248,40.5,175,0,0,0,0,0,0,Healthy,None
2006,M12005,M,297.5,305.9,1424,54.5,46,0,0,0,0,0,0,Healthy,None
2007,L12006,L,301.3,310.1,1255,50.6,217,0,0,0,0,0,0,Healthy,None
2008,M12007,M,304.6,314.9,1497,36.4,220,1,1,0,0,0,0,Failure Risk,Tool Wear Failure
2009,L12008,L,302.1,312.4,1658,31.8,10,0,0,0,0,0,0,Healthy,None
2010,L12009,L,302.8,311.8,1420,24.6,189,0,0,0,0,0,0,Healthy,None
2011,L12010,L,300.4,309.8,1465,36.3,114,0,0,0,0,0,0,Healthy,None
2012,L12011,L,301.9,310.1,1488,31.1,131,0,0,0,0,0,0,Healthy,None
2013,H12012,H,298.6,310.0,1563,39.6,85,0,0,0,0,0,0,Healthy,None
2014,L12013,L,301.6,310.3,1630,40.0,32,0,0,0,0,0,0,Healthy,None
2015,M12014,M,301.3,311.8,1682,35.3,161,0,0,0,0,0,0,Healthy,None
2016,L12015,L,300.6,310.6,1941,35.5,94,0,0,0,0,0,0,Healthy,None
2017,L12016,L,302.6,313.9,1560,33.1,73,0,0,0,0,0,0,Healthy,None
2018,H12017,H,298.9,308.1,1669,34.9,162,0,0,0,0,0,0,Healthy,None
2019,L12018,L,299.6,309.7,1253,54.2,180,0,0,0,0,0,0,Healthy,None
2020,M12019,M,300.2,308.5,1470,45.1,250,0,0,0,0,0,0,Healthy,None
2021,H12020,H,297.9,306.0,1489,45.3,27,0,0,0,0,0,0,Healthy,None
2022,M12021,M,300.5,311.1,1355,50.0,22,0,0,0,0,0,0,Healthy,None
2023,H12022,H,296.6,304.8,1442,49.1,48,0,0,0,0,0,0,Healthy,None
2024,L12023,L,302.1,311.9,1518,54.1,75,0,0,0,0,0,0,Healthy,None
2025,L12024,L,300.1,311.1,1447,45.8,220,0,0,0,0,0,0,Healthy,None
2026,L12025,L,299.0,309.7,2003,42.0,1,0,0,0,0,0,0,Healthy,None
2027,M12026,M,298.3,307.6,1629,34.2,76,0,0,0,0,0,0,Healthy,None
2028,H12027,H,299.5,307.9,1896,31.8,99,0,0,0,0,0,0,Healthy,None
2029,L12028,L,301.4,311.9,1805,48.7,110,1,0,0,1,0,0,Failure Risk,Power Failure
2030,M12029,M,301.1,312.4,1423,38.9,153,0,0,0,0,0,0,Healthy,None
2031,L12030,L,298.6,307.9,1544,26.5,144,0,0,0,0,0,0,Healthy,None
2032,M12031,M,298.3,307.5,1460,19.3,42,1,0,0,1,0,0,Failure Risk,Power Failure
2033,L12032,L,301.3,310.8,1509,61.3,96,1,0,0,1,0,0,Failure Risk,Power Failure
2034,H12033,H,298.6,309.2,1363,30.2,58,0,0,0,0,0,0,Healthy,None
2035,M12034,M,300.1,311.3,1458,33.2,120,0,0,0,0,0,0,Healthy,None
2036,L12035,L,300.2,309.0,1602,52.2,213,1,0,0,0,1,0,Failure Risk,Overstrain Failure
2037,L12036,L,300.6,309.1,1597,28.0,65,0,0,0,0,0,0,Healthy,None
2038,L12037,L,301.7,314.0,1583,45.3,73,0,0,0,0,0,0,Healthy,None
2039,L12038,L,297.5,307.3,1527,58.0,38,1,0,0,1,0,0,Failure Risk,Power Failure
2040,L12039,L,296.2,306.5,1692,60.9,25,1,0,0,1,0,0,Failure Risk,Power Failure
2041,H12040,H,298.9,308.2,1491,35.6,221,0,0,0,0,0,0,Healthy,None
2042,M12041,M,303.6,314.1,1787,39.9,149,0,0,0,0,0,0,Healthy,None
2043,M12042,M,304.0,315.0,1207,36.1,202,0,0,0,0,0,0,Healthy,None
2044,L12043,L,303.7,314.0,1655,39.8,21,0,0,0,0,0,0,Healthy,None
2045,H12044,H,299.6,311.3,1625,52.9,87,1,0,0,1,0,0,Failure Risk,Power Failure
2046,M12045,M,296.4,306.1,1417,26.1,185,0,0,0,0,0,0,Healthy,None
2047,L12046,L,295.3,305.0,1474,46.4,28,0,0,0,0,0,0,Healthy,None
2048,M12047,M,298.8,309.0,1621,38.1,114,0,0,0,0,0,0,Healthy,None
2049,M12048,M,299.6,310.1,1701,53.5,9,1,0,0,1,0,0,Failure Risk,Power Failure
2050,L12049,L,302.6,312.8,1224,53.0,225,1,0,0,0,1,0,Failure Risk,Overstrain Failure
2051,L12050,L,301.7,310.4,1650,36.0,109,0,0,0,0,0,0,Healthy,None
2052,L12051,L,300.5,310.8,1456,38.9,152,0,0,0,0,0,0,Healthy,None
2053,L12052,L,298.2,307.8,1739,48.8,148,0,0,0,0,0,0,Healthy,None
2054,H12053,H,298.1,307.5,1208,49.7,188,0,0,0,0,0,0,Healthy,None
2055,H12054,H,300.5,310.5,1975,15.5,117,1,0,0,1,0,0,Failure Risk,Power Failure
2056,M12055,M,301.4,310.4,1379,48.8,122,0,0,0,0,0,0,Healthy,None
2057,L12056,L,300.8,309.7,1793,56.3,166,1,0,0,1,0,0,Failure Risk,Power Failure
2058,L12057,L,297.9,305.3,1525,42.5,204,1,1,0,0,0,0,Failure Risk,Tool Wear Failure
2059,M12058,M,301.3,313.0,1391,49.4,65,0,0,0,0,0,0,Healthy,None
2060,M12059,M,300.9,311.5,1585,52.7,250,1,0,0,0,1,0,Failure Risk,Overstrain Failure
2061,L12060,L,297.9,307.8,1722,42.2,133,0,0,0,0,0,0,Healthy,None
2062,M12061,M,298.4,307.7,1260,48.1,251,1,0,0,0,1,0,Failure Risk,Overstrain Failure
2063,H12062,H,301.4,308.5,1663,40.1,0,0,0,0,0,0,0,Healthy,None
2064,L12063,L,299.5,308.8,1535,39.5,248,1,1,0,0,0,0,Failure Risk,Tool Wear Failure
2065,L12064,L,303.2,313.9,1641,33.5,27,0,0,0,0,0,0,Healthy,None
2066,M12065,M,301.0,311.9,1539,41.7,213,0,0,0,0,0,0,Healthy,None
2067,L12066,L,299.0,309.6,1435,58.7,138,0,0,0,0,0,0,Healthy,None
2068,L12067,L,300.0,310.2,1338,31.1,166,0,0,0,0,0,0,Healthy,None
2069,L12068,L,300.1,311.4,1658,46.1,123,0,0,0,0,0,0,Healthy,None
2070,L12069,L,298.5,308.2,1657,43.2,196,0,0,0,0,0,0,Healthy,None
2071,M12070,M,298.2,309.3,1656,54.6,145,1,0,0,1,0,0,Failure Risk,Power Failure
2072,M12071,M,301.4,311.0,1614,56.5,19,1,0,0,1,0,0,Failure Risk,Power Failure
2073,L12072,L,301.7,310.8,1707,30.8,75,0,0,0,0,0,0,Healthy,None
2074,H12073,H,301.2,310.2,1789,34.3,212,0,0,0,0,0,0,Healthy,None
2075,H12074,H,303.0,311.9,1202,34.9,90,0,0,0,0,0,0,Healthy,None
2076,H12075,H,298.9,309.6,1168,35.2,57,0,0,0,0,0,0,Healthy,None
2077,L12076,L,303.3,312.6,1845,36.1,177,0,0,0,0,0,0,Healthy,None
2078,L12077,L,298.2,307.2,1297,43.4,168,0,0,0,0,0,0,Healthy,None
2079,H12078,H,298.0,308.7,1343,31.6,97,0,0,0,0,0,0,Healthy,None
2080,M12079,M,296.5,306.8,1486,33.0,145,0,0,0,0,0,0,Healthy,None
2081,L12080,L,299.1,310.1,1241,32.2,161,0,0,0,0,0,0,Healthy,None
2082,L12081,L,299.0,309.5,1469,44.9,65,0,0,0,0,0,0,Healthy,None
2083,L12082,L,301.1,310.3,1368,39.4,244,0,0,0,0,0,0,Healthy,None
2084,H12083,H,300.5,310.6,1496,37.6,205,0,0,0,0,0,0,Healthy,None
2085,M12084,M,297.6,307.7,1588,31.7,102,0,0,0,0,0,0,Healthy,None
2086,L12085,L,299.2,308.3,1476,24.1,64,1,0,0,0,0,1,Failure Risk,Random Failure
2087,L12086,L,299.3,308.2,1467,56.2,125,0,0,0,0,0,0,Healthy,None
2088,M12087,M,296.4,305.7,1584,37.1,219,0,0,0,0,0,0,Healthy,None
2089,H12088,H,298.0,310.0,1724,66.8,104,1,0,0,1,0,0,Failure Risk,Power Failure
2090,L12089,L,298.5,308.1,1824,47.7,26,1,0,0,1,0,0,Failure Risk,Power Failure
2091,M12090,M,302.9,314.1,1498,58.1,29,1,0,0,1,0,0,Failure Risk,Power Failure
2092,H12091,H,300.4,309.9,1864,49.8,85,1,0,0,1,0,0,Failure Risk,Power Failure
2093,L12092,L,301.3,312.2,1694,41.6,75,0,0,0,0,0,0,Healthy,None
2094,M12093,M,297.0,307.9,1317,34.1,128,0,0,0,0,0,0,Healthy,None
2095,L12094,L,302.4,313.4,1312,30.3,224,0,0,0,0,0,0,Healthy,None
2096,M12095,M,302.6,313.0,1434,51.1,40,0,0,0,0,0,0,Healthy,None
2097,M12096,M,296.0,307.4,1796,42.6,239,0,0,0,0,0,0,Healthy,None
2098,M12097,M,298.6,309.0,1448,46.1,248,0,0,0,0,0,0,Healthy,None
2099,M12098,M,301.0,312.7,1199,48.1,112,0,0,0,0,0,0,Healthy,None
2100,L12099,L,301.3,309.7,1497,43.5,189,0,0,0,0,0,0,Healthy,None
2101,H12100,H,298.6,308.9,1183,35.3,0,0,0,0,0,0,0,Healthy,None
2102,M12101,M,299.4,309.7,1349,50.0,132,0,0,0,0,0,0,Healthy,None
2103,L12102,L,298.8,307.9,1432,38.0,175,0,0,0,0,0,0,Healthy,None
2104,M12103,M,300.2,310.8,1564,40.9,132,0,0,0,0,0,0,Healthy,None
2105,M12104,M,302.4,310.9,1721,47.1,70,0,0,0,0,0,0,Healthy,None
2106,L12105,L,298.5,307.8,1662,39.4,83,0,0,0,0,0,0,Healthy,None
2107,H12106,H,302.0,310.0,1326,22.0,25,1,0,1,1,0,0,Failure Risk,"Heat Dissipation Failure, Power Failure"
2108,H12107,H,298.4,310.0,1471,50.3,48,0,0,0,0,0,0,Healthy,None
2109,L12108,L,298.3,308.1,1551,52.4,69,0,0,0,0,0,0,Healthy,None
2110,H12109,H,301.6,313.8,1491,21.9,89,1,0,0,1,0,0,Failure Risk,Power Failure
2111,L12110,L,301.8,312.6,1489,29.7,60,0,0,0,0,0,0,Healthy,None
2112,L12111,L,301.7,312.1,1229,60.0,2,0,0,0,0,0,0,Healthy,None
2113,L12112,L,297.4,306.8,1331,42.3,166,0,0,0,0,0,0,Healthy,None
2114,H12113,H,299.1,308.1,1465,40.0,77,0,0,0,0,0,0,Healthy,None
2115,M12114,M,301.6,312.1,1168,35.8,176,0,0,0,0,0,0,Healthy,None
2116,L12115,L,300.1,310.0,1652,29.8,13,0,0,0,0,0,0,Healthy,None
2117,L12116,L,297.9,306.6,1292,38.1,19,0,0,0,0,0,0,Healthy,None
2118,M12117,M,300.9,309.4,1660,49.6,185,0,0,0,0,0,0,Healthy,None
2119,L12118,L,298.6,307.6,1645,39.8,171,0,0,0,0,0,0,Healthy,None
2120,H12119,H,303.6,315.4,1440,46.0,136,0,0,0,0,0,0,Healthy,None
2121,H12120,H,303.1,315.3,1717,57.5,190,1,0,0,1,0,0,Failure Risk,Power Failure
2122,M12121,M,301.2,311.4,1671,34.3,249,0,0,0,0,0,0,Healthy,None
2123,H12122,H,302.7,312.8,1482,43.0,189,0,0,0,0,0,0,Healthy,None
2124,L12123,L,300.1,309.8,1462,49.9,5,0,0,0,0,0,0,Healthy,None
2125,H12124,H,301.5,310.6,1734,30.8,193,0,0,0,0,0,0,Healthy,None
2126,M12125,M,303.0,314.4,1579,41.8,101,0,0,0,0,0,0,Healthy,None
2127,M12126,M,300.5,312.4,1725,58.5,104,1,0,0,1,0,0,Failure Risk,Power Failure
2128,L12127,L,299.5,308.6,1168,36.6,42,0,0,0,0,0,0,Healthy,None
2129,H12128,H,296.6,306.5,1555,50.6,63,0,0,0,0,0,0,Healthy,None
2130,L12129,L,299.8,309.4,1255,38.6,96,0,0,0,0,0,0,Healthy,None
2131,L12130,L,301.6,311.2,1533,57.8,43,1,0,0,1,0,0,Failure Risk,Power Failure
2132,L12131,L,301.9,313.1,1665,23.7,4,0,0,0,0,0,0,Healthy,None
2133,M12132,M,301.0,309.7,1849,40.6,140,0,0,0,0,0,0,Healthy,None
2134,M12133,M,298.9,309.4,1370,25.4,119,0,0,0,0,0,0,Healthy,None
2135,M12134,M,296.0,306.7,1443,33.1,142,0,0,0,0,0,0,Healthy,None
2136,H12135,H,299.0,308.9,1520,33.0,236,0,0,0,0,0,0,Healthy,None
2137,L12136,L,299.4,310.3,1363,37.4,118,0,0,0,0,0,0,Healthy,None
2138,M12137,M,299.4,309.5,1713,28.2,249,0,0,0,0,0,0,Healthy,None
2139,L12138,L,301.2,312.4,1525,39.3,161,0,0,0,0,0,0,Healthy,None
2140,H12139,H,304.0,312.5,1559,44.6,183,0,0,0,0,0,0,Healthy,None
2141,H12140,H,300.2,309.9,1649,24.8,200,0,0,0,0,0,0,Healthy,None
2142,M12141,M,299.6,309.5,1525,33.7,89,0,0,0,0,0,0,Healthy,None
2143,M12142,M,299.5,306.8,1391,65.2,29,1,0,0,1,0,0,Failure Risk,Power Failure
2144,L12143,L,300.2,309.1,1526,43.3,55,0,0,0,0,0,0,Healthy,None
2145,L12144,L,298.3,307.5,1384,22.0,123,1,0,0,1,0,0,Failure Risk,Power Failure
2146,H12145,H,300.2,311.1,1557,26.1,213,1,1,0,0,0,0,Failure Risk,Tool Wear Failure
2147,L12146,L,300.9,310.2,1716,42.2,152,0,0,0,0,0,0,Healthy,None
2148,L12147,L,300.4,309.6,1327,41.0,231,0,0,0,0,0,0,Healthy,None
2149,L12148,L,300.9,311.7,1263,34.2,67,0,0,0,0,0,0,Healthy,None
2150,H12149,H,300.9,309.3,1546,61.7,124,1,0,0,1,0,0,Failure Risk,Power Failure
2151,L12150,L,296.5,304.4,1400,65.9,46,1,0,0,1,0,0,Failure Risk,Power Failure
2152,L12151,L,301.3,310.9,1543,37.4,27,0,0,0,0,0,0,Healthy,None
2153,M12152,M,298.7,307.3,1595,48.6,245,0,0,0,0,0,0,Healthy,None
2154,H12153,H,297.8,306.4,1168,49.1,36,1,0,1,0,0,0,Failure Risk,Heat Dissipation Failure
2155,L12154,L,297.8,308.4,1661,50.5,73,0,0,0,0,0,0,Healthy,None
2156,L12155,L,300.9,311.8,1328,33.7,72,0,0,0,0,0,0,Healthy,None
2157,L12156,L,299.6,310.4,1533,59.2,250,1,0,0,1,1,0,Failure Risk,"Power Failure, Overstrain Failure"
2158,L12157,L,296.6,307.7,1419,39.3,126,0,0,0,0,0,0,Healthy,None
2159,L12158,L,301.0,312.2,1439,44.2,35,0,0,0,0,0,0,Healthy,None
2160,M12159,M,297.1,305.0,1841,40.0,128,0,0,0,0,0,0,Healthy,None
2161,M12160,M,300.3,310.8,1595,38.6,221,0,0,0,0,0,0,Healthy,None
2162,M12161,M,300.5,310.0,1699,42.8,74,0,0,0,0,0,0,Healthy,None
2163,L12162,L,301.8,311.1,1565,28.3,152,0,0,0,0,0,0,Healthy,None
2164,H12163,H,303.6,314.2,1648,20.5,74,0,0,0,0,0,0,Healthy,None
2165,L12164,L,297.3,305.6,1612,37.9,40,0,0,0,0,0,0,Healthy,None
2166,H12165,H,299.9,308.1,1583,31.3,182,0,0,0,0,0,0,Healthy,None
2167,M12166,M,299.4,310.0,1736,45.4,68,0,0,0,0,0,0,Healthy,None
2168,L12167,L,300.9,311.4,1566,44.3,218,0,0,0,0,0,0,Healthy,None
2169,M12168,M,300.4,310.5,1947,40.1,214,0,0,0,0,0,0,Healthy,None
2170,L12169,L,299.3,308.4,1709,54.7,56,1,0,0,1,0,0,Failure Risk,Power Failure
2171,M12170,M,299.1,309.8,1334,39.9,210,0,0,0,0,0,0,Healthy,None
2172,L12171,L,297.8,308.5,1506,25.6,244,0,0,0,0,0,0,Healthy,None
2173,L12172,L,302.0,312.1,1609,37.8,2,0,0,0,0,0,0,Healthy,None
2174,H12173,H,300.9,309.7,1545,51.6,135,0,0,0,0,0,0,Healthy,None
2175,L12174,L,301.8,311.4,1660,21.3,47,0,0,0,0,0,0,Healthy,None
2176,H12175,H,299.4,310.2,1680,39.1,58,0,0,0,0,0,0,Healthy,None
2177,L12176,L,298.7,310.0,1294,45.7,112,0,0,0,0,0,0,Healthy,None
2178,M12177,M,297.8,307.5,1767,66.3,35,1,0,0,1,0,0,Failure Risk,Power Failure
2179,M12178,M,300.7,310.5,1449,52.0,182,0,0,0,0,0,0,Healthy,None
2180,M12179,M,297.9,307.7,1431,41.3,78,0,0,0,0,0,0,Healthy,None
2181,L12180,L,303.7,314.0,1430,45.2,76,0,0,0,0,0,0,Healthy,None
2182,L12181,L,297.4,306.8,1682,21.2,221,0,0,0,0,0,0,Healthy,None
2183,L12182,L,300.5,307.6,1490,29.6,168,0,0,0,0,0,0,Healthy,None
2184,L12183,L,303.1,314.3,1419,46.4,73,0,0,0,0,0,0,Healthy,None
2185,M12184,M,301.2,313.0,1462,41.6,58,0,0,0,0,0,0,Healthy,None
2186,H12185,H,300.4,309.8,1216,42.9,161,0,0,0,0,0,0,Healthy,None
2187,H12186,H,298.1,307.0,1387,40.3,29,0,0,0,0,0,0,Healthy,None
2188,M12187,M,297.2,307.1,1316,39.9,88,0,0,0,0,0,0,Healthy,None
2189,M12188,M,301.5,311.3,1489,41.0,61,0,0,0,0,0,0,Healthy,None
2190,M12189,M,303.0,314.0,1656,29.5,69,0,0,0,0,0,0,Healthy,None
2191,L12190,L,299.1,309.2,1637,37.7,54,0,0,0,0,0,0,Healthy,None
2192,H12191,H,297.7,306.9,1762,27.7,243,1,1,0,0,0,0,Failure Risk,Tool Wear Failure
2193,M12192,M,295.1,303.8,1723,33.9,100,0,0,0,0,0,0,Healthy,None
2194,M12193,M,298.0,308.9,1443,51.8,208,0,0,0,0,0,0,Healthy,None
2195,L12194,L,299.8,310.4,1541,38.2,99,0,0,0,0,0,0,Healthy,None
2196,L12195,L,303.2,314.3,1532,45.9,231,0,0,0,0,0,0,Healthy,None
2197,L12196,L,301.3,310.3,1168,41.1,95,0,0,0,0,0,0,Healthy,None
2198,H12197,H,300.6,312.4,1320,36.2,21,0,0,0,0,0,0,Healthy,None
2199,M12198,M,299.2,307.5,1508,30.0,118,0,0,0,0,0,0,Healthy,None
2200,L12199,L,298.8,309.5,1507,36.0,96,0,0,0,0,0,0,Healthy,None
2201,H12200,H,302.8,310.9,1629,41.8,246,1,1,0,0,0,0,Failure Risk,Tool Wear Failure
2202,L12201,L,300.4,309.6,1620,45.7,21,0,0,0,0,0,0,Healthy,None
2203,L12202,L,295.8,307.4,1221,41.2,99,0,0,0,0,0,0,Healthy,None
2204,L12203,L,298.7,309.5,1630,46.4,81,0,0,0,0,0,0,Healthy,None
2205,M12204,M,298.3,307.8,1569,25.0,219,0,0,0,0,0,0,Healthy,None
2206,H12205,H,298.9,308.4,1649,48.6,140,0,0,0,0,0,0,Healthy,None
2207,L12206,L,301.1,311.2,1728,28.8,209,0,0,0,0,0,0,Healthy,None
2208,H12207,H,299.8,310.3,1512,49.7,22,0,0,0,0,0,0,Healthy,None
2209,L12208,L,299.8,311.1,1760,45.0,226,0,0,0,0,0,0,Healthy,None
2210,H12209,H,302.6,312.1,1378,21.5,145,1,0,0,1,0,0,Failure Risk,Power Failure
2211,M12210,M,298.6,307.0,1368,47.3,73,1,0,1,0,0,0,Failure Risk,Heat Dissipation Failure
2212,H12211,H,303.7,313.9,1614,49.9,242,0,0,0,0,0,0,Healthy,None
2213,L12212,L,298.7,308.2,1471,52.5,249,1,0,0,0,1,0,Failure Risk,Overstrain Failure
2214,H12213,H,300.2,308.9,1584,32.4,65,0,0,0,0,0,0,Healthy,None
2215,M12214,M,299.4,309.7,1894,41.8,13,0,0,0,0,0,0,Healthy,None
2216,L12215,L,300.2,310.0,1608,46.9,159,0,0,0,0,0,0,Healthy,None
2217,H12216,H,300.9,311.2,1575,47.3,250,0,0,0,0,0,0,Healthy,None
2218,L12217,L,300.9,310.0,1382,44.1,157,0,0,0,0,0,0,Healthy,None
2219,H12218,H,298.5,309.0,1233,35.8,146,0,0,0,0,0,0,Healthy,None
2220,L12219,L,297.8,306.5,1525,49.8,68,0,0,0,0,0,0,Healthy,None
2221,M12220,M,305.0,314.2,1728,49.8,249,1,0,0,1,1,0,Failure Risk,"Power Failure, Overstrain Failure"
2222,M12221,M,299.0,308.8,1480,38.5,175,0,0,0,0,0,0,Healthy,None
2223,L12222,L,301.4,313.1,1609,32.2,95,0,0,0,0,0,0,Healthy,None
2224,L12223,L,296.8,307.6,1793,32.8,121,0,0,0,0,0,0,Healthy,None
2225,L12224,L,299.4,310.5,1788,53.5,73,1,0,0,1,0,0,Failure Risk,Power Failure
2226,L12225,L,299.7,311.1,1614,49.4,132,0,0,0,0,0,0,Healthy,None
2227,L12226,L,300.9,314.5,1568,39.8,205,1,1,0,0,0,0,Failure Risk,Tool Wear Failure
2228,M12227,M,294.6,304.6,1266,38.0,166,0,0,0,0,0,0,Healthy,None
2229,L12228,L,300.3,311.7,1425,22.5,233,1,0,0,1,0,0,Failure Risk,Power Failure
2230,L12229,L,297.7,308.7,1487,39.2,170,0,0,0,0,0,0,Healthy,None
2231,M12230,M,300.6,311.6,1385,28.2,146,0,0,0,0,0,0,Healthy,None
2232,L12231,L,297.9,309.7,1582,41.6,74,0,0,0,0,0,0,Healthy,None
2233,H12232,H,298.3,307.9,1880,51.7,226,1,1,0,1,0,0,Failure Risk,"Tool Wear Failure, Power Failure"
2234,H12233,H,299.5,309.0,1809,30.3,166,0,0,0,0,0,0,Healthy,None
2235,M12234,M,297.9,308.2,1581,42.4,237,1,1,0,0,0,0,Failure Risk,Tool Wear Failure
2236,M12235,M,299.0,308.8,1677,49.9,101,0,0,0,0,0,0,Healthy,None
2237,H12236,H,297.6,307.9,1407,42.2,213,0,0,0,0,0,0,Healthy,None
2238,L12237,L,296.3,307.9,1800,34.8,243,0,0,0,0,0,0,Healthy,None
2239,L12238,L,302.0,311.5,1258,40.1,58,0,0,0,0,0,0,Healthy,None
2240,L12239,L,297.4,307.1,1701,49.5,236,1,1,0,0,1,0,Failure Risk,"Tool Wear Failure, Overstrain Failure"
2241,M12240,M,299.6,309.8,1626,42.6,237,0,0,0,0,0,0,Healthy,None
2242,L12241,L,301.5,311.3,1402,40.0,93,0,0,0,0,0,0,Healthy,None
2243,M12242,M,298.8,306.9,1500,51.4,179,0,0,0,0,0,0,Healthy,None
2244,H12243,H,298.3,307.7,1334,45.1,93,0,0,0,0,0,0,Healthy,None
2245,H12244,H,300.5,311.2,1342,28.1,238,0,0,0,0,0,0,Healthy,None
2246,M12245,M,302.2,313.6,1253,46.3,177,0,0,0,0,0,0,Healthy,None
2247,L12246,L,297.7,306.5,1675,49.4,202,0,0,0,0,0,0,Healthy,None
2248,H12247,H,299.7,308.5,1753,27.8,213,0,0,0,0,0,0,Healthy,None
2249,M12248,M,296.5,306.5,1168,17.5,9,1,0,0,1,0,0,Failure Risk,Power Failure
2250,L12249,L,299.2,307.1,1867,29.7,106,0,0,0,0,0,0,Healthy,None
2251,L12250,L,300.1,309.7,1535,39.0,82,0,0,0,0,0,0,Healthy,None
2252,H12251,H,298.3,306.6,1589,50.0,117,0,0,0,0,0,0,Healthy,None
2253,M12252,M,299.1,310.5,1274,31.2,14,0,0,0,0,0,0,Healthy,None
2254,H12253,H,297.2,306.4,1774,45.5,59,0,0,0,0,0,0,Healthy,None
2255,H12254,H,300.2,311.9,1573,11.4,34,1,0,0,1,0,0,Failure Risk,Power Failure
2256,M12255,M,302.1,313.2,1741,41.8,34,0,0,0,0,0,0,Healthy,None
2257,M12256,M,297.8,307.2,1756,36.0,0,0,0,0,0,0,0,Healthy,None
2258,L12257,L,298.8,307.7,1776,60.8,46,1,0,0,1,0,0,Failure Risk,Power Failure
2259,L12258,L,301.0,310.8,1421,21.3,190,1,0,0,1,0,0,Failure Risk,Power Failure
2260,L12259,L,302.4,312.3,1500,39.9,108,0,0,0,0,0,0,Healthy,None
2261,M12260,M,297.0,307.3,1428,21.2,110,1,0,0,1,0,0,Failure Risk,Power Failure
2262,M12261,M,299.7,308.9,1698,34.6,244,0,0,0,0,0,0,Healthy,None
2263,H12262,H,300.6,311.3,1597,23.2,17,0,0,0,0,0,0,Healthy,None
2264,L12263,L,299.8,310.1,1729,62.8,25,1,0,0,1,0,0,Failure Risk,Power Failure
2265,M12264,M,295.0,304.7,1737,36.5,59,0,0,0,0,0,0,Healthy,None
2266,M12265,M,301.0,310.3,1228,37.9,145,0,0,0,0,0,0,Healthy,None
2267,M12266,M,303.0,312.8,1779,39.6,62,0,0,0,0,0,0,Healthy,None
2268,M12267,M,300.2,309.4,1708,28.8,40,0,0,0,0,0,0,Healthy,None
2269,L12268,L,297.9,308.0,1471,50.4,209,1,1,0,0,0,0,Failure Risk,Tool Wear Failure
2270,M12269,M,299.0,309.1,1600,46.3,42,0,0,0,0,0,0,Healthy,None
2271,L12270,L,303.5,313.8,1515,49.1,209,0,0,0,0,0,0,Healthy,None
2272,L12271,L,301.8,313.6,1648,27.9,223,0,0,0,0,0,0,Healthy,None
2273,L12272,L,301.3,311.2,1471,51.2,37,0,0,0,0,0,0,Healthy,None
2274,M12273,M,300.7,311.7,1623,50.1,249,1,0,0,0,1,0,Failure Risk,Overstrain Failure
2275,H12274,H,298.7,308.9,1550,37.7,154,0,0,0,0,0,0,Healthy,None
2276,M12275,M,299.6,309.4,1460,48.9,176,0,0,0,0,0,0,Healthy,None
2277,M12276,M,299.8,309.7,1572,42.7,55,0,0,0,0,0,0,Healthy,None
2278,M12277,M,301.1,311.0,2022,24.2,220,0,0,0,0,0,0,Healthy,None
2279,M12278,M,303.0,313.3,1415,38.2,176,0,0,0,0,0,0,Healthy,None
2280,L12279,L,302.2,311.2,1493,35.2,168,0,0,0,0,0,0,Healthy,None
2281,L12280,L,297.2,305.7,1418,40.8,211,0,0,0,0,0,0,Healthy,None
2282,L12281,L,300.4,311.1,1437,50.1,187,0,0,0,0,0,0,Healthy,None
2283,L12282,L,301.5,312.4,1684,23.8,126,0,0,0,0,0,0,Healthy,None
2284,L12283,L,301.2,311.9,1666,35.6,98,0,0,0,0,0,0,Healthy,None
2285,L12284,L,298.7,308.9,1536,31.9,86,0,0,0,0,0,0,Healthy,None
2286,L12285,L,305.8,316.6,1721,32.3,55,0,0,0,0,0,0,Healthy,None
2287,H12286,H,297.4,308.1,1680,31.9,203,1,1,0,0,0,0,Failure Risk,Tool Wear Failure
2288,L12287,L,297.8,308.6,1508,40.7,189,0,0,0,0,0,0,Healthy,None
2289,L12288,L,300.5,309.6,1263,45.2,116,0,0,0,0,0,0,Healthy,None
2290,L12289,L,304.2,313.1,1686,43.4,226,0,0,0,0,0,0,Healthy,None
2291,M12290,M,298.3,307.9,1568,41.8,61,0,0,0,0,0,0,Healthy,None
2292,L12291,L,299.5,309.5,1541,46.2,99,0,0,0,0,0,0,Healthy,None
2293,L12292,L,302.2,312.0,1454,63.6,169,1,0,0,1,0,0,Failure Risk,Power Failure
2294,M12293,M,300.0,308.1,1671,41.3,117,0,0,0,0,0,0,Healthy,None
2295,L12294,L,299.3,311.0,1600,50.1,155,0,0,0,0,0,0,Healthy,None
2296,L12295,L,301.1,310.8,1495,49.5,36,0,0,0,0,0,0,Healthy,None
2297,L12296,L,300.5,310.7,1318,57.6,19,0,0,0,0,0,0,Healthy,None
2298,L12297,L,302.1,313.3,1729,45.5,34,0,0,0,0,0,0,Healthy,None
2299,L12298,L,302.6,310.3,1646,31.6,181,0,0,0,0,0,0,Healthy,None
2300,L12299,L,300.6,310.1,1583,43.0,70,0,0,0,0,0,0,Healthy,None
2301,H12300,H,300.6,310.2,1168,42.5,97,0,0,0,0,0,0,Healthy,None
2302,M12301,M,300.4,310.1,1531,48.1,5,0,0,0,0,0,0,Healthy,None
2303,M12302,M,301.0,310.8,1494,31.4,18,0,0,0,0,0,0,Healthy,None
2304,L12303,L,300.1,311.5,1427,52.5,105,0,0,0,0,0,0,Healthy,None
2305,H12304,H,300.0,310.7,1673,40.1,7,0,0,0,0,0,0,Healthy,None
2306,L12305,L,302.4,313.4,1665,48.3,175,0,0,0,0,0,0,Healthy,None
2307,L12306,L,303.0,313.0,1616,43.1,221,0,0,0,0,0,0,Healthy,None
2308,M12307,M,297.0,305.6,1723,41.2,193,0,0,0,0,0,0,Healthy,None
2309,L12308,L,300.0,307.9,1355,42.3,15,1,0,1,0,0,0,Failure Risk,Heat Dissipation Failure
2310,L12309,L,298.6,307.1,1456,46.7,116,0,0,0,0,0,0,Healthy,None
2311,M12310,M,299.4,309.8,1551,59.4,109,1,0,0,1,0,0,Failure Risk,Power Failure
2312,H12311,H,300.8,310.8,1426,20.0,23,1,0,0,1,0,0,Failure Risk,Power Failure
2313,L12312,L,301.3,311.1,1668,45.3,152,0,0,0,0,0,0,Healthy,None
2314,M12313,M,299.8,309.4,1444,40.4,140,0,0,0,0,0,0,Healthy,None
2315,H12314,H,296.2,308.2,1770,38.2,118,0,0,0,0,0,0,Healthy,None
2316,L12315,L,298.1,307.3,1371,16.6,200,1,0,0,1,0,0,Failure Risk,Power Failure
2317,L12316,L,301.8,312.7,1919,45.7,157,1,0,0,1,0,0,Failure Risk,Power Failure
2318,L12317,L,294.5,304.5,1901,38.8,8,0,0,0,0,0,0,Healthy,None
2319,L12318,L,302.4,312.3,1521,31.7,190,0,0,0,0,0,0,Healthy,None
2320,L12319,L,301.0,312.2,1743,40.4,167,0,0,0,0,0,0,Healthy,None
2321,H12320,H,302.6,314.1,1466,37.1,6,0,0,0,0,0,0,Healthy,None
2322,M12321,M,299.6,309.4,1719,22.8,207,0,0,0,0,0,0,Healthy,None
2323,M12322,M,295.9,306.7,1506,40.9,229,0,0,0,0,0,0,Healthy,None
2324,L12323,L,300.9,311.3,1307,45.7,31,0,0,0,0,0,0,Healthy,None
2325,H12324,H,302.5,312.5,1168,34.6,188,0,0,0,0,0,0,Healthy,None
2326,H12325,H,301.8,312.0,1489,42.6,59,0,0,0,0,0,0,Healthy,None
2327,H12326,H,298.7,308.0,1587,41.1,92,0,0,0,0,0,0,Healthy,None
2328,L12327,L,300.2,309.9,1776,50.4,106,1,0,0,1,0,0,Failure Risk,Power Failure
2329,M12328,M,298.9,308.3,1544,39.0,50,0,0,0,0,0,0,Healthy,None
2330,L12329,L,298.4,309.3,1717,47.9,39,0,0,0,0,0,0,Healthy,None
2331,L12330,L,301.9,311.8,1456,36.9,114,0,0,0,0,0,0,Healthy,None
2332,L12331,L,297.6,306.3,1477,59.5,78,1,0,0,1,0,0,Failure Risk,Power Failure
2333,M12332,M,298.2,307.5,1726,35.7,10,0,0,0,0,0,0,Healthy,None
2334,M12333,M,297.8,304.6,1168,33.2,72,1,0,1,0,0,0,Failure Risk,Heat Dissipation Failure
2335,L12334,L,297.0,306.5,1540,39.0,15,0,0,0,0,0,0,Healthy,None
2336,L12335,L,300.3,310.3,1466,32.8,24,0,0,0,0,0,0,Healthy,None
2337,L12336,L,302.3,312.2,1781,27.6,159,0,0,0,0,0,0,Healthy,None
2338,L12337,L,299.6,311.6,1443,47.2,236,1,0,0,0,1,0,Failure Risk,Overstrain Failure
2339,L12338,L,297.0,307.6,1630,9.7,201,1,0,0,1,0,0,Failure Risk,Power Failure
2340,L12339,L,301.7,312.2,1702,32.9,137,0,0,0,0,0,0,Healthy,None
2341,M12340,M,303.4,311.8,1270,26.7,221,1,0,1,0,0,0,Failure Risk,Heat Dissipation Failure
2342,L12341,L,298.7,308.3,1513,41.4,184,0,0,0,0,0,0,Healthy,None
2343,L12342,L,299.0,308.5,1460,18.3,83,1,0,0,1,0,0,Failure Risk,Power Failure
2344,L12343,L,301.0,310.2,1707,45.4,40,0,0,0,0,0,0,Healthy,None
2345,H12344,H,303.2,312.4,1658,46.5,123,0,0,0,0,0,0,Healthy,None
2346,M12345,M,299.0,307.2,1496,23.8,225,0,0,0,0,0,0,Healthy,None
2347,M12346,M,297.3,306.0,1350,41.9,64,0,0,0,0,0,0,Healthy,None
2348,L12347,L,301.3,312.2,1723,45.1,159,0,0,0,0,0,0,Healthy,None
2349,M12348,M,301.6,311.5,1525,49.3,103,0,0,0,0,0,0,Healthy,None
2350,L12349,L,300.0,309.5,1248,25.5,94,1,0,0,1,0,0,Failure Risk,Power Failure
2351,M12350,M,298.9,308.9,1263,24.1,175,1,0,0,1,0,0,Failure Risk,Power Failure
2352,H12351,H,302.0,313.2,1616,54.9,53,1,0,0,1,0,0,Failure Risk,Power Failure
2353,M12352,M,301.1,311.1,1309,31.9,124,0,0,0,0,0,0,Healthy,None
2354,H12353,H,298.5,309.0,1870,34.8,74,0,0,0,0,0,0,Healthy,None
2355,M12354,M,300.1,309.3,1370,46.3,121,0,0,0,0,0,0,Healthy,None
2356,L12355,L,297.3,306.7,1537,28.4,40,0,0,0,0,0,0,Healthy,None
2357,H12356,H,301.4,311.8,1566,37.4,248,0,0,0,0,0,0,Healthy,None
2358,L12357,L,299.5,311.4,1407,48.8,82,0,0,0,0,0,0,Healthy,None
2359,M12358,M,299.1,310.5,1168,25.9,113,1,0,0,1,0,0,Failure Risk,Power Failure
2360,L12359,L,299.9,310.5,1572,35.0,60,0,0,0,0,0,0,Healthy,None
2361,L12360,L,300.1,310.3,1403,28.8,134,0,0,0,0,0,0,Healthy,None
2362,L12361,L,301.8,313.2,1558,32.3,180,0,0,0,0,0,0,Healthy,None
2363,L12362,L,301.2,312.0,1516,51.7,220,1,0,0,0,1,0,Failure Risk,Overstrain Failure
2364,L12363,L,299.7,307.4,1585,53.9,233,1,1,0,0,1,0,Failure Risk,"Tool Wear Failure, Overstrain Failure"
2365,M12364,M,301.5,310.4,1817,42.6,101,0,0,0,0,0,0,Healthy,None
2366,L12365,L,300.8,311.1,1440,45.3,52,0,0,0,0,0,0,Healthy,None
2367,L12366,L,299.1,307.3,1454,45.0,227,0,0,0,0,0,0,Healthy,None
2368,M12367,M,299.8,308.9,1239,33.3,96,0,0,0,0,0,0,Healthy,None
2369,L12368,L,299.7,309.0,1503,42.4,99,0,0,0,0,0,0,Healthy,None
2370,M12369,M,301.0,310.7,1611,27.2,153,0,0,0,0,0,0,Healthy,None
2371,M12370,M,299.3,309.0,1451,30.5,220,0,0,0,0,0,0,Healthy,None
2372,H12371,H,299.2,308.9,1612,39.1,60,0,0,0,0,0,0,Healthy,None
2373,M12372,M,303.9,314.7,1506,29.5,92,0,0,0,0,0,0,Healthy,None
2374,L12373,L,301.9,311.6,1304,27.4,34,0,0,0,0,0,0,Healthy,None
2375,M12374,M,298.5,308.1,1593,33.0,2,0,0,0,0,0,0,Healthy,None
2376,L12375,L,301.1,309.8,1501,51.3,109,0,0,0,0,0,0,Healthy,None
2377,L12376,L,300.2,311.2,1559,55.4,196,1,0,0,1,0,0,Failure Risk,Power Failure
2378,M12377,M,300.8,310.1,1436,39.7,224,0,0,0,0,0,0,Healthy,None
2379,L12378,L,300.3,309.2,1420,45.8,63,0,0,0,0,0,0,Healthy,None
2380,M12379,M,302.4,312.6,1566,34.4,138,0,0,0,0,0,0,Healthy,None
2381,H12380,H,300.7,309.9,1496,19.6,133,1,0,0,1,0,0,Failure Risk,Power Failure
2382,H12381,H,299.9,309.4,1846,31.2,129,0,0,0,0,0,0,Healthy,None
2383,H12382,H,302.1,312.4,1680,36.9,204,0,0,0,0,0,0,Healthy,None
2384,L12383,L,300.5,310.2,1635,41.4,192,0,0,0,0,0,0,Healthy,None
2385,L12384,L,300.2,312.5,1506,39.0,218,0,0,0,0,0,0,Healthy,None
2386,M12385,M,300.6,310.5,1175,37.2,39,0,0,0,0,0,0,Healthy,None
2387,L12386,L,299.8,310.4,1393,34.3,126,0,0,0,0,0,0,Healthy,None
2388,M12387,M,300.0,308.1,1422,43.4,105,0,0,0,0,0,0,Healthy,None
2389,M12388,M,298.8,307.9,1488,26.5,142,0,0,0,0,0,0,Healthy,None
2390,M12389,M,298.5,307.4,1532,47.9,98,0,0,0,0,0,0,Healthy,None
2391,L12390,L,298.0,307.0,1655,34.2,157,0,0,0,0,0,0,Healthy,None
2392,L12391,L,297.2,307.6,1586,60.5,5,1,0,0,1,0,0,Failure Risk,Power Failure
2393,L12392,L,298.2,309.2,1745,36.9,97,0,0,0,0,0,0,Healthy,None
2394,L12393,L,299.7,310.0,1482,35.2,20,0,0,0,0,0,0,Healthy,None
2395,H12394,H,300.2,310.0,1584,34.4,223,1,1,0,0,0,0,Failure Risk,Tool Wear Failure
2396,L12395,L,299.5,308.9,1599,35.3,184,0,0,0,0,0,0,Healthy,None
2397,L12396,L,295.3,306.4,1581,46.0,182,0,0,0,0,0,0,Healthy,None
2398,L12397,L,303.1,315.2,1767,39.6,83,0,0,0,0,0,0,Healthy,None
2399,M12398,M,302.2,312.3,1681,49.8,98,0,0,0,0,0,0,Healthy,None
2400,M12399,M,300.9,311.8,1301,44.6,190,0,0,0,0,0,0,Healthy,None
2401,L12400,L,303.8,314.1,1517,40.3,136,0,0,0,0,0,0,Healthy,None
2402,L12401,L,298.0,308.8,1535,43.7,51,0,0,0,0,0,0,Healthy,None
2403,L12402,L,303.8,312.6,1923,51.8,36,1,0,0,1,0,0,Failure Risk,Power Failure
2404,L12403,L,298.1,307.6,1478,46.5,197,0,0,0,0,0,0,Healthy,None
2405,M12404,M,300.5,310.9,1362,42.8,201,0,0,0,0,0,0,Healthy,None
2406,M12405,M,297.5,308.7,1616,44.2,244,0,0,0,0,0,0,Healthy,None
2407,L12406,L,300.0,309.2,1626,28.6,8,0,0,0,0,0,0,Healthy,None
2408,L12407,L,300.8,308.8,1524,65.5,224,1,0,0,1,1,0,Failure Risk,"Power Failure, Overstrain Failure"
2409,H12408,H,299.7,309.2,1498,45.2,122,0,0,0,0,0,0,Healthy,None
2410,L12409,L,301.4,312.4,1707,46.2,143,0,0,0,0,0,0,Healthy,None
2411,M12410,M,300.2,308.6,1385,39.7,31,0,0,0,0,0,0,Healthy,None
2412,L12411,L,299.0,307.8,1476,17.3,101,1,0,0,1,0,0,Failure Risk,Power Failure
2413,L12412,L,298.9,309.1,1444,37.4,111,0,0,0,0,0,0,Healthy,None
2414,L12413,L,301.6,311.5,1733,40.8,211,0,0,0,0,0,0,Healthy,None
2415,M12414,M,298.7,309.3,1589,31.9,211,1,1,0,0,0,0,Failure Risk,Tool Wear Failure
2416,H12415,H,301.8,310.6,1347,31.8,2,0,0,0,0,0,0,Healthy,None
2417,L12416,L,302.4,312.1,1365,36.6,141,0,0,0,0,0,0,Healthy,None
2418,L12417,L,296.7,307.9,1873,47.6,20,1,0,0,1,0,0,Failure Risk,Power Failure
2419,L12418,L,302.3,311.1,1731,52.4,71,1,0,0,1,0,0,Failure Risk,Power Failure
2420,L12419,L,304.1,315.6,1688,41.7,115,0,0,0,0,0,0,Healthy,None
2421,L12420,L,300.5,309.4,1540,34.4,246,1,1,0,0,0,0,Failure Risk,Tool Wear Failure
2422,L12421,L,301.2,312.0,1808,36.4,237,0,0,0,0,0,0,Healthy,None
2423,M12422,M,302.1,311.7,1340,41.0,215,1,1,0,0,0,0,Failure Risk,Tool Wear Failure
2424,L12423,L,299.4,308.3,1672,42.2,174,0,0,0,0,0,0,Healthy,None
2425,L12424,L,300.4,309.9,1458,44.3,20,0,0,0,0,0,0,Healthy,None
2426,H12425,H,297.4,307.9,1493,35.7,41,0,0,0,0,0,0,Healthy,None
2427,L12426,L,300.3,310.3,1667,45.2,95,0,0,0,0,0,0,Healthy,None
2428,H12427,H,301.0,312.1,1512,44.5,144,0,0,0,0,0,0,Healthy,None
2429,L12428,L,301.0,312.4,1460,36.1,39,0,0,0,0,0,0,Healthy,None
2430,H12429,H,302.1,310.9,1449,23.0,57,1,0,0,1,0,0,Failure Risk,Power Failure
2431,M12430,M,298.5,307.2,1182,31.2,114,0,0,0,0,0,0,Healthy,None
2432,H12431,H,298.9,307.6,1674,55.5,131,1,0,0,1,0,0,Failure Risk,Power Failure
2433,H12432,H,303.8,312.9,1357,23.2,41,1,0,0,1,0,0,Failure Risk,Power Failure
2434,L12433,L,299.7,310.8,1870,53.0,86,1,0,0,1,0,0,Failure Risk,Power Failure
2435,H12434,H,300.4,311.0,1486,22.9,56,0,0,0,0,0,0,Healthy,None
2436,L12435,L,299.9,309.4,1772,32.3,35,0,0,0,0,0,0,Healthy,None
2437,L12436,L,298.4,308.4,1214,36.3,252,0,0,0,0,0,0,Healthy,None
2438,L12437,L,303.2,314.6,1668,57.6,51,1,0,0,1,0,0,Failure Risk,Power Failure
2439,M12438,M,298.9,310.8,1714,40.3,149,0,0,0,0,0,0,Healthy,None
2440,L12439,L,297.7,308.0,1771,37.9,88,0,0,0,0,0,0,Healthy,None
2441,M12440,M,299.1,306.4,1264,30.7,195,1,0,1,0,0,0,Failure Risk,Heat Dissipation Failure
2442,M12441,M,296.0,306.3,1412,45.2,9,0,0,0,0,0,0,Healthy,None
2443,M12442,M,298.7,309.6,1641,34.9,151,0,0,0,0,0,0,Healthy,None
2444,H12443,H,298.1,308.3,1564,37.7,162,0,0,0,0,0,0,Healthy,None
2445,L12444,L,301.2,311.9,1590,36.5,113,0,0,0,0,0,0,Healthy,None
2446,L12445,L,298.7,309.1,1473,47.1,77,0,0,0,0,0,0,Healthy,None
2447,L12446,L,301.8,310.6,1815,47.5,147,1,0,0,1,0,0,Failure Risk,Power Failure
2448,L12447,L,302.8,311.9,2004,31.2,109,0,0,0,0,0,0,Healthy,None
2449,L12448,L,301.6,311.3,1556,33.8,252,1,1,0,0,0,0,Failure Risk,Tool Wear Failure
2450,L12449,L,299.6,310.7,1619,32.8,51,0,0,0,0,0,0,Healthy,None
2451,L12450,L,300.3,309.5,1548,41.8,246,0,0,0,0,0,0,Healthy,None
2452,H12451,H,297.0,307.5,1767,49.0,13,1,0,0,1,0,0,Failure Risk,Power Failure
2453,M12452,M,299.7,310.0,1686,41.9,166,0,0,0,0,0,0,Healthy,None
2454,L12453,L,298.3,309.9,1347,18.3,72,1,0,0,1,0,0,Failure Risk,Power Failure
2455,M12454,M,301.4,311.4,1428,47.5,249,0,0,0,0,0,0,Healthy,None
2456,L12455,L,305.1,313.3,1357,26.6,161,1,0,1,0,0,0,Failure Risk,Heat Dissipation Failure
2457,L12456,L,301.0,311.6,2020,32.9,83,0,0,0,0,0,0,Healthy,None
2458,M12457,M,296.0,308.1,1651,42.0,66,0,0,0,0,0,0,Healthy,None
2459,L12458,L,299.3,310.0,1431,39.2,203,0,0,0,0,0,0,Healthy,None
2460,L12459,L,300.2,309.4,1417,48.6,242,1,1,0,0,1,0,Failure Risk,"Tool Wear Failure, Overstrain Failure"
2461,H12460,H,300.2,309.1,1682,34.0,111,0,0,0,0,0,0,Healthy,None
2462,H12461,H,298.5,307.5,1699,30.4,102,0,0,0,0,0,0,Healthy,None
2463,M12462,M,300.5,312.5,1680,36.9,11,0,0,0,0,0,0,Healthy,None
2464,M12463,M,297.5,307.2,1461,49.7,41,0,0,0,0,0,0,Healthy,None
2465,M12464,M,298.1,307.4,1592,46.2,213,0,0,0,0,0,0,Healthy,None
2466,L12465,L,301.3,311.1,1557,40.9,226,0,0,0,0,0,0,Healthy,None
2467,L12466,L,298.0,307.7,1370,53.1,231,1,0,0,0,1,0,Failure Risk,Overstrain Failure
2468,L12467,L,301.1,312.7,1372,51.3,158,0,0,0,0,0,0,Healthy,None
2469,L12468,L,297.3,306.3,1611,47.8,247,1,0,0,0,1,0,Failure Risk,Overstrain Failure
2470,M12469,M,303.5,314.7,1573,28.3,198,0,0,0,0,0,0,Healthy,None
2471,L12470,L,298.5,308.6,1637,47.8,136,0,0,0,0,0,0,Healthy,None
2472,H12471,H,299.6,310.8,1679,38.0,125,0,0,0,0,0,0,Healthy,None
2473,H12472,H,300.7,312.3,1806,36.1,50,0,0,0,0,0,0,Healthy,None
2474,M12473,M,298.9,309.0,1399,33.2,36,0,0,0,0,0,0,Healthy,None
2475,M12474,M,300.3,310.0,1650,38.3,149,0,0,0,0,0,0,Healthy,None
2476,H12475,H,301.2,311.3,1672,33.8,136,0,0,0,0,0,0,Healthy,None
2477,L12476,L,301.9,311.8,1482,41.7,207,0,0,0,0,0,0,Healthy,None
2478,M12477,M,301.6,309.9,1559,38.3,115,0,0,0,0,0,0,Healthy,None
2479,L12478,L,299.7,311.3,1486,42.2,191,0,0,0,0,0,0,Healthy,None
2480,M12479,M,299.7,309.9,1915,45.5,62,1,0,0,1,0,0,Failure Risk,Power Failure
2481,L12480,L,304.7,313.5,1556,37.1,84,0,0,0,0,0,0,Healthy,None
2482,H12481,H,301.9,309.8,1618,32.7,72,0,0,0,0,0,0,Healthy,None
2483,H12482,H,298.2,305.9,1490,20.1,139,1,0,0,1,0,0,Failure Risk,Power Failure
2484,L12483,L,300.2,311.0,1452,47.6,26,0,0,0,0,0,0,Healthy,None
2485,L12484,L,299.3,308.7,1304,40.8,115,0,0,0,0,0,0,Healthy,None
2486,H12485,H,299.7,309.2,1734,38.3,46,0,0,0,0,0,0,Healthy,None
2487,L12486,L,297.5,308.0,1675,51.6,241,1,1,0,1,1,0,Failure Risk,"Tool Wear Failure, Power Failure, Overstrain Failure"
2488,H12487,H,299.2,308.7,1484,27.2,72,0,0,0,0,0,0,Healthy,None
2489,M12488,M,303.6,314.1,1376,40.6,218,0,0,0,0,0,0,Healthy,None
2490,L12489,L,301.2,311.3,1570,30.5,27,0,0,0,0,0,0,Healthy,None
2491,L12490,L,295.0,304.9,1448,46.5,34,0,0,0,0,0,0,Healthy,None
2492,L12491,L,302.4,310.8,1498,18.0,106,1,0,0,1,0,0,Failure Risk,Power Failure
2493,M12492,M,302.2,311.4,1311,48.0,165,0,0,0,0,0,0,Healthy,None
2494,L12493,L,299.3,309.9,1576,47.6,95,0,0,0,0,0,0,Healthy,None
2495,M12494,M,301.4,310.7,1580,30.9,168,0,0,0,0,0,0,Healthy,None
2496,L12495,L,298.3,309.5,1733,40.7,66,0,0,0,0,0,0,Healthy,None
2497,M12496,M,299.1,311.4,1511,31.1,183,0,0,0,0,0,0,Healthy,None
2498,H12497,H,303.0,313.7,1478,44.2,136,0,0,0,0,0,0,Healthy,None
2499,H12498,H,299.5,311.0,1259,48.1,130,0,0,0,0,0,0,Healthy,None
2500,L12499,L,296.3,307.0,1735,30.1,50,0,0,0,0,0,0,Healthy,None
2501,H12500,H,299.9,309.4,1697,27.2,227,0,0,0,0,0,0,Healthy,None
2502,M12501,M,299.8,310.0,1543,50.9,76,0,0,0,0,0,0,Healthy,None
2503,M12502,M,302.4,314.4,1300,59.2,176,0,0,0,0,0,0,Healthy,None
2504,H12503,H,300.0,309.5,1320,44.9,225,0,0,0,0,0,0,Healthy,None
2505,L12504,L,299.2,308.2,1440,45.6,221,1,1,0,0,0,0,Failure Risk,Tool Wear Failure
2506,L12505,L,302.1,311.0,1710,36.7,207,0,0,0,0,0,0,Healthy,None
2507,H12506,H,300.2,310.0,1589,41.8,224,0,0,0,0,0,0,Healthy,None
2508,L12507,L,298.5,307.5,1270,43.5,162,0,0,0,0,0,0,Healthy,None
2509,H12508,H,302.3,314.0,1610,38.2,15,0,0,0,0,0,0,Healthy,None
2510,H12509,H,300.4,310.6,1387,53.4,229,1,1,0,0,0,0,Failure Risk,Tool Wear Failure
2511,L12510,L,300.0,311.0,1444,41.7,167,0,0,0,0,0,0,Healthy,None
2512,H12511,H,300.4,310.1,1711,43.0,68,0,0,0,0,0,0,Healthy,None
2513,L12512,L,297.9,306.8,1675,38.4,7,0,0,0,0,0,0,Healthy,None
2514,M12513,M,298.9,307.6,1733,39.4,181,0,0,0,0,0,0,Healthy,None
2515,M12514,M,300.0,309.1,1533,52.1,160,0,0,0,0,0,0,Healthy,None
2516,H12515,H,299.6,309.9,1696,41.4,178,0,0,0,0,0,0,Healthy,None
2517,L12516,L,302.5,313.0,1433,41.7,221,0,0,0,0,0,0,Healthy,None
2518,L12517,L,300.4,311.0,1491,41.8,129,0,0,0,0,0,0,Healthy,None
2519,M12518,M,301.7,310.2,1479,36.4,165,0,0,0,0,0,0,Healthy,None
2520,M12519,M,300.0,310.0,1542,26.1,55,0,0,0,0,0,0,Healthy,None
2521,M12520,M,302.1,311.1,1307,55.6,229,1,0,0,0,1,0,Failure Risk,Overstrain Failure
2522,L12521,L,300.8,311.2,1497,50.6,19,0,0,0,0,0,0,Healthy,None
2523,L12522,L,300.0,310.5,1797,52.4,51,1,0,0,1,0,0,Failure Risk,Power Failure
2524,L12523,L,300.0,308.8,1342,29.4,136,0,0,0,0,0,0,Healthy,None
2525,H12524,H,298.1,309.1,1300,54.3,64,0,0,0,0,0,0,Healthy,None
2526,L12525,L,301.0,313.3,1314,59.5,65,0,0,0,0,0,0,Healthy,None
2527,L12526,L,299.9,310.7,2014,50.3,243,1,0,0,1,1,0,Failure Risk,"Power Failure, Overstrain Failure"
2528,H12527,H,299.0,308.8,1621,56.3,18,1,0,0,1,0,0,Failure Risk,Power Failure
2529,L12528,L,302.2,311.9,1489,47.9,143,0,0,0,0,0,0,Healthy,None
2530,H12529,H,297.5,307.3,1550,31.6,232,0,0,0,0,0,0,Healthy,None
2531,M12530,M,299.2,308.4,1578,45.0,196,0,0,0,0,0,0,Healthy,None
2532,H12531,H,302.1,312.4,1423,29.9,95,0,0,0,0,0,0,Healthy,None
2533,L12532,L,300.6,309.5,1445,34.1,247,1,1,0,0,0,0,Failure Risk,Tool Wear Failure
2534,L12533,L,299.9,308.0,1509,43.1,19,0,0,0,0,0,0,Healthy,None
2535,M12534,M,300.5,310.7,1408,41.8,106,0,0,0,0,0,0,Healthy,None
2536,H12535,H,300.4,310.4,1466,44.6,51,0,0,0,0,0,0,Healthy,None
2537,M12536,M,297.0,306.4,1601,22.3,141,0,0,0,0,0,0,Healthy,None
2538,L12537,L,299.3,308.0,1359,38.5,121,0,0,0,0,0,0,Healthy,None
2539,M12538,M,303.2,313.5,2005,45.4,204,1,0,0,1,0,0,Failure Risk,Power Failure
2540,M12539,M,298.7,307.7,1672,47.4,90,0,0,0,0,0,0,Healthy,None
2541,M12540,M,299.4,309.3,1310,48.1,162,0,0,0,0,0,0,Healthy,None
2542,M12541,M,298.9,310.7,1168,42.5,184,0,0,0,0,0,0,Healthy,None
2543,H12542,H,299.8,310.5,1414,36.2,121,0,0,0,0,0,0,Healthy,None
2544,M12543,M,298.8,307.4,1660,45.0,161,0,0,0,0,0,0,Healthy,None
2545,L12544,L,301.0,309.7,1625,37.0,186,0,0,0,0,0,0,Healthy,None
2546,L12545,L,300.4,310.6,1518,48.9,79,0,0,0,0,0,0,Healthy,None
2547,L12546,L,301.5,310.1,1430,44.2,155,0,0,0,0,0,0,Healthy,None
2548,L12547,L,297.9,305.9,1376,39.4,170,1,0,1,0,0,0,Failure Risk,Heat Dissipation Failure
2549,L12548,L,299.3,309.8,1465,32.4,162,0,0,0,0,0,0,Healthy,None
2550,L12549,L,299.5,309.8,1356,51.1,142,0,0,0,0,0,0,Healthy,None
2551,L12550,L,300.9,311.4,1466,45.5,2,0,0,0,0,0,0,Healthy,None
2552,L12551,L,298.4,308.7,1776,60.8,218,1,1,0,1,1,0,Failure Risk,"Tool Wear Failure, Power Failure, Overstrain Failure"
2553,H12552,H,301.8,311.7,1399,45.2,154,0,0,0,0,0,0,Healthy,None
2554,H12553,H,302.4,311.7,1647,46.0,126,0,0,0,0,0,0,Healthy,None
2555,L12554,L,298.0,308.5,1674,25.5,114,0,0,0,0,0,0,Healthy,None
2556,H12555,H,299.0,310.5,1344,43.1,3,0,0,0,0,0,0,Healthy,None
2557,M12556,M,298.9,308.4,1387,36.9,212,0,0,0,0,0,0,Healthy,None
2558,L12557,L,305.3,314.3,1729,48.2,149,0,0,0,0,0,0,Healthy,None
2559,L12558,L,299.1,308.0,1372,43.3,68,0,0,0,0,0,0,Healthy,None
2560,M12559,M,303.4,312.5,1527,49.8,104,0,0,0,0,0,0,Healthy,None
2561,M12560,M,297.5,307.7,1903,61.1,230,1,0,0,1,1,0,Failure Risk,"Power Failure, Overstrain Failure"
2562,M12561,M,298.0,305.9,1713,32.1,22,0,0,0,0,0,0,Healthy,None
2563,L12562,L,298.6,309.0,1553,49.4,214,0,0,0,0,0,0,Healthy,None
2564,L12563,L,298.3,308.9,1688,46.8,140,0,0,0,0,0,0,Healthy,None
2565,L12564,L,299.5,307.7,1527,59.6,59,1,0,0,1,0,0,Failure Risk,Power Failure
2566,L12565,L,298.6,307.6,1720,47.0,26,0,0,0,0,0,0,Healthy,None
2567,L12566,L,298.4,308.5,1171,46.0,118,0,0,0,0,0,0,Healthy,None
2568,L12567,L,302.3,312.2,1513,48.4,49,0,0,0,0,0,0,Healthy,None
2569,H12568,H,302.4,312.9,1168,49.1,247,1,1,0,0,0,0,Failure Risk,Tool Wear Failure
2570,H12569,H,301.9,311.8,1566,54.4,206,1,1,0,0,0,0,Failure Risk,Tool Wear Failure
2571,L12570,L,301.0,312.3,1495,31.9,11,0,0,0,0,0,0,Healthy,None
2572,H12571,H,300.2,309.9,1781,36.1,137,0,0,0,0,0,0,Healthy,None
2573,L12572,L,299.0,308.0,1665,57.2,48,1,0,0,1,0,0,Failure Risk,Power Failure
2574,L12573,L,298.1,307.0,1443,20.6,229,1,1,0,1,0,0,Failure Risk,"Tool Wear Failure, Power Failure"
2575,L12574,L,300.7,311.4,1465,39.2,219,1,1,0,0,0,0,Failure Risk,Tool Wear Failure
2576,M12575,M,297.7,307.7,1606,41.5,106,0,0,0,0,0,0,Healthy,None
2577,H12576,H,298.0,308.6,1435,38.2,34,0,0,0,0,0,0,Healthy,None
2578,M12577,M,302.3,312.9,1532,55.7,165,0,0,0,0,0,0,Healthy,None
2579,L12578,L,303.8,311.8,1773,44.7,181,0,0,0,0,0,0,Healthy,None
2580,M12579,M,300.8,309.7,1389,36.2,119,0,0,0,0,0,0,Healthy,None
2581,L12580,L,302.2,311.2,1457,33.7,19,0,0,0,0,0,0,Healthy,None
2582,H12581,H,299.5,308.7,1482,42.8,11,0,0,0,0,0,0,Healthy,None
2583,M12582,M,297.3,306.9,2103,51.5,2,1,0,0,1,0,0,Failure Risk,Power Failure
2584,L12583,L,301.2,312.2,1646,41.4,1,0,0,0,0,0,0,Healthy,None
2585,M12584,M,301.1,312.3,1740,38.7,219,0,0,0,0,0,0,Healthy,None
2586,M12585,M,300.1,309.8,1675,33.1,21,0,0,0,0,0,0,Healthy,None
2587,L12586,L,299.5,309.2,1687,43.7,34,0,0,0,0,0,0,Healthy,None
2588,M12587,M,301.9,311.2,1622,43.2,236,0,0,0,0,0,0,Healthy,None
2589,L12588,L,298.0,308.1,1603,32.8,243,1,1,0,0,0,0,Failure Risk,Tool Wear Failure
2590,M12589,M,298.5,308.7,1278,50.2,8,0,0,0,0,0,0,Healthy,None
2591,H12590,H,298.0,308.8,1602,56.9,86,1,0,0,1,0,0,Failure Risk,Power Failure
2592,H12591,H,300.2,311.0,1518,40.5,16,0,0,0,0,0,0,Healthy,None
2593,M12592,M,297.8,305.5,1635,43.0,141,0,0,0,0,0,0,Healthy,None
2594,M12593,M,298.6,308.4,1525,29.1,243,0,0,0,0,0,0,Healthy,None
2595,L12594,L,298.6,310.0,1674,47.3,159,0,0,0,0,0,0,Healthy,None
2596,M12595,M,299.5,309.1,1706,44.6,186,0,0,0,0,0,0,Healthy,None
2597,L12596,L,297.0,308.1,1168,36.8,103,0,0,0,0,0,0,Healthy,None
2598,L12597,L,300.2,309.9,1460,32.6,185,0,0,0,0,0,0,Healthy,None
2599,L12598,L,302.5,312.7,1205,58.3,35,0,0,0,0,0,0,Healthy,None
2600,L12599,L,300.3,309.2,1580,43.8,160,0,0,0,0,0,0,Healthy,None
2601,M12600,M,303.1,312.0,1484,30.9,201,0,0,0,0,0,0,Healthy,None
2602,L12601,L,302.7,313.4,1780,48.5,63,1,0,0,1,0,0,Failure Risk,Power Failure
2603,M12602,M,301.6,312.5,1575,42.3,140,0,0,0,0,0,0,Healthy,None
2604,L12603,L,300.1,310.1,1451,40.6,161,0,0,0,0,0,0,Healthy,None
2605,L12604,L,300.0,308.8,1706,49.7,132,0,0,0,0,0,0,Healthy,None
2606,M12605,M,301.5,311.5,1481,14.1,197,1,0,0,1,0,0,Failure Risk,Power Failure
2607,L12606,L,299.2,310.5,1448,22.1,160,1,0,0,1,0,0,Failure Risk,Power Failure
2608,L12607,L,296.2,307.9,1608,53.7,132,1,0,0,1,0,0,Failure Risk,Power Failure
2609,M12608,M,301.0,310.7,1826,38.7,215,0,0,0,0,0,0,Healthy,None
2610,L12609,L,297.7,306.0,1690,35.8,110,0,0,0,0,0,0,Healthy,None
2611,H12610,H,298.1,308.9,1639,26.8,199,0,0,0,0,0,0,Healthy,None
2612,L12611,L,300.0,309.7,2030,41.9,17,0,0,0,0,0,0,Healthy,None
2613,L12612,L,299.8,310.7,1406,43.1,88,0,0,0,0,0,0,Healthy,None
2614,M12613,M,297.2,307.5,1402,54.3,17,0,0,0,0,0,0,Healthy,None
2615,L12614,L,300.3,309.4,1564,43.7,227,0,0,0,0,0,0,Healthy,None
2616,L12615,L,301.9,312.0,1809,37.0,153,0,0,0,0,0,0,Healthy,None
2617,L12616,L,297.7,309.0,1369,44.0,83,0,0,0,0,0,0,Healthy,None
2618,L12617,L,302.5,312.4,1852,51.0,19,1,0,0,1,0,0,Failure Risk,Power Failure
2619,H12618,H,296.9,305.9,1280,48.8,102,0,0,0,0,0,0,Healthy,None
2620,L12619,L,304.2,312.6,1516,46.2,103,0,0,0,0,0,0,Healthy,None
2621,M12620,M,299.2,308.4,1569,42.7,124,0,0,0,0,0,0,Healthy,None
2622,H12621,H,300.3,309.9,1380,34.2,215,0,0,0,0,0,0,Healthy,None
2623,L12622,L,296.2,307.0,1426,29.8,83,0,0,0,0,0,0,Healthy,None
2624,H12623,H,299.9,308.8,1680,28.2,108,0,0,0,0,0,0,Healthy,None
2625,L12624,L,300.5,312.1,1796,43.9,3,0,0,0,0,0,0,Healthy,None
2626,H12625,H,299.8,308.5,1168,44.9,21,0,0,0,0,0,0,Healthy,None
2627,L12626,L,298.9,311.2,1570,50.8,126,0,0,0,0,0,0,Healthy,None
2628,M12627,M,298.1,309.8,1517,45.6,216,1,1,0,0,0,0,Failure Risk,Tool Wear Failure
2629,L12628,L,302.3,312.4,1557,50.4,84,0,0,0,0,0,0,Healthy,None
2630,L12629,L,300.1,308.5,1481,38.7,209,0,0,0,0,0,0,Healthy,None
2631,M12630,M,303.1,313.0,1307,47.6,236,0,0,0,0,0,0,Healthy,None
2632,M12631,M,298.9,308.5,1814,30.1,237,1,1,0,0,0,0,Failure Risk,Tool Wear Failure
2633,L12632,L,299.1,307.8,1745,39.4,200,0,0,0,0,0,0,Healthy,None
2634,L12633,L,301.6,311.9,1519,21.9,235,1,0,0,1,0,0,Failure Risk,Power Failure
2635,M12634,M,296.8,306.0,1450,40.3,8,0,0,0,0,0,0,Healthy,None
2636,M12635,M,297.6,306.9,1428,52.1,186,0,0,0,0,0,0,Healthy,None
2637,H12636,H,302.2,312.0,1168,40.7,32,0,0,0,0,0,0,Healthy,None
2638,M12637,M,297.7,307.1,1601,47.1,104,0,0,0,0,0,0,Healthy,None
2639,H12638,H,296.4,308.5,1677,42.7,6,0,0,0,0,0,0,Healthy,None
2640,M12639,M,303.7,313.2,1562,34.4,160,0,0,0,0,0,0,Healthy,None
2641,L12640,L,297.2,307.6,1522,38.2,65,0,0,0,0,0,0,Healthy,None
2642,L12641,L,300.4,310.5,1561,51.7,241,1,0,0,0,1,0,Failure Risk,Overstrain Failure
2643,M12642,M,300.1,310.5,1385,47.1,199,0,0,0,0,0,0,Healthy,None
2644,M12643,M,294.4,304.8,1448,33.9,96,0,0,0,0,0,0,Healthy,None
2645,L12644,L,299.5,310.4,1508,26.3,186,0,0,0,0,0,0,Healthy,None
2646,L12645,L,300.9,311.2,1662,42.0,34,0,0,0,0,0,0,Healthy,None
2647,H12646,H,300.7,310.9,1784,34.2,92,0,0,0,0,0,0,Healthy,None
2648,M12647,M,301.8,311.9,1496,38.2,159,0,0,0,0,0,0,Healthy,None
2649,L12648,L,299.2,309.1,1350,25.6,0,0,0,0,0,0,0,Healthy,None
2650,L12649,L,301.4,310.5,1544,50.3,116,0,0,0,0,0,0,Healthy,None
2651,L12650,L,298.6,308.5,1898,39.0,94,0,0,0,0,0,0,Healthy,None
2652,L12651,L,297.2,307.4,1366,40.5,179,0,0,0,0,0,0,Healthy,None
2653,L12652,L,297.4,307.8,1696,31.8,34,0,0,0,0,0,0,Healthy,None
2654,L12653,L,297.1,307.3,1777,37.3,39,0,0,0,0,0,0,Healthy,None
2655,M12654,M,302.0,311.8,1473,41.2,171,0,0,0,0,0,0,Healthy,None
2656,L12655,L,297.0,306.9,1412,33.9,38,0,0,0,0,0,0,Healthy,None
2657,H12656,H,300.5,309.9,1640,37.9,19,0,0,0,0,0,0,Healthy,None
2658,H12657,H,299.5,309.8,1601,53.7,96,1,0,0,1,0,0,Failure Risk,Power Failure
2659,L12658,L,299.8,309.6,1662,22.7,214,0,0,0,0,0,0,Healthy,None
2660,M12659,M,302.7,312.9,1909,41.8,130,0,0,0,0,0,0,Healthy,None
2661,L12660,L,299.1,310.1,1567,32.2,52,0,0,0,0,0,0,Healthy,None
2662,H12661,H,301.2,310.5,1324,53.2,139,0,0,0,0,0,0,Healthy,None
2663,L12662,L,300.1,310.7,1549,38.2,135,0,0,0,0,0,0,Healthy,None
2664,M12663,M,299.7,309.7,1581,29.6,191,0,0,0,0,0,0,Healthy,None
2665,M12664,M,304.6,316.6,1764,37.9,168,0,0,0,0,0,0,Healthy,None
2666,L12665,L,297.1,306.9,1502,43.5,110,0,0,0,0,0,0,Healthy,None
2667,L12666,L,302.6,313.3,1464,67.5,121,1,0,0,1,0,0,Failure Risk,Power Failure
2668,M12667,M,301.3,311.3,1292,19.1,138,1,0,0,1,0,0,Failure Risk,Power Failure
2669,M12668,M,299.0,307.6,1635,28.1,25,0,0,0,0,0,0,Healthy,None
2670,L12669,L,303.3,312.8,2137,52.9,214,1,0,0,1,1,0,Failure Risk,"Power Failure, Overstrain Failure"
2671,M12670,M,296.3,307.2,1498,25.1,37,0,0,0,0,0,0,Healthy,None
2672,L12671,L,299.0,308.6,1618,40.1,132,0,0,0,0,0,0,Healthy,None
2673,M12672,M,297.6,305.4,1439,35.2,31,0,0,0,0,0,0,Healthy,None
2674,L12673,L,300.8,310.8,1308,33.7,196,0,0,0,0,0,0,Healthy,None
2675,H12674,H,297.8,306.7,1615,38.3,111,0,0,0,0,0,0,Healthy,None
2676,L12675,L,300.9,311.0,1543,36.7,142,0,0,0,0,0,0,Healthy,None
2677,L12676,L,299.6,311.2,1168,50.5,188,0,0,0,0,0,0,Healthy,None
2678,L12677,L,299.0,309.8,1826,53.2,106,1,0,0,1,0,0,Failure Risk,Power Failure
2679,L12678,L,300.8,312.3,1612,44.2,51,0,0,0,0,0,0,Healthy,None
2680,M12679,M,299.5,308.9,1551,37.7,214,0,0,0,0,0,0,Healthy,None
2681,L12680,L,297.8,307.7,1462,42.6,112,0,0,0,0,0,0,Healthy,None
2682,H12681,H,305.6,314.6,1610,48.0,125,0,0,0,0,0,0,Healthy,None
2683,L12682,L,299.0,308.3,1618,49.9,27,0,0,0,0,0,0,Healthy,None
2684,L12683,L,295.6,304.7,1609,43.7,146,0,0,0,0,0,0,Healthy,None
2685,L12684,L,298.3,307.0,1729,55.1,53,1,0,0,1,0,0,Failure Risk,Power Failure
2686,L12685,L,297.5,308.9,1769,33.9,121,0,0,0,0,0,0,Healthy,None
2687,L12686,L,301.7,309.6,1897,51.3,80,1,0,0,1,0,0,Failure Risk,Power Failure
2688,L12687,L,300.6,312.0,1388,47.0,14,0,0,0,0,0,0,Healthy,None
2689,L12688,L,300.8,312.0,1435,34.0,12,0,0,0,0,0,0,Healthy,None
2690,L12689,L,299.3,309.8,1602,42.3,214,0,0,0,0,0,0,Healthy,None
2691,M12690,M,299.4,308.3,1398,43.0,209,0,0,0,0,0,0,Healthy,None
2692,M12691,M,299.3,307.7,1427,38.6,22,0,0,0,0,0,0,Healthy,None
2693,L12692,L,299.8,309.3,1623,38.5,79,0,0,0,0,0,0,Healthy,None
2694,L12693,L,301.7,312.3,1699,24.9,189,0,0,0,0,0,0,Healthy,None
2695,H12694,H,300.7,310.7,1766,33.2,211,0,0,0,0,0,0,Healthy,None
2696,M12695,M,301.0,310.0,1503,37.6,24,0,0,0,0,0,0,Healthy,None
2697,M12696,M,301.0,312.1,1620,34.3,159,0,0,0,0,0,0,Healthy,None
2698,L12697,L,301.8,313.5,1581,31.5,148,0,0,0,0,0,0,Healthy,None
2699,M12698,M,300.6,310.4,1541,50.5,128,0,0,0,0,0,0,Healthy,None
2700,M12699,M,300.7,310.8,1391,39.0,27,0,0,0,0,0,0,Healthy,None
2701,M12700,M,302.4,310.9,1369,61.5,90,1,0,1,0,0,0,Failure Risk,Heat Dissipation Failure
2702,H12701,H,298.7,308.3,1657,42.2,115,0,0,0,0,0,0,Healthy,None
2703,L12702,L,298.3,308.8,1388,50.3,218,0,0,0,0,0,0,Healthy,None
2704,L12703,L,297.6,308.0,1219,37.9,236,1,1,0,0,0,0,Failure Risk,Tool Wear Failure
2705,M12704,M,300.4,309.9,1532,33.4,227,0,0,0,0,0,0,Healthy,None
2706,H12705,H,296.3,306.0,1798,42.6,139,0,0,0,0,0,0,Healthy,None
2707,L12706,L,300.9,310.5,1168,52.8,206,0,0,0,0,0,0,Healthy,None
2708,L12707,L,299.8,309.5,1486,39.1,19,0,0,0,0,0,0,Healthy,None
2709,L12708,L,302.3,312.7,1658,44.4,107,0,0,0,0,0,0,Healthy,None
2710,L12709,L,298.7,306.7,1211,42.5,82,1,0,1,0,0,0,Failure Risk,Heat Dissipation Failure
2711,M12710,M,299.6,309.5,1499,39.0,50,0,0,0,0,0,0,Healthy,None
2712,M12711,M,302.2,312.5,1334,39.5,153,0,0,0,0,0,0,Healthy,None
2713,L12712,L,302.8,312.2,1357,30.1,238,0,0,0,0,0,0,Healthy,None
2714,L12713,L,298.6,308.1,1465,39.9,84,0,0,0,0,0,0,Healthy,None
2715,L12714,L,300.4,309.9,1336,46.5,100,0,0,0,0,0,0,Healthy,None
2716,L12715,L,300.6,310.1,1322,42.9,170,0,0,0,0,0,0,Healthy,None
2717,M12716,M,300.7,310.7,1527,41.8,177,0,0,0,0,0,0,Healthy,None
2718,H12717,H,299.5,309.6,1936,47.2,201,1,1,0,1,0,0,Failure Risk,"Tool Wear Failure, Power Failure"
2719,H12718,H,302.6,310.5,1673,41.9,155,0,0,0,0,0,0,Healthy,None
2720,L12719,L,296.2,306.9,1718,40.1,153,0,0,0,0,0,0,Healthy,None
2721,H12720,H,299.2,308.9,1680,47.3,76,0,0,0,0,0,0,Healthy,None
2722,M12721,M,300.9,312.8,1413,41.4,24,0,0,0,0,0,0,Healthy,None
2723,M12722,M,300.9,309.7,1593,37.7,114,0,0,0,0,0,0,Healthy,None
2724,L12723,L,302.7,311.8,1734,44.6,30,0,0,0,0,0,0,Healthy,None
2725,L12724,L,302.4,312.2,1686,39.7,211,1,1,0,0,0,0,Failure Risk,Tool Wear Failure
2726,L12725,L,299.4,309.8,1572,37.2,206,0,0,0,0,0,0,Healthy,None
2727,L12726,L,302.6,310.6,1631,41.5,145,0,0,0,0,0,0,Healthy,None
2728,L12727,L,298.6,307.8,1978,41.7,167,0,0,0,0,0,0,Healthy,None
2729,L12728,L,301.9,312.5,1688,29.1,86,0,0,0,0,0,0,Healthy,None
2730,L12729,L,303.6,312.7,1481,43.3,66,0,0,0,0,0,0,Healthy,None
2731,M12730,M,302.4,313.8,1524,58.3,190,1,0,0,1,0,0,Failure Risk,Power Failure
2732,L12731,L,300.2,309.7,1349,30.3,10,0,0,0,0,0,0,Healthy,None
2733,L12732,L,299.3,308.4,1958,35.0,154,0,0,0,0,0,0,Healthy,None
2734,H12733,H,296.9,307.5,1825,67.5,164,1,0,0,1,0,0,Failure Risk,Power Failure
2735,H12734,H,300.6,312.2,1552,31.9,139,0,0,0,0,0,0,Healthy,None
2736,M12735,M,297.8,308.2,1928,52.7,224,1,0,0,1,0,0,Failure Risk,Power Failure
2737,H12736,H,298.4,309.7,1651,37.7,155,0,0,0,0,0,0,Healthy,None
2738,M12737,M,297.6,309.3,1460,40.6,5,0,0,0,0,0,0,Healthy,None
2739,H12738,H,299.1,308.2,1700,38.7,249,0,0,0,0,0,0,Healthy,None
2740,L12739,L,299.9,310.8,1609,44.2,69,0,0,0,0,0,0,Healthy,None
2741,L12740,L,300.5,309.0,1687,24.4,171,0,0,0,0,0,0,Healthy,None
2742,L12741,L,298.8,309.2,1292,41.8,212,0,0,0,0,0,0,Healthy,None
2743,L12742,L,302.1,312.0,1392,36.0,88,0,0,0,0,0,0,Healthy,None
2744,L12743,L,299.6,310.8,1804,21.6,46,0,0,0,0,0,0,Healthy,None
2745,M12744,M,298.4,309.6,1841,51.1,35,1,0,0,1,0,0,Failure Risk,Power Failure
2746,M12745,M,300.5,311.1,1791,19.1,81,0,0,0,0,0,0,Healthy,None
2747,M12746,M,303.9,314.2,1935,61.3,43,1,0,0,1,0,0,Failure Risk,Power Failure
2748,L12747,L,300.7,311.2,1641,46.1,230,0,0,0,0,0,0,Healthy,None
2749,H12748,H,299.3,309.4,1628,26.5,196,0,0,0,0,0,0,Healthy,None
2750,M12749,M,296.9,306.8,1374,53.2,150,0,0,0,0,0,0,Healthy,None
2751,L12750,L,299.6,311.0,1434,32.6,150,0,0,0,0,0,0,Healthy,None
2752,M12751,M,300.5,312.1,1182,33.0,86,0,0,0,0,0,0,Healthy,None
2753,L12752,L,299.2,309.1,1480,22.2,34,1,0,0,1,0,0,Failure Risk,Power Failure
2754,L12753,L,296.7,306.9,1169,31.4,92,0,0,0,0,0,0,Healthy,None
2755,H12754,H,298.3,308.4,1731,32.6,196,0,0,0,0,0,0,Healthy,None
2756,L12755,L,302.9,311.3,1607,48.1,60,0,0,0,0,0,0,Healthy,None
2757,L12756,L,302.9,312.6,1175,51.6,208,0,0,0,0,0,0,Healthy,None
2758,H12757,H,298.2,309.8,1504,27.7,165,0,0,0,0,0,0,Healthy,None
2759,M12758,M,301.3,310.6,1890,42.7,179,0,0,0,0,0,0,Healthy,None
2760,L12759,L,297.6,309.7,1515,21.8,1,1,0,0,1,0,0,Failure Risk,Power Failure
2761,L12760,L,302.8,314.0,1359,42.7,146,0,0,0,0,0,0,Healthy,None
2762,L12761,L,300.5,310.9,1218,61.4,110,0,0,0,0,0,0,Healthy,None
2763,M12762,M,301.9,312.5,1223,22.4,190,1,0,0,1,0,0,Failure Risk,Power Failure
2764,L12763,L,296.6,305.7,1633,30.0,194,0,0,0,0,0,0,Healthy,None
2765,L12764,L,301.4,311.1,1460,47.2,221,0,0,0,0,0,0,Healthy,None
2766,H12765,H,300.0,311.4,1475,48.4,96,0,0,0,0,0,0,Healthy,None
2767,M12766,M,301.7,311.1,1461,30.7,22,0,0,0,0,0,0,Healthy,None
2768,L12767,L,301.8,312.9,1512,54.6,25,0,0,0,0,0,0,Healthy,None
2769,M12768,M,300.1,308.7,1318,31.9,29,1,0,1,0,0,0,Failure Risk,Heat Dissipation Failure
2770,M12769,M,298.8,307.6,1594,56.6,18,1,0,0,1,0,0,Failure Risk,Power Failure
2771,L12770,L,301.6,313.5,1283,44.6,166,0,0,0,0,0,0,Healthy,None
2772,L12771,L,299.9,309.9,1402,52.6,89,0,0,0,0,0,0,Healthy,None
2773,H12772,H,298.3,307.8,1718,43.7,223,0,0,0,0,0,0,Healthy,None
2774,L12773,L,298.2,309.6,1605,46.5,105,0,0,0,0,0,0,Healthy,None
2775,M12774,M,297.0,308.2,1660,47.0,27,0,0,0,0,0,0,Healthy,None
2776,L12775,L,299.0,309.9,1922,51.3,126,1,0,0,1,0,0,Failure Risk,Power Failure
2777,L12776,L,302.2,311.6,1527,39.7,200,0,0,0,0,0,0,Healthy,None
2778,L12777,L,300.4,310.1,1541,31.1,60,0,0,0,0,0,0,Healthy,None
2779,L12778,L,298.9,309.2,1490,39.2,175,0,0,0,0,0,0,Healthy,None
2780,L12779,L,301.6,312.3,1458,33.4,94,0,0,0,0,0,0,Healthy,None
2781,L12780,L,298.3,307.8,1357,34.0,206,0,0,0,0,0,0,Healthy,None
2782,H12781,H,300.2,310.4,1553,56.4,95,1,0,0,1,0,0,Failure Risk,Power Failure
2783,H12782,H,299.6,309.9,1601,46.2,140,0,0,0,0,0,0,Healthy,None
2784,M12783,M,301.6,312.9,1611,45.7,85,0,0,0,0,0,0,Healthy,None
2785,H12784,H,296.8,307.6,1549,50.6,231,0,0,0,0,0,0,Healthy,None
2786,L12785,L,298.3,306.8,1703,46.1,122,0,0,0,0,0,0,Healthy,None
2787,H12786,H,296.7,306.5,1543,58.5,138,1,0,0,1,0,0,Failure Risk,Power Failure
2788,L12787,L,299.5,308.6,1464,19.3,96,1,0,0,1,0,0,Failure Risk,Power Failure
2789,H12788,H,302.4,313.0,1372,30.1,215,0,0,0,0,0,0,Healthy,None
2790,H12789,H,299.0,309.9,1260,33.1,167,0,0,0,0,0,0,Healthy,None
2791,M12790,M,299.0,309.1,1799,26.4,107,0,0,0,0,0,0,Healthy,None
2792,H12791,H,301.7,311.4,1412,41.1,178,0,0,0,0,0,0,Healthy,None
2793,M12792,M,302.1,312.2,1372,41.6,69,0,0,0,0,0,0,Healthy,None
2794,L12793,L,299.8,310.0,1463,59.6,207,1,0,0,1,1,0,Failure Risk,"Power Failure, Overstrain Failure"
2795,L12794,L,301.4,310.8,1488,48.9,157,0,0,0,0,0,0,Healthy,None
2796,M12795,M,297.8,306.6,1831,35.0,126,0,0,0,0,0,0,Healthy,None
2797,L12796,L,302.8,310.7,1479,44.9,157,0,0,0,0,0,0,Healthy,None
2798,M12797,M,304.3,315.6,2009,21.9,205,1,1,0,0,0,0,Failure Risk,Tool Wear Failure
2799,H12798,H,301.0,311.5,1549,41.4,181,0,0,0,0,0,0,Healthy,None
2800,L12799,L,295.8,306.2,1906,40.9,6,0,0,0,0,0,0,Healthy,None
2801,M12800,M,298.9,310.2,1698,31.1,66,0,0,0,0,0,0,Healthy,None
2802,H12801,H,301.2,309.9,1602,38.0,222,1,1,0,0,0,0,Failure Risk,Tool Wear Failure
2803,H12802,H,299.2,307.5,1820,33.1,137,0,0,0,0,0,0,Healthy,None
2804,H12803,H,302.5,312.9,1738,30.8,224,0,0,0,0,0,0,Healthy,None
2805,M12804,M,301.2,311.5,1651,46.7,60,0,0,0,0,0,0,Healthy,None
2806,H12805,H,298.6,306.9,1952,50.2,120,1,0,0,1,0,0,Failure Risk,Power Failure
2807,M12806,M,300.1,310.5,1448,45.0,101,0,0,0,0,0,0,Healthy,None
2808,L12807,L,298.2,307.8,1359,35.7,36,0,0,0,0,0,0,Healthy,None
2809,L12808,L,299.6,308.8,1416,33.4,14,0,0,0,0,0,0,Healthy,None
2810,M12809,M,298.9,308.6,1851,36.0,49,0,0,0,0,0,0,Healthy,None
2811,L12810,L,302.3,309.9,1797,37.8,3,0,0,0,0,0,0,Healthy,None
2812,M12811,M,304.2,313.6,1443,31.4,100,0,0,0,0,0,0,Healthy,None
2813,M12812,M,297.1,306.4,1168,50.4,169,0,0,0,0,0,0,Healthy,None
2814,L12813,L,296.2,306.8,1501,38.0,195,0,0,0,0,0,0,Healthy,None
2815,M12814,M,299.5,309.3,1356,47.6,9,0,0,0,0,0,0,Healthy,None
2816,M12815,M,297.0,307.6,1449,26.1,243,0,0,0,0,0,0,Healthy,None
2817,L12816,L,300.1,307.6,1349,33.2,122,1,0,1,0,0,0,Failure Risk,Heat Dissipation Failure
2818,L12817,L,301.5,310.7,1249,48.5,149,0,0,0,0,0,0,Healthy,None
2819,L12818,L,303.0,313.6,1875,48.6,126,1,0,0,1,0,0,Failure Risk,Power Failure
2820,L12819,L,300.4,310.1,1415,28.1,158,0,0,0,0,0,0,Healthy,None
2821,H12820,H,299.6,310.4,1790,43.0,227,1,1,0,0,0,0,Failure Risk,Tool Wear Failure
2822,L12821,L,296.0,304.2,1498,43.3,252,0,0,0,0,0,0,Healthy,None
2823,M12822,M,300.1,310.8,1335,33.0,75,0,0,0,0,0,0,Healthy,None
2824,L12823,L,300.1,309.5,1629,43.5,200,0,0,0,0,0,0,Healthy,None
2825,L12824,L,301.3,310.6,1468,24.4,27,0,0,0,0,0,0,Healthy,None
2826,H12825,H,298.6,309.6,1500,30.8,97,0,0,0,0,0,0,Healthy,None
2827,M12826,M,299.1,310.3,1563,45.9,196,0,0,0,0,0,0,Healthy,None
2828,L12827,L,297.0,308.0,1392,40.3,221,1,1,0,0,0,0,Failure Risk,Tool Wear Failure
2829,L12828,L,295.4,307.4,1247,40.8,207,0,0,0,0,0,0,Healthy,None
2830,L12829,L,297.8,309.1,1528,38.3,18,0,0,0,0,0,0,Healthy,None
2831,L12830,L,296.9,306.1,1710,45.3,247,1,0,0,0,1,0,Failure Risk,Overstrain Failure
2832,M12831,M,300.7,310.8,1376,45.8,77,0,0,0,0,0,0,Healthy,None
2833,L12832,L,299.0,308.6,1565,47.8,46,0,0,0,0,0,0,Healthy,None
2834,L12833,L,298.9,310.9,1807,41.2,114,0,0,0,0,0,0,Healthy,None
2835,L12834,L,298.0,309.1,1521,36.2,151,0,0,0,0,0,0,Healthy,None
2836,H12835,H,293.5,303.3,1553,34.5,183,0,0,0,0,0,0,Healthy,None
2837,H12836,H,303.0,313.9,1547,29.5,113,0,0,0,0,0,0,Healthy,None
2838,L12837,L,298.0,306.8,1415,36.0,10,0,0,0,0,0,0,Healthy,None
2839,M12838,M,299.2,309.5,1360,34.0,76,0,0,0,0,0,0,Healthy,None
2840,L12839,L,297.1,306.2,1360,55.9,73,0,0,0,0,0,0,Healthy,None
2841,L12840,L,301.9,310.2,1603,29.6,220,0,0,0,0,0,0,Healthy,None
2842,M12841,M,300.3,311.1,1673,50.3,230,0,0,0,0,0,0,Healthy,None
2843,H12842,H,298.3,309.2,1682,37.3,90,0,0,0,0,0,0,Healthy,None
2844,H12843,H,299.2,309.7,1470,38.0,53,0,0,0,0,0,0,Healthy,None
2845,M12844,M,303.4,313.2,1733,44.0,58,0,0,0,0,0,0,Healthy,None
2846,L12845,L,299.9,308.6,1593,26.0,192,0,0,0,0,0,0,Healthy,None
2847,M12846,M,299.6,308.4,1550,32.1,31,0,0,0,0,0,0,Healthy,None
2848,L12847,L,298.1,307.1,1168,27.7,145,1,0,0,1,0,0,Failure Risk,Power Failure
2849,M12848,M,296.2,306.0,1391,36.2,131,0,0,0,0,0,0,Healthy,None
2850,L12849,L,299.7,310.8,1265,31.0,207,0,0,0,0,0,0,Healthy,None
2851,M12850,M,300.7,311.8,1650,53.0,81,1,0,0,1,0,0,Failure Risk,Power Failure
2852,L12851,L,302.2,310.6,1555,34.2,212,0,0,0,0,0,0,Healthy,None
2853,L12852,L,295.5,304.8,1346,16.5,178,1,0,0,1,0,0,Failure Risk,Power Failure
2854,H12853,H,297.7,307.0,1592,36.7,174,0,0,0,0,0,0,Healthy,None
2855,L12854,L,298.8,306.3,1283,48.0,53,1,0,1,0,0,0,Failure Risk,Heat Dissipation Failure
2856,M12855,M,300.0,310.6,1351,56.1,152,0,0,0,0,0,0,Healthy,None
2857,L12856,L,299.7,309.5,1410,37.7,125,0,0,0,0,0,0,Healthy,None
2858,L12857,L,299.8,309.7,1634,34.9,137,0,0,0,0,0,0,Healthy,None
2859,L12858,L,300.8,312.1,1788,39.9,134,0,0,0,0,0,0,Healthy,None
2860,L12859,L,298.2,308.3,1433,44.1,125,0,0,0,0,0,0,Healthy,None
2861,H12860,H,301.9,311.5,1774,28.8,244,0,0,0,0,0,0,Healthy,None
2862,L12861,L,300.9,311.5,1546,37.6,192,0,0,0,0,0,0,Healthy,None
2863,H12862,H,299.4,310.5,1580,39.5,96,0,0,0,0,0,0,Healthy,None
2864,M12863,M,303.2,313.5,1526,40.5,224,0,0,0,0,0,0,Healthy,None
2865,L12864,L,303.1,313.8,1502,38.6,18,0,0,0,0,0,0,Healthy,None
2866,M12865,M,301.9,311.8,1616,30.7,134,0,0,0,0,0,0,Healthy,None
2867,M12866,M,294.0,303.9,1670,43.4,238,0,0,0,0,0,0,Healthy,None
2868,M12867,M,303.2,313.3,1379,39.6,44,0,0,0,0,0,0,Healthy,None
2869,L12868,L,301.6,310.8,1504,39.5,104,0,0,0,0,0,0,Healthy,None
2870,L12869,L,304.0,313.4,1836,29.3,205,0,0,0,0,0,0,Healthy,None
2871,H12870,H,302.5,313.9,1569,46.3,37,0,0,0,0,0,0,Healthy,None
2872,H12871,H,303.2,315.2,1589,30.6,134,0,0,0,0,0,0,Healthy,None
2873,H12872,H,301.8,313.4,1746,56.0,173,1,0,0,1,0,0,Failure Risk,Power Failure
2874,L12873,L,302.7,311.4,1448,28.3,234,0,0,0,0,0,0,Healthy,None
2875,M12874,M,304.0,312.6,1531,47.5,66,0,0,0,0,0,0,Healthy,None
2876,L12875,L,300.4,309.2,1684,21.1,74,0,0,0,0,0,0,Healthy,None
2877,L12876,L,296.9,307.0,1759,17.6,7,1,0,0,1,0,0,Failure Risk,Power Failure
2878,L12877,L,299.4,306.6,1168,34.5,89,1,0,1,0,0,0,Failure Risk,Heat Dissipation Failure
2879,M12878,M,300.8,310.2,1406,17.6,101,1,0,0,1,0,0,Failure Risk,Power Failure
2880,L12879,L,300.1,311.5,1359,47.2,2,0,0,0,0,0,0,Healthy,None
2881,L12880,L,297.5,308.5,1515,39.8,92,0,0,0,0,0,0,Healthy,None
2882,H12881,H,296.7,306.2,1372,53.9,11,0,0,0,0,0,0,Healthy,None
2883,L12882,L,298.5,308.1,1656,38.3,81,0,0,0,0,0,0,Healthy,None
2884,L12883,L,301.6,312.2,1568,42.4,248,1,1,0,0,0,0,Failure Risk,Tool Wear Failure
2885,L12884,L,303.2,314.1,1697,37.3,170,0,0,0,0,0,0,Healthy,None
2886,H12885,H,301.8,311.3,1708,31.3,134,0,0,0,0,0,0,Healthy,None
2887,M12886,M,302.1,311.9,1659,36.0,93,0,0,0,0,0,0,Healthy,None
2888,L12887,L,299.8,309.2,1477,28.1,233,0,0,0,0,0,0,Healthy,None
2889,H12888,H,296.5,305.2,1556,43.8,47,0,0,0,0,0,0,Healthy,None
2890,H12889,H,299.1,308.9,1455,37.0,249,1,1,0,0,0,0,Failure Risk,Tool Wear Failure
2891,L12890,L,299.5,309.2,1293,39.0,207,0,0,0,0,0,0,Healthy,None
2892,M12891,M,299.0,307.7,1708,68.0,238,1,0,0,1,1,0,Failure Risk,"Power Failure, Overstrain Failure"
2893,M12892,M,300.1,310.7,1522,36.0,44,0,0,0,0,0,0,Healthy,None
2894,M12893,M,300.9,311.4,1269,43.1,24,0,0,0,0,0,0,Healthy,None
2895,L12894,L,301.7,312.4,1634,39.5,3,0,0,0,0,0,0,Healthy,None
2896,H12895,H,299.4,308.6,1497,51.5,131,0,0,0,0,0,0,Healthy,None
2897,M12896,M,296.2,304.2,1169,42.4,229,1,0,1,0,0,0,Failure Risk,Heat Dissipation Failure
2898,L12897,L,299.0,309.5,1292,37.3,177,0,0,0,0,0,0,Healthy,None
2899,L12898,L,300.1,309.4,1412,62.7,185,1,0,0,1,1,0,Failure Risk,"Power Failure, Overstrain Failure"
2900,L12899,L,302.4,311.5,1575,31.5,192,0,0,0,0,0,0,Healthy,None
2901,L12900,L,298.9,307.6,1679,38.1,125,0,0,0,0,0,0,Healthy,None
2902,M12901,M,301.0,310.7,1672,49.1,105,0,0,0,0,0,0,Healthy,None
2903,L12902,L,300.6,312.2,1645,31.9,194,0,0,0,0,0,0,Healthy,None
2904,L12903,L,300.1,309.6,1531,47.6,155,0,0,0,0,0,0,Healthy,None
2905,M12904,M,301.9,310.8,1846,35.3,109,0,0,0,0,0,0,Healthy,None
2906,L12905,L,298.7,309.4,1663,49.9,202,1,1,0,0,0,0,Failure Risk,Tool Wear Failure
2907,H12906,H,298.8,309.0,1577,49.7,164,0,0,0,0,0,0,Healthy,None
2908,L12907,L,300.0,307.9,1639,39.1,129,0,0,0,0,0,0,Healthy,None
2909,L12908,L,298.7,309.4,1466,30.1,72,0,0,0,0,0,0,Healthy,None
2910,L12909,L,301.0,313.1,1527,36.1,252,0,0,0,0,0,0,Healthy,None
2911,L12910,L,298.6,306.0,1168,39.9,60,1,0,1,0,0,0,Failure Risk,Heat Dissipation Failure
2912,L12911,L,300.5,309.3,1468,48.8,208,1,1,0,0,0,0,Failure Risk,Tool Wear Failure
2913,M12912,M,299.8,307.0,1853,43.2,223,1,1,0,0,0,0,Failure Risk,Tool Wear Failure
2914,H12913,H,300.4,310.3,1564,45.3,124,0,0,0,0,0,0,Healthy,None
2915,L12914,L,299.1,310.1,1557,43.5,50,0,0,0,0,0,0,Healthy,None
2916,M12915,M,299.3,309.4,1716,48.4,30,0,0,0,0,0,0,Healthy,None
2917,M12916,M,300.2,311.6,1602,38.0,84,0,0,0,0,0,0,Healthy,None
2918,H12917,H,300.4,311.2,1397,41.6,208,1,1,0,0,0,0,Failure Risk,Tool Wear Failure
2919,L12918,L,300.0,311.7,1542,40.3,243,0,0,0,0,0,0,Healthy,None
2920,L12919,L,303.4,314.6,1334,35.7,233,0,0,0,0,0,0,Healthy,None
2921,L12920,L,298.0,307.6,1570,50.0,208,0,0,0,0,0,0,Healthy,None
2922,M12921,M,299.9,310.0,1388,49.8,42,0,0,0,0,0,0,Healthy,None
2923,H12922,H,296.9,306.0,1704,51.9,218,1,0,0,1,0,0,Failure Risk,Power Failure
2924,L12923,L,300.7,310.5,1446,32.4,27,0,0,0,0,0,0,Healthy,None
2925,L12924,L,297.8,307.9,1390,43.5,250,0,0,0,0,0,0,Healthy,None
2926,H12925,H,299.4,309.3,1517,50.8,166,0,0,0,0,0,0,Healthy,None
2927,H12926,H,299.3,310.6,1603,54.9,192,1,0,0,1,0,0,Failure Risk,Power Failure
2928,H12927,H,300.6,310.3,1321,25.1,143,1,0,0,1,0,0,Failure Risk,Power Failure
2929,M12928,M,298.9,308.0,1444,40.0,66,0,0,0,0,0,0,Healthy,None
2930,L12929,L,298.8,307.9,1556,38.1,206,0,0,0,0,0,0,Healthy,None
2931,M12930,M,302.9,313.6,1777,55.7,67,1,0,0,1,0,0,Failure Risk,Power Failure
2932,M12931,M,300.6,309.2,1168,18.1,35,1,0,1,1,0,0,Failure Risk,"Heat Dissipation Failure, Power Failure"
2933,L12932,L,298.9,308.7,1648,29.6,126,0,0,0,0,0,0,Healthy,None
2934,M12933,M,299.5,310.8,1469,54.2,29,0,0,0,0,0,0,Healthy,None
2935,M12934,M,303.3,313.6,1449,35.3,92,0,0,0,0,0,0,Healthy,None
2936,L12935,L,299.5,309.4,1416,27.1,22,0,0,0,0,0,0,Healthy,None
2937,M12936,M,298.6,308.6,1472,55.0,190,0,0,0,0,0,0,Healthy,None
2938,M12937,M,298.6,307.6,1649,25.8,196,0,0,0,0,0,0,Healthy,None
2939,H12938,H,298.9,308.0,1441,50.1,174,0,0,0,0,0,0,Healthy,None
2940,L12939,L,298.8,308.6,1834,24.6,10,0,0,0,0,0,0,Healthy,None
2941,L12940,L,297.4,307.7,1649,25.7,119,0,0,0,0,0,0,Healthy,None
2942,M12941,M,297.8,308.7,1573,42.0,18,0,0,0,0,0,0,Healthy,None
2943,L12942,L,298.3,308.4,1508,31.6,189,0,0,0,0,0,0,Healthy,None
2944,M12943,M,301.2,312.6,1750,42.7,71,0,0,0,0,0,0,Healthy,None
2945,M12944,M,299.2,310.8,1777,57.8,42,1,0,0,1,0,0,Failure Risk,Power Failure
2946,L12945,L,299.6,310.4,1330,38.5,74,0,0,0,0,0,0,Healthy,None
2947,M12946,M,302.5,313.7,1412,56.1,124,0,0,0,0,0,0,Healthy,None
2948,M12947,M,302.6,311.6,1651,43.2,136,0,0,0,0,0,0,Healthy,None
2949,L12948,L,299.4,308.3,1705,49.5,237,1,0,0,0,1,0,Failure Risk,Overstrain Failure
2950,H12949,H,298.7,309.2,1484,16.7,24,1,0,0,1,0,0,Failure Risk,Power Failure
2951,H12950,H,298.3,307.0,1405,46.3,216,0,0,0,0,0,0,Healthy,None
2952,M12951,M,301.4,311.1,1552,44.8,205,0,0,0,0,0,0,Healthy,None
2953,M12952,M,299.6,310.4,1802,36.4,30,0,0,0,0,0,0,Healthy,None
2954,L12953,L,299.2,310.6,1545,58.8,140,1,0,0,1,0,0,Failure Risk,Power Failure
2955,H12954,H,298.4,308.1,1311,35.1,64,0,0,0,0,0,0,Healthy,None
2956,M12955,M,298.5,307.9,1557,24.1,157,0,0,0,0,0,0,Healthy,None
2957,M12956,M,300.6,310.9,1678,47.7,200,1,1,0,0,0,0,Failure Risk,Tool Wear Failure
2958,H12957,H,297.4,306.3,1519,25.9,231,0,0,0,0,0,0,Healthy,None
2959,L12958,L,302.0,311.8,1763,40.8,28,0,0,0,0,0,0,Healthy,None
2960,H12959,H,298.9,308.9,1692,53.3,94,1,0,0,1,0,0,Failure Risk,Power Failure
2961,L12960,L,299.7,309.7,1526,44.9,17,0,0,0,0,0,0,Healthy,None
2962,L12961,L,297.3,307.4,1545,37.6,130,0,0,0,0,0,0,Healthy,None
2963,L12962,L,300.0,309.2,1208,36.5,246,0,0,0,0,0,0,Healthy,None
2964,H12963,H,299.3,308.6,1754,52.5,34,1,0,0,1,0,0,Failure Risk,Power Failure
2965,H12964,H,299.9,309.2,1479,27.9,193,0,0,0,0,0,0,Healthy,None
2966,M12965,M,302.9,311.3,1466,47.7,131,0,0,0,0,0,0,Healthy,None
2967,M12966,M,300.4,310.7,1439,61.7,40,1,0,0,1,0,0,Failure Risk,Power Failure
2968,M12967,M,298.4,309.3,1619,45.4,78,0,0,0,0,0,0,Healthy,None
2969,H12968,H,298.6,309.4,1335,37.6,113,0,0,0,0,0,0,Healthy,None
2970,L12969,L,301.2,310.9,1361,38.4,208,0,0,0,0,0,0,Healthy,None
2971,L12970,L,302.6,311.8,1528,35.2,89,0,0,0,0,0,0,Healthy,None
2972,L12971,L,300.6,311.3,1425,33.6,222,0,0,0,0,0,0,Healthy,None
2973,M12972,M,301.4,312.0,1598,41.2,29,0,0,0,0,0,0,Healthy,None
2974,M12973,M,301.2,311.4,1432,46.7,86,0,0,0,0,0,0,Healthy,None
2975,L12974,L,302.8,314.5,1823,55.9,221,1,0,0,1,1,0,Failure Risk,"Power Failure, Overstrain Failure"
2976,L12975,L,296.1,306.1,1662,20.6,10,0,0,0,0,0,0,Healthy,None
2977,H12976,H,301.3,311.0,1659,15.9,32,1,0,0,1,0,0,Failure Risk,Power Failure
2978,L12977,L,302.0,311.6,1429,56.1,37,0,0,0,0,0,0,Healthy,None
2979,M12978,M,297.3,305.7,1968,40.6,237,1,1,0,0,0,0,Failure Risk,Tool Wear Failure
2980,H12979,H,298.2,308.9,1459,41.1,4,0,0,0,0,0,0,Healthy,None
2981,L12980,L,298.3,308.2,1410,45.0,186,0,0,0,0,0,0,Healthy,None
2982,L12981,L,298.5,309.0,1664,38.2,247,0,0,0,0,0,0,Healthy,None
2983,M12982,M,299.0,310.8,1572,59.6,98,1,0,0,1,0,0,Failure Risk,Power Failure
2984,H12983,H,300.5,310.1,1391,44.9,50,0,0,0,0,0,0,Healthy,None
2985,M12984,M,301.7,309.4,1931,35.6,64,0,0,0,0,0,0,Healthy,None
2986,H12985,H,302.2,312.7,1712,36.5,195,0,0,0,0,0,0,Healthy,None
2987,L12986,L,298.3,308.5,1538,38.6,57,0,0,0,0,0,0,Healthy,None
2988,M12987,M,298.3,307.6,1967,32.3,175,0,0,0,0,0,0,Healthy,None
2989,M12988,M,302.6,313.0,1683,56.7,185,1,0,0,1,0,0,Failure Risk,Power Failure
2990,H12989,H,301.3,312.1,1535,41.2,229,0,0,0,0,0,0,Healthy,None
2991,L12990,L,300.2,309.3,1946,28.4,164,0,0,0,0,0,0,Healthy,None
2992,H12991,H,300.9,310.6,1655,44.0,134,0,0,0,0,0,0,Healthy,None
2993,M12992,M,299.9,311.4,1648,54.2,59,1,0,0,1,0,0,Failure Risk,Power Failure
2994,L12993,L,301.0,310.3,1468,50.5,58,0,0,0,0,0,0,Healthy,None
2995,L12994,L,299.3,309.4,1546,32.5,137,0,0,0,0,0,0,Healthy,None
2996,H12995,H,300.5,307.9,1464,29.0,32,0,0,0,0,0,0,Healthy,None
2997,L12996,L,297.0,305.5,1795,54.1,178,1,0,0,1,0,0,Failure Risk,Power Failure
2998,L12997,L,298.6,308.8,1249,23.9,122,1,0,0,1,0,0,Failure Risk,Power Failure
2999,L12998,L,298.6,309.8,1782,43.7,77,0,0,0,0,0,0,Healthy,None
3000,H12999,H,299.3,307.9,1380,34.4,163,0,0,0,0,0,0,Healthy,None
3001,M13000,M,298.1,308.2,1527,53.0,110,0,0,0,0,0,0,Healthy,None
3002,M13001,M,298.9,308.5,1485,29.6,37,0,0,0,0,0,0,Healthy,None
3003,L13002,L,297.0,308.0,1444,32.1,243,0,0,0,0,0,0,Healthy,None
3004,M13003,M,301.1,309.9,1661,46.1,54,0,0,0,0,0,0,Healthy,None
3005,M13004,M,299.8,310.2,1537,47.9,157,0,0,0,0,0,0,Healthy,None
3006,H13005,H,296.6,305.9,1418,53.5,25,0,0,0,0,0,0,Healthy,None
3007,H13006,H,298.3,308.5,1565,44.7,94,0,0,0,0,0,0,Healthy,None
3008,L13007,L,300.7,310.8,1413,43.5,41,0,0,0,0,0,0,Healthy,None
3009,M13008,M,298.9,308.6,1441,50.4,174,0,0,0,0,0,0,Healthy,None
3010,L13009,L,298.6,309.1,1269,26.4,146,0,0,0,0,0,0,Healthy,None
3011,M13010,M,299.9,309.9,1457,31.3,103,0,0,0,0,0,0,Healthy,None
3012,L13011,L,300.7,310.6,1626,27.3,76,0,0,0,0,0,0,Healthy,None
3013,L13012,L,297.1,306.7,1544,13.4,86,1,0,0,1,0,0,Failure Risk,Power Failure
3014,L13013,L,301.1,311.2,1862,48.3,210,1,1,0,1,0,0,Failure Risk,"Tool Wear Failure, Power Failure"
3015,M13014,M,298.4,308.6,2005,54.2,79,1,0,0,1,0,0,Failure Risk,Power Failure
3016,L13015,L,300.0,309.0,1454,45.5,152,0,0,0,0,0,0,Healthy,None
3017,M13016,M,299.9,309.6,1388,43.8,124,0,0,0,0,0,0,Healthy,None
3018,L13017,L,298.9,307.8,1740,40.8,217,0,0,0,0,0,0,Healthy,None
3019,L13018,L,298.0,308.0,1598,40.5,124,0,0,0,0,0,0,Healthy,None
3020,M13019,M,299.4,308.8,1741,56.8,84,1,0,0,1,0,0,Failure Risk,Power Failure
3021,L13020,L,303.3,314.1,1609,55.3,17,1,0,0,1,0,0,Failure Risk,Power Failure
3022,L13021,L,297.3,308.0,1503,34.2,8,0,0,0,0,0,0,Healthy,None
3023,M13022,M,303.4,312.5,1504,51.0,215,0,0,0,0,0,0,Healthy,None
3024,L13023,L,299.5,309.5,1615,52.2,110,0,0,0,0,0,0,Healthy,None
3025,L13024,L,300.1,310.7,1500,46.4,103,0,0,0,0,0,0,Healthy,None
3026,L13025,L,297.8,307.6,1756,43.8,16,0,0,0,0,0,0,Healthy,None
3027,H13026,H,298.5,307.8,1304,43.5,93,0,0,0,0,0,0,Healthy,None
3028,M13027,M,299.0,307.9,1755,25.3,131,0,0,0,0,0,0,Healthy,None
3029,M13028,M,297.9,308.8,1202,24.5,54,1,0,0,1,0,0,Failure Risk,Power Failure
3030,M13029,M,299.6,310.5,1563,47.8,53,0,0,0,0,0,0,Healthy,None
3031,L13030,L,299.2,309.0,1478,29.1,155,0,0,0,0,0,0,Healthy,None
3032,L13031,L,303.7,314.5,1266,26.2,104,1,0,0,1,0,0,Failure Risk,Power Failure
3033,M13032,M,297.7,304.7,1169,19.5,167,1,0,1,1,0,0,Failure Risk,"Heat Dissipation Failure, Power Failure"
3034,L13033,L,300.2,311.5,1341,35.3,8,0,0,0,0,0,0,Healthy,None
3035,L13034,L,300.5,310.3,1546,43.7,163,0,0,0,0,0,0,Healthy,None
3036,L13035,L,297.9,308.0,1430,44.5,135,0,0,0,0,0,0,Healthy,None
3037,L13036,L,301.4,311.1,1351,48.4,189,0,0,0,0,0,0,Healthy,None
3038,H13037,H,299.2,310.6,1780,36.1,251,1,1,0,0,0,0,Failure Risk,Tool Wear Failure
3039,L13038,L,295.0,303.9,1317,41.1,213,0,0,0,0,0,0,Healthy,None
3040,M13039,M,301.3,312.8,1659,48.4,216,0,0,0,0,0,0,Healthy,None
3041,L13040,L,297.8,308.2,1378,44.6,121,0,0,0,0,0,0,Healthy,None
3042,H13041,H,297.9,308.5,1337,34.2,48,0,0,0,0,0,0,Healthy,None
3043,L13042,L,301.4,311.1,1429,43.0,69,0,0,0,0,0,0,Healthy,None
3044,L13043,L,299.3,308.0,1648,20.4,217,0,0,0,0,0,0,Healthy,None
3045,M13044,M,301.8,312.7,1292,40.0,169,0,0,0,0,0,0,Healthy,None
3046,M13045,M,302.4,312.7,1589,33.9,1,0,0,0,0,0,0,Healthy,None
3047,L13046,L,298.7,310.1,1366,55.0,158,0,0,0,0,0,0,Healthy,None
3048,L13047,L,301.6,311.4,1398,30.3,75,0,0,0,0,0,0,Healthy,None
3049,L13048,L,298.5,308.1,1609,41.2,18,0,0,0,0,0,0,Healthy,None
3050,L13049,L,304.5,315.9,1927,35.8,120,0,0,0,0,0,0,Healthy,None
3051,L13050,L,298.6,310.5,1374,34.5,100,0,0,0,0,0,0,Healthy,None
3052,L13051,L,302.1,312.1,1666,43.7,239,0,0,0,0,0,0,Healthy,None
3053,L13052,L,301.7,310.9,1482,35.9,100,0,0,0,0,0,0,Healthy,None
3054,L13053,L,300.6,311.4,1453,58.3,64,0,0,0,0,0,0,Healthy,None
3055,M13054,M,298.7,308.4,1729,20.5,201,0,0,0,0,0,0,Healthy,None
3056,H13055,H,299.7,310.3,1387,46.2,187,0,0,0,0,0,0,Healthy,None
3057,M13056,M,295.7,305.4,1331,39.2,61,0,0,0,0,0,0,Healthy,None
3058,L13057,L,300.4,312.0,1620,39.5,187,0,0,0,0,0,0,Healthy,None
3059,L13058,L,300.7,310.0,1823,43.0,97,0,0,0,0,0,0,Healthy,None
3060,H13059,H,300.3,310.8,1672,49.9,15,0,0,0,0,0,0,Healthy,None
3061,L13060,L,294.1,303.6,1286,42.6,104,0,0,0,0,0,0,Healthy,None
3062,L13061,L,297.5,307.2,1427,49.9,134,0,0,0,0,0,0,Healthy,None
3063,M13062,M,298.5,308.1,1713,40.5,76,0,0,0,0,0,0,Healthy,None
3064,M13063,M,300.6,311.3,1821,29.8,195,0,0,0,0,0,0,Healthy,None
3065,M13064,M,300.6,311.5,1578,39.1,230,1,1,0,0,0,0,Failure Risk,Tool Wear Failure
3066,L13065,L,299.7,310.3,1434,51.4,222,1,0,0,0,1,0,Failure Risk,Overstrain Failure
3067,L13066,L,301.3,311.2,1832,35.9,201,0,0,0,0,0,0,Healthy,None
3068,H13067,H,297.9,308.0,1524,29.3,139,0,0,0,0,0,0,Healthy,None
3069,L13068,L,301.2,312.1,1429,46.1,225,1,1,0,0,0,0,Failure Risk,Tool Wear Failure
3070,M13069,M,300.9,311.8,1399,43.3,91,0,0,0,0,0,0,Healthy,None
3071,M13070,M,300.8,308.1,1324,32.4,132,1,0,1,0,0,0,Failure Risk,Heat Dissipation Failure
3072,M13071,M,299.6,309.3,2045,37.7,91,0,0,0,0,0,0,Healthy,None
3073,L13072,L,303.7,313.5,1792,38.2,248,0,0,0,0,0,0,Healthy,None
3074,L13073,L,301.0,311.7,1420,40.1,46,0,0,0,0,0,0,Healthy,None
3075,M13074,M,298.1,308.0,1847,46.4,10,0,0,0,0,0,0,Healthy,None
3076,H13075,H,300.5,311.2,1633,36.0,161,0,0,0,0,0,0,Healthy,None
3077,H13076,H,301.5,310.4,1622,46.9,206,0,0,0,0,0,0,Healthy,None
3078,L13077,L,298.8,309.1,1409,34.7,50,0,0,0,0,0,0,Healthy,None
3079,L13078,L,302.2,313.1,1445,56.5,4,0,0,0,0,0,0,Healthy,None
3080,H13079,H,300.8,309.3,1530,56.7,47,1,0,0,1,0,0,Failure Risk,Power Failure
3081,M13080,M,295.3,307.8,1186,31.5,212,0,0,0,0,0,0,Healthy,None
3082,H13081,H,300.6,311.8,1450,27.9,30,0,0,0,0,0,0,Healthy,None
3083,L13082,L,299.2,309.2,1538,49.7,167,0,0,0,0,0,0,Healthy,None
3084,M13083,M,301.1,310.3,1772,42.6,134,0,0,0,0,0,0,Healthy,None
3085,M13084,M,301.9,311.7,1427,45.5,98,0,0,0,0,0,0,Healthy,None
3086,M13085,M,300.4,310.5,1683,33.5,84,0,0,0,0,0,0,Healthy,None
3087,L13086,L,303.3,313.7,1169,38.7,39,0,0,0,0,0,0,Healthy,None
3088,L13087,L,299.6,311.1,1746,36.6,196,0,0,0,0,0,0,Healthy,None
3089,M13088,M,301.2,310.7,1376,43.0,141,0,0,0,0,0,0,Healthy,None
3090,L13089,L,301.6,312.2,1561,27.7,225,1,1,0,0,0,0,Failure Risk,Tool Wear Failure
3091,L13090,L,299.8,308.5,1610,39.0,9,0,0,0,0,0,0,Healthy,None
3092,H13091,H,301.6,311.2,1575,27.6,81,0,0,0,0,0,0,Healthy,None
3093,L13092,L,298.8,309.2,1518,34.9,208,0,0,0,0,0,0,Healthy,None
3094,H13093,H,299.2,309.9,1315,39.0,229,0,0,0,0,0,0,Healthy,None
3095,L13094,L,297.4,306.6,1378,45.0,48,0,0,0,0,0,0,Healthy,None
3096,M13095,M,300.5,310.1,1716,45.8,247,1,1,0,0,0,0,Failure Risk,Tool Wear Failure
3097,H13096,H,300.7,312.2,1431,47.5,223,0,0,0,0,0,0,Healthy,None
3098,L13097,L,302.4,313.6,1519,25.3,144,0,0,0,0,0,0,Healthy,None
3099,L13098,L,301.6,311.8,1270,52.5,119,0,0,0,0,0,0,Healthy,None
3100,L13099,L,299.4,307.2,1691,33.6,213,0,0,0,0,0,0,Healthy,None
3101,L13100,L,297.6,310.1,1301,34.3,216,1,1,0,0,0,0,Failure Risk,Tool Wear Failure
3102,M13101,M,300.9,310.9,1701,42.7,178,0,0,0,0,0,0,Healthy,None
3103,H13102,H,302.2,311.9,1347,36.7,207,0,0,0,0,0,0,Healthy,None
3104,L13103,L,301.5,311.0,1719,43.6,189,0,0,0,0,0,0,Healthy,None
3105,L13104,L,302.2,312.6,1539,45.4,157,0,0,0,0,0,0,Healthy,None
3106,L13105,L,299.6,310.0,1437,32.4,54,0,0,0,0,0,0,Healthy,None
3107,M13106,M,299.1,310.1,1824,38.2,33,0,0,0,0,0,0,Healthy,None
3108,L13107,L,298.5,307.6,1525,38.5,196,0,0,0,0,0,0,Healthy,None
3109,M13108,M,299.9,309.6,1473,49.5,235,0,0,0,0,0,0,Healthy,None
3110,M13109,M,299.8,311.8,1700,35.4,32,0,0,0,0,0,0,Healthy,None
3111,M13110,M,300.4,310.6,1272,35.0,132,0,0,0,0,0,0,Healthy,None
3112,L13111,L,299.7,309.5,1168,29.9,103,0,0,0,0,0,0,Healthy,None
3113,M13112,M,299.7,308.8,1745,31.0,41,0,0,0,0,0,0,Healthy,None
3114,L13113,L,298.4,308.9,1388,26.6,130,0,0,0,0,0,0,Healthy,None
3115,L13114,L,301.9,312.9,1692,33.0,190,0,0,0,0,0,0,Healthy,None
3116,H13115,H,300.2,311.1,1546,55.8,165,1,0,0,1,0,0,Failure Risk,Power Failure
3117,M13116,M,299.7,309.4,1329,46.8,12,0,0,0,0,0,0,Healthy,None
3118,L13117,L,298.5,308.9,1646,52.6,243,1,1,0,1,1,0,Failure Risk,"Tool Wear Failure, Power Failure, Overstrain Failure"
3119,L13118,L,297.3,309.0,1464,30.6,135,0,0,0,0,0,0,Healthy,None
3120,L13119,L,302.6,313.7,1345,20.7,60,1,0,0,1,0,0,Failure Risk,Power Failure
3121,L13120,L,301.1,310.3,1349,43.1,157,0,0,0,0,0,0,Healthy,None
3122,L13121,L,296.8,304.3,1227,58.4,49,1,0,1,0,0,0,Failure Risk,Heat Dissipation Failure
3123,L13122,L,301.5,311.8,1610,35.2,68,0,0,0,0,0,0,Healthy,None
3124,L13123,L,301.8,312.6,1370,41.0,37,0,0,0,0,0,0,Healthy,None
3125,M13124,M,300.2,309.1,1531,24.5,186,0,0,0,0,0,0,Healthy,None
3126,M13125,M,303.2,313.2,1505,40.3,94,0,0,0,0,0,0,Healthy,None
3127,M13126,M,300.4,310.1,1369,38.8,247,1,1,0,0,0,0,Failure Risk,Tool Wear Failure
3128,L13127,L,297.2,307.3,1265,19.3,1,1,0,0,1,0,0,Failure Risk,Power Failure
3129,H13128,H,300.7,310.2,1991,29.7,56,0,0,0,0,0,0,Healthy,None
3130,H13129,H,300.5,311.8,1529,28.9,6,0,0,0,0,0,0,Healthy,None
3131,H13130,H,298.8,308.9,1864,24.4,207,0,0,0,0,0,0,Healthy,None
3132,H13131,H,301.1,310.2,1746,32.8,137,0,0,0,0,0,0,Healthy,None
3133,H13132,H,296.7,307.6,1480,45.0,28,0,0,0,0,0,0,Healthy,None
3134,M13133,M,302.0,310.7,1570,33.7,221,0,0,0,0,0,0,Healthy,None
3135,L13134,L,298.2,309.5,1565,51.4,211,0,0,0,0,0,0,Healthy,None
3136,M13135,M,298.0,309.0,1868,36.4,233,1,1,0,0,0,0,Failure Risk,Tool Wear Failure
3137,M13136,M,299.8,311.2,1686,43.2,161,0,0,0,0,0,0,Healthy,None
3138,M13137,M,300.9,310.7,1393,44.9,199,0,0,0,0,0,0,Healthy,None
3139,M13138,M,300.3,309.8,1600,55.2,225,1,1,0,1,1,0,Failure Risk,"Tool Wear Failure, Power Failure, Overstrain Failure"
3140,L13139,L,298.5,308.6,1681,32.9,97,0,0,0,0,0,0,Healthy,None
3141,L13140,L,299.0,308.9,1327,44.4,172,0,0,0,0,0,0,Healthy,None
3142,H13141,H,297.7,307.0,1626,30.6,126,0,0,0,0,0,0,Healthy,None
3143,M13142,M,299.6,309.0,1778,57.0,248,1,0,0,1,1,0,Failure Risk,"Power Failure, Overstrain Failure"
3144,M13143,M,302.2,311.8,1384,29.7,99,0,0,0,0,0,0,Healthy,None
3145,L13144,L,300.0,308.8,1409,43.8,70,0,0,0,0,0,0,Healthy,None
3146,L13145,L,301.7,312.4,1745,55.4,185,1,0,0,1,0,0,Failure Risk,Power Failure
3147,H13146,H,302.9,312.8,1474,28.2,77,0,0,0,0,0,0,Healthy,None
3148,M13147,M,298.8,308.5,1362,45.9,83,0,0,0,0,0,0,Healthy,None
3149,M13148,M,299.6,308.5,1695,30.2,228,0,0,0,0,0,0,Healthy,None
3150,L13149,L,304.3,313.1,1641,63.1,32,1,0,0,1,0,0,Failure Risk,Power Failure
3151,M13150,M,302.9,314.8,1554,21.3,94,1,0,0,1,0,0,Failure Risk,Power Failure
3152,L13151,L,296.7,306.1,1739,25.0,249,0,0,0,0,0,0,Healthy,None
3153,M13152,M,300.8,311.4,1752,28.9,96,0,0,0,0,0,0,Healthy,None
3154,L13153,L,300.0,310.2,1523,29.2,89,0,0,0,0,0,0,Healthy,None
3155,L13154,L,301.7,308.9,1891,45.2,217,0,0,0,0,0,0,Healthy,None
3156,M13155,M,298.5,310.3,1821,57.8,125,1,0,0,1,0,0,Failure Risk,Power Failure
3157,H13156,H,298.3,309.0,1182,51.4,178,0,0,0,0,0,0,Healthy,None
3158,L13157,L,298.6,307.8,1353,42.3,191,0,0,0,0,0,0,Healthy,None
3159,H13158,H,298.9,308.9,1168,40.1,165,0,0,0,0,0,0,Healthy,None
3160,L13159,L,301.6,310.5,1479,34.0,207,1,1,0,0,0,0,Failure Risk,Tool Wear Failure
3161,L13160,L,297.6,309.4,1321,43.9,11,0,0,0,0,0,0,Healthy,None
3162,L13161,L,298.8,307.9,1392,37.9,190,0,0,0,0,0,0,Healthy,None
3163,L13162,L,296.4,305.9,1733,41.9,192,0,0,0,0,0,0,Healthy,None
3164,M13163,M,302.0,311.3,1223,32.7,187,0,0,0,0,0,0,Healthy,None
3165,L13164,L,302.5,312.6,1561,28.1,235,0,0,0,0,0,0,Healthy,None
3166,L13165,L,299.3,310.7,1560,40.3,19,0,0,0,0,0,0,Healthy,None
3167,H13166,H,299.4,311.2,1523,40.0,248,0,0,0,0,0,0,Healthy,None
3168,L13167,L,300.9,310.5,1561,34.1,241,0,0,0,0,0,0,Healthy,None
3169,M13168,M,302.9,313.3,1168,32.4,65,0,0,0,0,0,0,Healthy,None
3170,L13169,L,300.8,310.9,1393,45.5,222,0,0,0,0,0,0,Healthy,None
3171,M13170,M,298.6,307.6,1814,44.5,17,0,0,0,0,0,0,Healthy,None
3172,L13171,L,296.8,309.2,1323,58.6,169,0,0,0,0,0,0,Healthy,None
3173,L13172,L,297.8,309.2,1836,53.7,201,1,1,0,1,0,0,Failure Risk,"Tool Wear Failure, Power Failure"
3174,L13173,L,300.1,310.3,1286,28.2,118,0,0,0,0,0,0,Healthy,None
3175,L13174,L,298.7,310.3,1264,38.1,246,1,1,0,0,0,0,Failure Risk,Tool Wear Failure
3176,L13175,L,300.4,311.6,1367,26.5,5,0,0,0,0,0,0,Healthy,None
3177,M13176,M,298.9,309.0,1740,21.8,65,0,0,0,0,0,0,Healthy,None
3178,H13177,H,297.9,308.2,1440,61.7,207,1,0,0,1,0,0,Failure Risk,Power Failure
3179,H13178,H,297.6,309.1,1599,54.7,68,1,0,0,1,0,0,Failure Risk,Power Failure
3180,M13179,M,303.1,312.2,1551,33.8,126,0,0,0,0,0,0,Healthy,None
3181,L13180,L,301.8,313.5,1528,52.3,124,0,0,0,0,0,0,Healthy,None
3182,L13181,L,303.5,313.3,1766,53.8,101,1,0,0,1,0,0,Failure Risk,Power Failure
3183,L13182,L,301.1,312.6,1676,21.0,213,1,1,0,0,0,0,Failure Risk,Tool Wear Failure
3184,L13183,L,299.1,309.1,1333,48.4,121,0,0,0,0,0,0,Healthy,None
3185,M13184,M,302.6,312.9,1488,35.1,149,0,0,0,0,0,0,Healthy,None
3186,M13185,M,299.9,309.9,1850,43.8,149,0,0,0,0,0,0,Healthy,None
3187,L13186,L,300.4,309.9,1595,69.8,64,1,0,0,1,0,0,Failure Risk,Power Failure
3188,L13187,L,299.9,309.6,1268,55.7,251,1,0,0,0,1,0,Failure Risk,Overstrain Failure
3189,H13188,H,294.1,305.5,1280,38.7,227,0,0,0,0,0,0,Healthy,None
3190,M13189,M,303.2,310.9,1697,54.1,176,1,0,0,1,0,0,Failure Risk,Power Failure
3191,L13190,L,301.0,309.8,1663,21.0,76,0,0,0,0,0,0,Healthy,None
3192,H13191,H,300.7,310.0,1373,45.0,139,0,0,0,0,0,0,Healthy,None
3193,H13192,H,299.9,308.8,1671,45.2,190,0,0,0,0,0,0,Healthy,None
3194,L13193,L,300.3,311.8,1824,47.0,140,0,0,0,0,0,0,Healthy,None
3195,L13194,L,298.8,310.1,1798,35.0,114,0,0,0,0,0,0,Healthy,None
3196,M13195,M,301.2,311.8,1825,43.8,251,0,0,0,0,0,0,Healthy,None
3197,H13196,H,297.4,306.8,1637,48.5,122,0,0,0,0,0,0,Healthy,None
3198,H13197,H,300.4,311.7,1506,17.0,239,1,0,0,1,0,0,Failure Risk,Power Failure
3199,L13198,L,301.1,309.5,1465,36.9,189,0,0,0,0,0,0,Healthy,None
3200,L13199,L,299.6,311.7,1534,31.1,58,0,0,0,0,0,0,Healthy,None
3201,M13200,M,300.7,310.0,1381,46.6,122,0,0,0,0,0,0,Healthy,None
3202,M13201,M,298.0,307.7,1473,53.6,138,0,0,0,0,0,0,Healthy,None
3203,L13202,L,298.1,307.7,1766,33.9,113,0,0,0,0,0,0,Healthy,None
3204,H13203,H,300.5,309.4,1249,29.2,81,0,0,0,0,0,0,Healthy,None
3205,M13204,M,301.4,313.3,1262,41.2,213,0,0,0,0,0,0,Healthy,None
3206,H13205,H,296.3,307.1,1686,28.6,0,0,0,0,0,0,0,Healthy,None
3207,H13206,H,301.0,312.2,1475,37.8,67,0,0,0,0,0,0,Healthy,None
3208,M13207,M,298.9,307.7,1193,36.7,8,0,0,0,0,0,0,Healthy,None
3209,L13208,L,299.6,309.8,1527,45.7,2,0,0,0,0,0,0,Healthy,None
3210,M13209,M,297.3,307.8,1501,43.1,199,0,0,0,0,0,0,Healthy,None
3211,L13210,L,298.3,308.6,1460,41.6,8,0,0,0,0,0,0,Healthy,None
3212,M13211,M,301.9,310.7,1660,56.2,81,1,0,0,1,0,0,Failure Risk,Power Failure
3213,L13212,L,300.1,311.2,1299,42.7,68,0,0,0,0,0,0,Healthy,None
3214,M13213,M,299.2,309.3,1540,35.9,21,0,0,0,0,0,0,Healthy,None
3215,L13214,L,299.8,308.8,1500,37.1,100,0,0,0,0,0,0,Healthy,None
3216,L13215,L,301.0,309.1,1544,32.4,117,0,0,0,0,0,0,Healthy,None
3217,L13216,L,300.9,311.5,1227,29.9,196,0,0,0,0,0,0,Healthy,None
3218,L13217,L,299.8,312.3,1444,26.2,150,0,0,0,0,0,0,Healthy,None
3219,M13218,M,302.2,311.2,1541,51.2,79,0,0,0,0,0,0,Healthy,None
3220,M13219,M,301.9,312.1,1634,32.9,132,0,0,0,0,0,0,Healthy,None
3221,M13220,M,300.8,311.9,1868,43.1,228,0,0,0,0,0,0,Healthy,None
3222,L13221,L,300.1,308.8,1682,37.0,235,0,0,0,0,0,0,Healthy,None
3223,L13222,L,301.3,310.8,1620,39.7,38,0,0,0,0,0,0,Healthy,None
3224,L13223,L,300.6,309.7,1765,51.4,2,1,0,0,1,0,0,Failure Risk,Power Failure
3225,L13224,L,302.1,313.1,1483,41.7,25,0,0,0,0,0,0,Healthy,None
3226,H13225,H,301.8,313.1,1816,30.9,246,1,1,0,0,0,0,Failure Risk,Tool Wear Failure
3227,L13226,L,298.0,308.2,1738,34.4,7,0,0,0,0,0,0,Healthy,None
3228,L13227,L,297.8,307.0,1458,48.5,212,0,0,0,0,0,0,Healthy,None
3229,L13228,L,298.6,308.2,1882,44.8,51,0,0,0,0,0,0,Healthy,None
3230,L13229,L,302.0,311.4,1618,49.1,209,0,0,0,0,0,0,Healthy,None
3231,M13230,M,296.8,305.8,1930,37.6,196,0,0,0,0,0,0,Healthy,None
3232,M13231,M,300.8,310.7,1592,26.2,133,0,0,0,0,0,0,Healthy,None
3233,L13232,L,300.7,311.3,1437,45.0,125,0,0,0,0,0,0,Healthy,None
3234,L13233,L,302.3,312.8,1400,42.5,154,0,0,0,0,0,0,Healthy,None
3235,L13234,L,300.4,310.4,1474,42.8,120,0,0,0,0,0,0,Healthy,None
3236,L13235,L,297.3,307.4,1435,26.3,213,0,0,0,0,0,0,Healthy,None
3237,L13236,L,298.1,308.0,1765,33.7,149,0,0,0,0,0,0,Healthy,None
3238,H13237,H,297.6,306.3,1532,30.7,229,0,0,0,0,0,0,Healthy,None
3239,M13238,M,298.9,309.1,1249,44.0,55,0,0,0,0,0,0,Healthy,None
3240,M13239,M,299.6,309.0,1576,44.3,229,0,0,0,0,0,0,Healthy,None
3241,L13240,L,297.7,306.4,1560,39.6,42,0,0,0,0,0,0,Healthy,None
3242,L13241,L,302.9,313.3,1454,49.6,26,0,0,0,0,0,0,Healthy,None
3243,M13242,M,297.3,306.7,1585,54.8,44,1,0,0,1,0,0,Failure Risk,Power Failure
3244,M13243,M,302.7,312.9,1530,43.5,45,0,0,0,0,0,0,Healthy,None
3245,M13244,M,302.4,313.2,1651,46.6,112,0,0,0,0,0,0,Healthy,None
3246,L13245,L,301.8,310.8,1640,34.6,32,0,0,0,0,0,0,Healthy,None
3247,M13246,M,298.6,308.7,1603,32.8,126,0,0,0,0,0,0,Healthy,None
3248,L13247,L,300.7,308.9,1305,50.0,233,1,0,1,0,1,0,Failure Risk,"Heat Dissipation Failure, Overstrain Failure"
3249,H13248,H,297.4,308.9,1917,31.3,94,0,0,0,0,0,0,Healthy,None
3250,M13249,M,301.8,310.4,1259,46.9,27,1,0,1,0,0,0,Failure Risk,Heat Dissipation Failure
3251,M13250,M,299.9,309.4,1514,57.0,93,1,0,0,1,0,0,Failure Risk,Power Failure
3252,L13251,L,299.2,310.5,1342,46.5,97,0,0,0,0,0,0,Healthy,None
3253,M13252,M,297.6,307.4,1608,39.2,108,0,0,0,0,0,0,Healthy,None
3254,L13253,L,295.0,303.8,1562,26.7,80,0,0,0,0,0,0,Healthy,None
3255,L13254,L,297.9,308.6,1507,41.6,178,0,0,0,0,0,0,Healthy,None
3256,L13255,L,302.2,312.9,1809,50.0,191,1,0,0,1,0,0,Failure Risk,Power Failure
3257,M13256,M,299.2,308.6,1736,38.2,34,0,0,0,0,0,0,Healthy,None
3258,L13257,L,299.7,309.2,1479,50.1,163,0,0,0,0,0,0,Healthy,None
3259,L13258,L,301.3,310.9,1681,43.6,5,0,0,0,0,0,0,Healthy,None
3260,H13259,H,303.6,313.4,1818,42.9,236,0,0,0,0,0,0,Healthy,None
3261,L13260,L,302.7,310.8,1735,36.9,220,1,1,0,0,0,0,Failure Risk,Tool Wear Failure
3262,M13261,M,298.1,307.9,1513,25.6,185,0,0,0,0,0,0,Healthy,None
3263,L13262,L,296.1,307.9,1253,35.8,127,0,0,0,0,0,0,Healthy,None
3264,L13263,L,304.7,313.8,1596,35.7,150,0,0,0,0,0,0,Healthy,None
3265,M13264,M,304.5,313.9,1657,45.7,13,0,0,0,0,0,0,Healthy,None
3266,L13265,L,300.4,309.2,1400,39.8,200,1,1,0,0,0,0,Failure Risk,Tool Wear Failure
3267,L13266,L,297.5,308.1,1542,50.7,55,0,0,0,0,0,0,Healthy,None
3268,M13267,M,301.9,313.1,1523,42.8,78,0,0,0,0,0,0,Healthy,None
3269,M13268,M,299.8,311.0,1786,35.0,229,0,0,0,0,0,0,Healthy,None
3270,M13269,M,299.8,308.6,1869,31.9,152,0,0,0,0,0,0,Healthy,None
3271,L13270,L,301.8,312.3,1748,34.0,147,0,0,0,0,0,0,Healthy,None
3272,L13271,L,300.7,312.1,1522,41.6,234,1,1,0,0,0,0,Failure Risk,Tool Wear Failure
3273,M13272,M,297.6,308.1,1743,36.3,213,0,0,0,0,0,0,Healthy,None
3274,M13273,M,299.4,309.9,1654,29.3,198,0,0,0,0,0,0,Healthy,None
3275,H13274,H,301.3,310.8,1524,50.0,145,0,0,0,0,0,0,Healthy,None
3276,H13275,H,301.0,311.2,1912,41.5,123,0,0,0,0,0,0,Healthy,None
3277,H13276,H,300.5,311.7,1405,42.7,144,0,0,0,0,0,0,Healthy,None
3278,L13277,L,301.9,312.2,1646,31.9,141,0,0,0,0,0,0,Healthy,None
3279,L13278,L,299.3,308.1,1688,29.7,25,0,0,0,0,0,0,Healthy,None
3280,M13279,M,300.4,309.9,1486,38.4,231,0,0,0,0,0,0,Healthy,None
3281,L13280,L,293.2,304.4,1638,19.9,159,1,0,0,1,0,0,Failure Risk,Power Failure
3282,L13281,L,299.1,309.4,1707,47.7,92,0,0,0,0,0,0,Healthy,None
3283,H13282,H,301.5,311.6,1581,33.0,231,0,0,0,0,0,0,Healthy,None
3284,H13283,H,299.2,308.6,1622,37.3,186,0,0,0,0,0,0,Healthy,None
3285,L13284,L,299.1,310.3,1556,44.2,70,0,0,0,0,0,0,Healthy,None
3286,L13285,L,297.9,309.6,1680,37.8,56,0,0,0,0,0,0,Healthy,None
3287,L13286,L,302.0,313.3,1497,28.4,200,1,1,0,0,0,0,Failure Risk,Tool Wear Failure
3288,H13287,H,301.1,312.5,1482,54.9,11,0,0,0,0,0,0,Healthy,None
3289,H13288,H,301.7,311.3,1541,24.8,2,0,0,0,0,0,0,Healthy,None
3290,L13289,L,296.5,306.0,1749,17.9,159,1,0,0,1,0,0,Failure Risk,Power Failure
3291,L13290,L,299.7,309.5,1225,48.7,96,0,0,0,0,0,0,Healthy,None
3292,H13291,H,299.4,309.4,1375,25.6,142,0,0,0,0,0,0,Healthy,None
3293,L13292,L,299.4,310.8,1945,52.4,136,1,0,0,1,0,0,Failure Risk,Power Failure
3294,M13293,M,298.8,310.0,1587,43.7,48,0,0,0,0,0,0,Healthy,None
3295,H13294,H,299.3,309.8,1465,42.8,171,0,0,0,0,0,0,Healthy,None
3296,L13295,L,301.7,310.3,1680,34.4,80,0,0,0,0,0,0,Healthy,None
3297,M13296,M,296.2,304.5,1397,31.8,155,0,0,0,0,0,0,Healthy,None
3298,L13297,L,303.6,313.8,1168,36.3,252,1,1,0,0,0,0,Failure Risk,Tool Wear Failure
3299,L13298,L,301.0,311.9,1601,31.3,172,0,0,0,0,0,0,Healthy,None
3300,H13299,H,299.9,309.8,1407,52.0,12,0,0,0,0,0,0,Healthy,None
3301,L13300,L,301.8,313.7,1556,32.6,46,0,0,0,0,0,0,Healthy,None
3302,H13301,H,297.1,306.0,1596,45.0,20,0,0,0,0,0,0,Healthy,None
3303,M13302,M,298.7,307.5,1563,50.0,49,0,0,0,0,0,0,Healthy,None
3304,L13303,L,299.8,309.1,1232,31.3,174,0,0,0,0,0,0,Healthy,None
3305,L13304,L,302.7,312.0,1542,43.7,113,0,0,0,0,0,0,Healthy,None
3306,L13305,L,299.9,310.4,1617,31.2,4,0,0,0,0,0,0,Healthy,None
3307,L13306,L,300.9,310.5,1287,38.3,6,0,0,0,0,0,0,Healthy,None
3308,L13307,L,298.8,307.3,1266,35.5,165,1,0,1,0,0,0,Failure Risk,Heat Dissipation Failure
3309,L13308,L,301.0,311.9,1346,33.1,36,0,0,0,0,0,0,Healthy,None
3310,L13309,L,303.4,311.6,1671,41.6,82,0,0,0,0,0,0,Healthy,None
3311,M13310,M,302.0,310.9,1180,28.0,232,1,0,0,1,0,0,Failure Risk,Power Failure
3312,M13311,M,299.8,308.2,1686,49.2,159,0,0,0,0,0,0,Healthy,None
3313,M13312,M,301.4,311.6,1608,29.3,183,0,0,0,0,0,0,Healthy,None
3314,L13313,L,301.2,311.4,1491,27.5,170,0,0,0,0,0,0,Healthy,None
3315,L13314,L,301.0,312.9,1272,37.5,66,0,0,0,0,0,0,Healthy,None
3316,M13315,M,302.2,313.1,1395,36.3,102,0,0,0,0,0,0,Healthy,None
3317,L13316,L,302.2,313.6,1677,43.5,98,0,0,0,0,0,0,Healthy,None
3318,L13317,L,299.7,310.0,1762,40.8,26,0,0,0,0,0,0,Healthy,None
3319,H13318,H,301.3,310.3,1353,23.9,229,1,0,0,1,0,0,Failure Risk,Power Failure
3320,M13319,M,299.2,309.3,1742,49.8,50,1,0,0,1,0,0,Failure Risk,Power Failure
3321,M13320,M,298.2,308.8,1660,37.3,175,0,0,0,0,0,0,Healthy,None
3322,L13321,L,299.5,310.2,1536,42.4,71,0,0,0,0,0,0,Healthy,None
3323,M13322,M,299.8,309.3,1405,61.8,242,1,0,0,1,1,0,Failure Risk,"Power Failure, Overstrain Failure"
3324,M13323,M,296.7,307.2,1433,52.7,180,0,0,0,0,0,0,Healthy,None
3325,M13324,M,301.7,310.8,1864,42.1,210,0,0,0,0,0,0,Healthy,None
3326,M13325,M,294.5,303.5,1569,26.4,93,0,0,0,0,0,0,Healthy,None
3327,H13326,H,305.4,314.3,1776,26.6,47,0,0,0,0,0,0,Healthy,None
3328,M13327,M,303.0,313.0,1581,51.5,231,1,1,0,0,0,0,Failure Risk,Tool Wear Failure
3329,L13328,L,299.5,308.3,1456,36.0,9,0,0,0,0,0,0,Healthy,None
3330,M13329,M,300.0,309.6,1642,38.3,93,0,0,0,0,0,0,Healthy,None
3331,M13330,M,300.6,311.5,1924,28.7,136,0,0,0,0,0,0,Healthy,None
3332,M13331,M,298.8,307.8,1422,44.4,239,0,0,0,0,0,0,Healthy,None
3333,L13332,L,300.4,309.9,1701,51.3,85,1,0,0,1,0,0,Failure Risk,Power Failure
3334,L13333,L,299.7,309.8,1572,55.1,94,1,0,0,1,0,0,Failure Risk,Power Failure
3335,H13334,H,299.8,310.0,1278,35.6,45,0,0,0,0,0,0,Healthy,None
3336,M13335,M,300.4,309.9,1274,46.4,137,0,0,0,0,0,0,Healthy,None
3337,H13336,H,297.4,308.2,1457,39.1,35,0,0,0,0,0,0,Healthy,None
3338,M13337,M,300.1,310.7,1600,48.7,9,0,0,0,0,0,0,Healthy,None
3339,M13338,M,300.3,311.4,1695,40.0,243,0,0,0,0,0,0,Healthy,None
3340,M13339,M,300.3,310.2,1256,31.8,244,1,1,0,0,0,0,Failure Risk,Tool Wear Failure
3341,H13340,H,299.6,309.1,1654,53.1,123,1,0,0,1,0,0,Failure Risk,Power Failure
3342,M13341,M,302.3,311.6,1516,41.0,26,0,0,0,0,0,0,Healthy,None
3343,M13342,M,299.3,309.6,1538,36.5,78,0,0,0,0,0,0,Healthy,None
3344,L13343,L,300.5,310.1,1643,41.8,146,0,0,0,0,0,0,Healthy,None
3345,L13344,L,302.6,312.0,1850,32.7,138,0,0,0,0,0,0,Healthy,None
3346,M13345,M,299.8,309.4,1592,44.1,31,0,0,0,0,0,0,Healthy,None
3347,L13346,L,300.4,309.7,1295,38.1,147,0,0,0,0,0,0,Healthy,None
3348,L13347,L,299.8,310.0,1504,32.1,45,0,0,0,0,0,0,Healthy,None
3349,L13348,L,302.5,311.1,1690,63.5,59,1,0,0,1,0,0,Failure Risk,Power Failure
3350,L13349,L,299.5,309.8,1696,30.0,206,0,0,0,0,0,0,Healthy,None
3351,L13350,L,302.6,313.3,1657,43.5,67,0,0,0,0,0,0,Healthy,None
3352,L13351,L,299.8,309.2,1446,40.6,16,0,0,0,0,0,0,Healthy,None
3353,H13352,H,298.3,310.2,1293,29.8,64,0,0,0,0,0,0,Healthy,None
3354,M13353,M,301.4,311.4,1643,36.7,184,0,0,0,0,0,0,Healthy,None
3355,L13354,L,299.4,307.8,1320,26.7,18,1,0,1,0,0,0,Failure Risk,Heat Dissipation Failure
3356,L13355,L,301.2,310.9,1662,60.5,4,1,0,0,1,0,0,Failure Risk,Power Failure
3357,M13356,M,294.5,304.6,1662,37.3,81,0,0,0,0,0,0,Healthy,None
3358,L13357,L,300.0,310.4,1454,38.2,208,1,1,0,0,0,0,Failure Risk,Tool Wear Failure
3359,H13358,H,299.1,308.8,1517,59.3,54,1,0,0,1,0,0,Failure Risk,Power Failure
3360,M13359,M,297.9,306.9,1573,31.8,105,0,0,0,0,0,0,Healthy,None
3361,M13360,M,298.9,307.8,1427,52.8,232,1,0,0,0,1,0,Failure Risk,Overstrain Failure
3362,L13361,L,298.9,308.2,1290,45.9,3,0,0,0,0,0,0,Healthy,None
3363,M13362,M,299.9,309.3,1530,20.4,179,1,0,0,1,0,0,Failure Risk,Power Failure
3364,L13363,L,297.3,306.2,1549,36.3,18,0,0,0,0,0,0,Healthy,None
3365,H13364,H,300.6,309.9,1781,44.3,158,0,0,0,0,0,0,Healthy,None
3366,M13365,M,302.7,313.4,1398,40.4,130,0,0,0,0,0,0,Healthy,None
3367,L13366,L,300.6,312.2,1729,40.4,241,0,0,0,0,0,0,Healthy,None
3368,L13367,L,301.6,312.4,1332,34.0,66,0,0,0,0,0,0,Healthy,None
3369,L13368,L,302.2,313.5,1297,32.9,28,0,0,0,0,0,0,Healthy,None
3370,M13369,M,302.5,313.5,1484,36.9,180,0,0,0,0,0,0,Healthy,None
3371,L13370,L,303.7,314.5,1369,59.4,135,0,0,0,0,0,0,Healthy,None
3372,M13371,M,299.0,308.7,1294,31.0,119,0,0,0,0,0,0,Healthy,None
3373,L13372,L,298.6,308.7,1886,35.2,132,0,0,0,0,0,0,Healthy,None
3374,M13373,M,301.6,311.2,1457,40.3,63,0,0,0,0,0,0,Healthy,None
3375,H13374,H,301.4,311.2,1951,25.5,222,0,0,0,0,0,0,Healthy,None
3376,M13375,M,301.6,311.7,1359,44.3,26,0,0,0,0,0,0,Healthy,None
3377,M13376,M,303.8,314.5,1232,27.2,32,0,0,0,0,0,0,Healthy,None
3378,L13377,L,300.0,310.4,1769,29.2,57,0,0,0,0,0,0,Healthy,None
3379,L13378,L,300.9,310.7,1407,28.8,61,0,0,0,0,0,0,Healthy,None
3380,M13379,M,298.0,308.1,1562,23.8,81,0,0,0,0,0,0,Healthy,None
3381,L13380,L,304.3,314.7,1295,52.6,215,1,0,0,0,1,0,Failure Risk,Overstrain Failure
3382,L13381,L,299.3,310.0,1531,45.2,25,0,0,0,0,0,0,Healthy,None
3383,L13382,L,299.4,307.9,1292,49.1,222,1,0,1,0,0,0,Failure Risk,Heat Dissipation Failure
3384,L13383,L,299.3,308.2,1524,48.2,13,0,0,0,0,0,0,Healthy,None
3385,L13384,L,298.7,309.8,1453,38.3,216,0,0,0,0,0,0,Healthy,None
3386,H13385,H,298.5,308.4,1579,39.7,31,0,0,0,0,0,0,Healthy,None
3387,L13386,L,299.0,308.6,1649,50.0,250,1,0,0,0,1,0,Failure Risk,Overstrain Failure
3388,M13387,M,297.3,307.0,1581,56.2,230,1,0,0,1,1,0,Failure Risk,"Power Failure, Overstrain Failure"
3389,L13388,L,298.4,308.1,1618,27.5,40,0,0,0,0,0,0,Healthy,None
3390,M13389,M,303.9,314.5,1518,64.9,251,1,0,0,1,1,0,Failure Risk,"Power Failure, Overstrain Failure"
3391,L13390,L,301.5,310.4,1460,27.0,248,0,0,0,0,0,0,Healthy,None
3392,H13391,H,301.9,311.9,1622,35.4,141,0,0,0,0,0,0,Healthy,None
3393,H13392,H,302.4,312.6,1518,40.7,47,0,0,0,0,0,0,Healthy,None
3394,L13393,L,303.7,314.1,1524,41.6,175,0,0,0,0,0,0,Healthy,None
3395,H13394,H,296.5,306.7,1609,59.4,90,1,0,0,1,0,0,Failure Risk,Power Failure
3396,H13395,H,297.5,308.0,1353,50.0,213,0,0,0,0,0,0,Healthy,None
3397,H13396,H,298.4,307.8,1793,44.1,37,0,0,0,0,0,0,Healthy,None
3398,H13397,H,299.1,308.2,1493,50.3,134,0,0,0,0,0,0,Healthy,None
3399,L13398,L,299.4,311.9,1560,43.4,32,0,0,0,0,0,0,Healthy,None
3400,M13399,M,299.1,308.8,1530,33.3,106,0,0,0,0,0,0,Healthy,None
3401,L13400,L,300.4,310.2,1654,44.8,232,0,0,0,0,0,0,Healthy,None
3402,L13401,L,300.1,310.8,1598,40.7,96,0,0,0,0,0,0,Healthy,None
3403,H13402,H,298.6,310.2,1529,31.7,23,0,0,0,0,0,0,Healthy,None
3404,L13403,L,295.6,305.1,1797,52.5,25,1,0,0,1,0,0,Failure Risk,Power Failure
3405,M13404,M,298.0,307.0,1168,39.5,49,0,0,0,0,0,0,Healthy,None
3406,H13405,H,298.9,307.7,1760,28.9,169,0,0,0,0,0,0,Healthy,None
3407,H13406,H,299.5,311.1,1702,30.5,94,0,0,0,0,0,0,Healthy,None
3408,H13407,H,297.7,306.7,1209,45.3,218,1,1,0,0,0,0,Failure Risk,Tool Wear Failure
3409,L13408,L,299.0,309.0,1704,50.4,124,0,0,0,0,0,0,Healthy,None
3410,L13409,L,297.7,306.7,1727,44.8,140,0,0,0,0,0,0,Healthy,None
3411,L13410,L,299.7,308.3,1638,44.8,158,0,0,0,0,0,0,Healthy,None
3412,L13411,L,297.9,307.6,1258,32.0,223,0,0,0,0,0,0,Healthy,None
3413,L13412,L,298.3,307.4,1660,40.9,22,0,0,0,0,0,0,Healthy,None
3414,L13413,L,297.4,306.7,1718,36.7,164,0,0,0,0,0,0,Healthy,None
3415,M13414,M,299.7,311.7,1435,38.1,231,0,0,0,0,0,0,Healthy,None
3416,M13415,M,298.3,308.7,1616,38.9,108,0,0,0,0,0,0,Healthy,None
3417,L13416,L,301.8,312.7,1474,33.5,58,0,0,0,0,0,0,Healthy,None
3418,M13417,M,300.8,311.6,1696,47.4,185,0,0,0,0,0,0,Healthy,None
3419,L13418,L,299.9,309.8,1481,30.0,15,0,0,0,0,0,0,Healthy,None
3420,L13419,L,298.4,308.0,1434,27.1,38,0,0,0,0,0,0,Healthy,None
3421,M13420,M,300.8,311.0,1530,32.2,199,0,0,0,0,0,0,Healthy,None
3422,M13421,M,301.4,311.6,1297,48.7,81,0,0,0,0,0,0,Healthy,None
3423,M13422,M,300.3,309.7,1513,43.4,249,1,1,0,0,0,0,Failure Risk,Tool Wear Failure
3424,L13423,L,303.2,313.3,1602,22.3,90,0,0,0,0,0,0,Healthy,None
3425,H13424,H,300.9,310.2,1693,45.9,8,0,0,0,0,0,0,Healthy,None
3426,M13425,M,301.8,311.6,1582,39.5,191,0,0,0,0,0,0,Healthy,None
3427,M13426,M,300.3,310.0,1281,35.9,91,0,0,0,0,0,0,Healthy,None
3428,M13427,M,301.4,310.1,1780,37.6,21,0,0,0,0,0,0,Healthy,None
3429,H13428,H,298.4,306.0,1795,26.8,74,0,0,0,0,0,0,Healthy,None
3430,M13429,M,299.1,308.2,1558,41.7,53,0,0,0,0,0,0,Healthy,None
3431,M13430,M,300.7,312.5,1403,27.5,149,0,0,0,0,0,0,Healthy,None
3432,H13431,H,300.7,310.4,1442,36.5,240,0,0,0,0,0,0,Healthy,None
3433,M13432,M,301.0,311.8,1501,36.5,13,0,0,0,0,0,0,Healthy,None
3434,L13433,L,302.2,310.1,1587,47.6,214,0,0,0,0,0,0,Healthy,None
3435,M13434,M,297.2,306.2,1483,40.4,193,0,0,0,0,0,0,Healthy,None
3436,L13435,L,298.1,306.7,1384,47.0,78,0,0,0,0,0,0,Healthy,None
3437,L13436,L,300.5,310.3,1721,28.2,177,0,0,0,0,0,0,Healthy,None
3438,M13437,M,298.6,311.0,1584,38.9,132,0,0,0,0,0,0,Healthy,None
3439,H13438,H,306.8,317.3,1349,45.3,220,0,0,0,0,0,0,Healthy,None
3440,H13439,H,301.0,312.7,1590,52.3,245,0,0,0,0,0,0,Healthy,None
3441,L13440,L,299.8,309.5,1566,28.7,224,0,0,0,0,0,0,Healthy,None
3442,M13441,M,299.0,310.4,1409,31.7,239,0,0,0,0,0,0,Healthy,None
3443,L13442,L,299.0,311.1,1751,45.0,107,0,0,0,0,0,0,Healthy,None
3444,H13443,H,300.1,310.0,1562,56.0,93,1,0,0,1,0,0,Failure Risk,Power Failure
3445,H13444,H,300.2,309.7,1499,42.8,237,0,0,0,0,0,0,Healthy,None
3446,M13445,M,299.1,307.8,1523,29.0,144,0,0,0,0,0,0,Healthy,None
3447,H13446,H,299.5,309.2,1617,29.2,0,0,0,0,0,0,0,Healthy,None
3448,M13447,M,302.7,312.8,1525,41.3,141,0,0,0,0,0,0,Healthy,None
3449,M13448,M,302.8,314.8,1523,43.5,238,0,0,0,0,0,0,Healthy,None
3450,L13449,L,300.5,309.2,1728,37.8,54,0,0,0,0,0,0,Healthy,None
3451,L13450,L,297.3,307.4,1284,29.3,235,0,0,0,0,0,0,Healthy,None
3452,M13451,M,301.1,309.3,1313,50.9,16,1,0,1,0,0,0,Failure Risk,Heat Dissipation Failure
3453,M13452,M,303.1,312.7,1677,36.5,8,0,0,0,0,0,0,Healthy,None
3454,L13453,L,302.7,313.0,1970,45.2,127,1,0,0,1,0,0,Failure Risk,Power Failure
3455,H13454,H,301.5,312.0,1694,22.4,98,0,0,0,0,0,0,Healthy,None
3456,L13455,L,302.8,313.4,1871,51.9,94,1,0,0,1,0,0,Failure Risk,Power Failure
3457,M13456,M,300.1,310.5,1460,33.2,11,0,0,0,0,0,0,Healthy,None
3458,M13457,M,301.3,311.9,1423,53.3,121,0,0,0,0,0,0,Healthy,None
3459,M13458,M,298.6,308.6,1619,46.1,108,0,0,0,0,0,0,Healthy,None
3460,M13459,M,300.6,309.6,1708,25.9,65,0,0,0,0,0,0,Healthy,None
3461,L13460,L,302.7,310.8,1303,42.4,245,1,0,1,0,0,0,Failure Risk,Heat Dissipation Failure
3462,L13461,L,298.8,308.3,1499,56.4,142,0,0,0,0,0,0,Healthy,None
3463,M13462,M,298.3,308.2,1533,34.1,161,0,0,0,0,0,0,Healthy,None
3464,M13463,M,300.2,311.5,1416,56.4,36,0,0,0,0,0,0,Healthy,None
3465,L13464,L,299.5,309.4,1437,43.8,52,0,0,0,0,0,0,Healthy,None
3466,M13465,M,301.3,311.1,1688,53.3,168,1,0,0,1,0,0,Failure Risk,Power Failure
3467,L13466,L,299.1,309.5,1622,41.6,123,0,0,0,0,0,0,Healthy,None
3468,M13467,M,303.4,313.1,1680,38.8,221,0,0,0,0,0,0,Healthy,None
3469,H13468,H,297.4,308.2,1598,58.2,77,1,0,0,1,0,0,Failure Risk,Power Failure
3470,L13469,L,302.5,314.5,1381,47.1,236,1,0,0,0,1,0,Failure Risk,Overstrain Failure
3471,L13470,L,298.5,310.7,1613,37.7,3,0,0,0,0,0,0,Healthy,None
3472,M13471,M,296.4,306.5,1367,44.2,135,0,0,0,0,0,0,Healthy,None
3473,M13472,M,300.5,310.8,1482,34.4,86,0,0,0,0,0,0,Healthy,None
3474,M13473,M,299.5,311.1,1352,41.1,70,0,0,0,0,0,0,Healthy,None
3475,H13474,H,297.8,307.7,1428,51.8,16,0,0,0,0,0,0,Healthy,None
3476,H13475,H,296.6,307.3,1554,38.4,149,0,0,0,0,0,0,Healthy,None
3477,H13476,H,300.0,308.9,1456,31.3,101,0,0,0,0,0,0,Healthy,None
3478,M13477,M,302.0,311.7,1379,30.4,217,1,1,0,0,0,0,Failure Risk,Tool Wear Failure
3479,L13478,L,301.2,312.4,1741,40.7,135,0,0,0,0,0,0,Healthy,None
3480,L13479,L,300.1,309.4,1516,32.0,21,0,0,0,0,0,0,Healthy,None
3481,L13480,L,301.0,310.9,1443,25.8,39,0,0,0,0,0,0,Healthy,None
3482,M13481,M,299.9,308.3,1344,28.1,236,1,0,1,0,0,0,Failure Risk,Heat Dissipation Failure
3483,L13482,L,297.1,309.1,1202,51.6,149,0,0,0,0,0,0,Healthy,None
3484,H13483,H,297.2,308.5,1498,38.6,103,0,0,0,0,0,0,Healthy,None
3485,M13484,M,299.6,309.8,1291,40.6,132,0,0,0,0,0,0,Healthy,None
3486,M13485,M,299.7,310.2,1665,30.4,8,0,0,0,0,0,0,Healthy,None
3487,L13486,L,301.7,312.1,1543,34.2,59,0,0,0,0,0,0,Healthy,None
3488,L13487,L,301.5,312.9,1816,33.9,19,0,0,0,0,0,0,Healthy,None
3489,L13488,L,301.2,310.7,1577,37.3,85,0,0,0,0,0,0,Healthy,None
3490,L13489,L,299.4,310.1,1407,23.6,122,1,0,0,1,0,0,Failure Risk,Power Failure
3491,L13490,L,297.2,308.3,1201,50.8,33,0,0,0,0,0,0,Healthy,None
3492,M13491,M,300.8,312.0,1682,39.8,226,0,0,0,0,0,0,Healthy,None
3493,H13492,H,301.1,308.8,1305,42.0,163,1,0,1,0,0,0,Failure Risk,Heat Dissipation Failure
3494,H13493,H,295.2,304.6,1464,49.1,210,0,0,0,0,0,0,Healthy,None
3495,M13494,M,298.3,307.3,1837,48.3,91,1,0,0,1,0,0,Failure Risk,Power Failure
3496,L13495,L,298.6,308.7,1647,34.3,124,0,0,0,0,0,0,Healthy,None
3497,H13496,H,300.2,308.2,1607,46.0,126,0,0,0,0,0,0,Healthy,None
3498,H13497,H,298.4,306.4,1707,45.9,70,0,0,0,0,0,0,Healthy,None
3499,L13498,L,299.9,312.1,1700,43.1,232,0,0,0,0,0,0,Healthy,None
3500,M13499,M,299.6,310.2,1820,50.5,165,1,0,0,1,0,0,Failure Risk,Power Failure
3501,L13500,L,299.7,309.8,1430,47.9,194,0,0,0,0,0,0,Healthy,None
3502,H13501,H,298.6,309.0,1470,47.2,31,0,0,0,0,0,0,Healthy,None
3503,H13502,H,298.7,308.8,1372,53.5,173,0,0,0,0,0,0,Healthy,None
3504,L13503,L,297.8,308.8,1532,40.3,108,0,0,0,0,0,0,Healthy,None
3505,H13504,H,300.8,310.2,1514,40.6,94,0,0,0,0,0,0,Healthy,None
3506,M13505,M,301.1,311.3,1223,48.1,236,0,0,0,0,0,0,Healthy,None
3507,H13506,H,298.5,308.7,1420,38.2,24,0,0,0,0,0,0,Healthy,None
3508,L13507,L,303.0,312.0,1795,44.8,63,0,0,0,0,0,0,Healthy,None
3509,H13508,H,299.4,310.7,1581,34.5,160,0,0,0,0,0,0,Healthy,None
3510,L13509,L,303.1,312.7,1666,17.4,46,1,0,0,1,0,0,Failure Risk,Power Failure
3511,L13510,L,298.7,309.7,1516,45.9,68,0,0,0,0,0,0,Healthy,None
3512,L13511,L,295.9,306.0,1200,24.7,125,1,0,0,1,0,0,Failure Risk,Power Failure
3513,H13512,H,300.8,312.4,1514,33.1,28,0,0,0,0,0,0,Healthy,None
3514,H13513,H,300.5,309.5,1724,48.1,186,0,0,0,0,0,0,Healthy,None
3515,H13514,H,300.1,309.0,1325,48.2,250,0,0,0,0,0,0,Healthy,None
3516,H13515,H,298.7,307.8,1671,51.6,158,1,0,0,1,0,0,Failure Risk,Power Failure
3517,L13516,L,299.9,310.0,1233,20.0,25,1,0,0,1,0,0,Failure Risk,Power Failure
3518,L13517,L,299.0,310.5,1541,42.9,62,0,0,0,0,0,0,Healthy,None
3519,L13518,L,299.4,311.0,1635,37.4,185,0,0,0,0,0,0,Healthy,None
3520,L13519,L,301.7,309.4,1482,49.8,84,0,0,0,0,0,0,Healthy,None
3521,L13520,L,300.4,310.6,1980,54.6,225,1,0,0,1,1,0,Failure Risk,"Power Failure, Overstrain Failure"
3522,L13521,L,301.2,308.0,1449,27.0,228,0,0,0,0,0,0,Healthy,None
3523,L13522,L,299.5,310.3,1434,40.2,176,0,0,0,0,0,0,Healthy,None
3524,L13523,L,299.3,310.4,1574,48.2,192,0,0,0,0,0,0,Healthy,None
3525,L13524,L,297.7,307.7,1402,36.7,58,0,0,0,0,0,0,Healthy,None
3526,L13525,L,299.3,309.4,1280,57.3,189,0,0,0,0,0,0,Healthy,None
3527,H13526,H,293.4,303.5,1341,36.0,195,0,0,0,0,0,0,Healthy,None
3528,M13527,M,298.8,308.0,1673,37.0,238,1,1,0,0,0,0,Failure Risk,Tool Wear Failure
3529,H13528,H,299.8,310.2,1483,29.4,46,0,0,0,0,0,0,Healthy,None
3530,L13529,L,301.1,310.9,1842,41.5,21,0,0,0,0,0,0,Healthy,None
3531,L13530,L,299.5,310.4,1459,10.1,207,1,0,0,1,0,0,Failure Risk,Power Failure
3532,M13531,M,300.7,310.6,1665,37.5,108,0,0,0,0,0,0,Healthy,None
3533,L13532,L,295.6,304.7,1629,52.6,191,0,0,0,0,0,0,Healthy,None
3534,L13533,L,299.9,308.4,1456,26.2,173,0,0,0,0,0,0,Healthy,None
3535,L13534,L,296.6,304.7,1380,24.0,186,1,0,0,1,0,0,Failure Risk,Power Failure
3536,L13535,L,297.6,308.9,1228,51.1,159,0,0,0,0,0,0,Healthy,None
3537,L13536,L,299.6,309.1,1637,52.4,97,0,0,0,0,0,0,Healthy,None
3538,L13537,L,302.6,312.9,1752,26.6,212,0,0,0,0,0,0,Healthy,None
3539,M13538,M,300.7,312.5,1253,57.2,90,0,0,0,0,0,0,Healthy,None
3540,L13539,L,300.0,309.4,1471,44.3,233,0,0,0,0,0,0,Healthy,None
3541,L13540,L,300.0,309.4,1418,50.4,164,0,0,0,0,0,0,Healthy,None
3542,H13541,H,298.6,308.5,1636,32.2,66,0,0,0,0,0,0,Healthy,None
3543,L13542,L,298.9,308.9,1479,54.7,179,0,0,0,0,0,0,Healthy,None
3544,L13543,L,300.9,312.8,1774,37.3,170,0,0,0,0,0,0,Healthy,None
3545,H13544,H,297.2,308.8,1469,36.9,108,0,0,0,0,0,0,Healthy,None
3546,L13545,L,301.2,311.8,1316,44.8,33,0,0,0,0,0,0,Healthy,None
3547,L13546,L,299.2,310.6,1454,36.1,188,0,0,0,0,0,0,Healthy,None
3548,L13547,L,301.7,311.5,1473,24.9,70,0,0,0,0,0,0,Healthy,None
3549,L13548,L,301.9,312.2,1632,41.3,220,0,0,0,0,0,0,Healthy,None
3550,M13549,M,296.7,306.4,1471,36.8,194,0,0,0,0,0,0,Healthy,None
3551,H13550,H,298.8,307.5,1616,32.4,172,0,0,0,0,0,0,Healthy,None
3552,L13551,L,298.3,309.5,1396,52.3,229,1,0,0,0,1,0,Failure Risk,Overstrain Failure
3553,M13552,M,296.4,306.9,1485,63.7,168,1,0,0,1,0,0,Failure Risk,Power Failure
3554,M13553,M,297.9,307.9,1397,30.9,118,0,0,0,0,0,0,Healthy,None
3555,L13554,L,304.9,314.9,1386,42.0,179,0,0,0,0,0,0,Healthy,None
3556,M13555,M,301.2,309.7,1766,36.1,65,0,0,0,0,0,0,Healthy,None
3557,L13556,L,303.8,312.8,1409,62.7,11,1,0,0,1,0,0,Failure Risk,Power Failure
3558,L13557,L,301.7,312.0,1475,44.9,14,0,0,0,0,0,0,Healthy,None
3559,L13558,L,298.5,308.0,1724,49.2,125,0,0,0,0,0,0,Healthy,None
3560,L13559,L,299.2,309.0,1672,51.7,246,1,0,0,1,1,0,Failure Risk,"Power Failure, Overstrain Failure"
3561,L13560,L,301.2,311.1,1831,41.3,247,1,1,0,0,0,0,Failure Risk,Tool Wear Failure
3562,H13561,H,300.9,310.2,1624,38.2,15,0,0,0,0,0,0,Healthy,None
3563,L13562,L,298.8,307.8,1430,55.0,2,0,0,0,0,0,0,Healthy,None
3564,L13563,L,297.0,305.4,1906,47.7,154,1,0,0,1,0,0,Failure Risk,Power Failure
3565,L13564,L,306.6,316.5,1642,31.6,237,0,0,0,0,0,0,Healthy,None
3566,M13565,M,299.7,310.3,1510,32.8,150,0,0,0,0,0,0,Healthy,None
3567,M13566,M,299.3,307.7,1548,36.1,191,0,0,0,0,0,0,Healthy,None
3568,M13567,M,300.2,310.2,1570,51.5,160,0,0,0,0,0,0,Healthy,None
3569,M13568,M,299.5,309.8,1495,54.6,47,0,0,0,0,0,0,Healthy,None
3570,H13569,H,300.2,309.2,1291,61.3,90,0,0,0,0,0,0,Healthy,None
3571,L13570,L,302.6,314.0,1829,33.0,215,1,1,0,0,0,0,Failure Risk,Tool Wear Failure
3572,M13571,M,299.8,309.4,1534,41.4,182,0,0,0,0,0,0,Healthy,None
3573,H13572,H,297.7,307.6,1570,36.0,229,0,0,0,0,0,0,Healthy,None
3574,H13573,H,299.7,309.5,1909,38.2,154,0,0,0,0,0,0,Healthy,None
3575,H13574,H,299.1,307.3,1415,49.2,46,0,0,0,0,0,0,Healthy,None
3576,L13575,L,302.8,313.8,1655,39.5,158,0,0,0,0,0,0,Healthy,None
3577,L13576,L,302.3,311.3,1396,53.0,206,0,0,0,0,0,0,Healthy,None
3578,L13577,L,300.2,310.0,1595,34.9,162,0,0,0,0,0,0,Healthy,None
3579,M13578,M,297.4,308.0,1574,47.3,163,0,0,0,0,0,0,Healthy,None
3580,L13579,L,297.5,309.0,1679,35.6,151,0,0,0,0,0,0,Healthy,None
3581,L13580,L,300.0,308.9,1754,21.8,144,0,0,0,0,0,0,Healthy,None
3582,H13581,H,300.7,310.3,1434,29.9,44,0,0,0,0,0,0,Healthy,None
3583,L13582,L,299.3,310.7,1791,41.2,97,0,0,0,0,0,0,Healthy,None
3584,H13583,H,299.0,309.5,1804,59.0,189,1,0,0,1,0,0,Failure Risk,Power Failure
3585,L13584,L,298.8,309.5,1493,35.5,128,0,0,0,0,0,0,Healthy,None
3586,L13585,L,300.0,308.9,1536,38.3,19,0,0,0,0,0,0,Healthy,None
3587,L13586,L,295.2,304.8,1449,44.8,197,0,0,0,0,0,0,Healthy,None
3588,M13587,M,297.8,307.6,1483,34.1,196,0,0,0,0,0,0,Healthy,None
3589,L13588,L,298.7,307.8,1322,35.2,191,0,0,0,0,0,0,Healthy,None
3590,L13589,L,302.4,310.7,1677,40.7,92,0,0,0,0,0,0,Healthy,None
3591,H13590,H,298.4,307.9,1170,35.7,69,0,0,0,0,0,0,Healthy,None
3592,L13591,L,300.4,311.8,1413,22.3,177,1,0,0,1,0,0,Failure Risk,Power Failure
3593,M13592,M,300.5,310.6,1529,33.6,52,0,0,0,0,0,0,Healthy,None
3594,M13593,M,302.6,314.0,1770,46.1,224,1,1,0,0,0,0,Failure Risk,Tool Wear Failure
3595,L13594,L,302.5,312.7,1440,46.4,108,0,0,0,0,0,0,Healthy,None
3596,M13595,M,299.9,309.1,1614,53.2,165,0,0,0,0,0,0,Healthy,None
3597,L13596,L,299.0,310.3,1523,52.4,179,0,0,0,0,0,0,Healthy,None
3598,M13597,M,298.7,308.9,1707,31.1,92,0,0,0,0,0,0,Healthy,None
3599,L13598,L,299.5,310.5,1605,32.6,107,0,0,0,0,0,0,Healthy,None
3600,M13599,M,299.1,308.0,1686,33.1,188,0,0,0,0,0,0,Healthy,None
3601,L13600,L,301.1,312.1,1439,38.5,73,0,0,0,0,0,0,Healthy,None
3602,M13601,M,300.8,311.9,1356,33.8,223,0,0,0,0,0,0,Healthy,None
3603,L13602,L,301.2,311.5,1603,38.3,24,0,0,0,0,0,0,Healthy,None
3604,L13603,L,302.5,311.7,1450,31.4,219,0,0,0,0,0,0,Healthy,None
3605,L13604,L,303.7,313.7,1543,47.8,28,0,0,0,0,0,0,Healthy,None
3606,L13605,L,300.2,310.8,1594,30.6,114,0,0,0,0,0,0,Healthy,None
3607,H13606,H,302.2,312.4,1760,30.1,34,0,0,0,0,0,0,Healthy,None
3608,L13607,L,299.3,309.9,1678,45.2,46,0,0,0,0,0,0,Healthy,None
3609,H13608,H,302.4,313.4,1416,47.2,184,0,0,0,0,0,0,Healthy,None
3610,H13609,H,302.1,311.5,1333,37.8,159,0,0,0,0,0,0,Healthy,None
3611,M13610,M,302.0,310.8,1843,48.6,126,1,0,0,1,0,0,Failure Risk,Power Failure
3612,L13611,L,300.2,310.2,1254,47.9,45,0,0,0,0,0,0,Healthy,None
3613,L13612,L,298.7,308.4,1457,58.8,35,0,0,0,0,0,0,Healthy,None
3614,M13613,M,297.2,308.0,1653,47.3,70,0,0,0,0,0,0,Healthy,None
3615,L13614,L,299.9,308.8,1831,56.9,137,1,0,0,1,0,0,Failure Risk,Power Failure
3616,L13615,L,303.1,314.1,1504,40.6,45,0,0,0,0,0,0,Healthy,None
3617,M13616,M,299.4,310.8,1542,53.9,97,0,0,0,0,0,0,Healthy,None
3618,H13617,H,301.6,311.6,1381,54.1,96,0,0,0,0,0,0,Healthy,None
3619,M13618,M,301.7,311.8,1560,38.6,25,0,0,0,0,0,0,Healthy,None
3620,L13619,L,299.4,308.6,1332,33.2,175,0,0,0,0,0,0,Healthy,None
3621,M13620,M,302.6,312.1,1403,34.9,175,0,0,0,0,0,0,Healthy,None
3622,L13621,L,294.2,303.8,1674,44.1,12,0,0,0,0,0,0,Healthy,None
3623,L13622,L,297.6,309.0,1460,28.6,157,0,0,0,0,0,0,Healthy,None
3624,H13623,H,298.2,308.1,1702,35.5,223,0,0,0,0,0,0,Healthy,None
3625,L13624,L,298.4,307.1,1510,51.9,224,1,0,0,0,1,0,Failure Risk,Overstrain Failure
3626,L13625,L,300.7,311.0,1292,46.6,197,0,0,0,0,0,0,Healthy,None
3627,L13626,L,300.6,311.4,1747,16.7,227,1,0,0,1,0,0,Failure Risk,Power Failure
3628,H13627,H,300.8,310.8,1302,26.8,193,0,0,0,0,0,0,Healthy,None
3629,M13628,M,301.2,312.7,1430,61.4,124,1,0,0,1,0,0,Failure Risk,Power Failure
3630,M13629,M,298.1,308.9,1502,51.7,6,0,0,0,0,0,0,Healthy,None
3631,M13630,M,297.6,306.6,1718,34.2,55,0,0,0,0,0,0,Healthy,None
3632,L13631,L,300.8,310.2,1443,25.3,29,0,0,0,0,0,0,Healthy,None
3633,L13632,L,298.7,308.9,1372,27.6,237,0,0,0,0,0,0,Healthy,None
3634,L13633,L,296.9,305.2,1567,45.0,54,0,0,0,0,0,0,Healthy,None
3635,L13634,L,301.9,312.2,1499,59.6,217,1,0,0,1,1,0,Failure Risk,"Power Failure, Overstrain Failure"
3636,L13635,L,302.8,311.0,1454,58.9,216,1,0,0,0,1,0,Failure Risk,Overstrain Failure
3637,H13636,H,303.1,314.1,1576,24.4,160,0,0,0,0,0,0,Healthy,None
3638,L13637,L,300.4,311.3,1322,37.1,169,0,0,0,0,0,0,Healthy,None
3639,L13638,L,301.3,311.8,1229,31.5,5,0,0,0,0,0,0,Healthy,None
3640,L13639,L,302.7,312.0,1920,41.4,7,0,0,0,0,0,0,Healthy,None
3641,L13640,L,298.7,308.9,1556,26.8,72,0,0,0,0,0,0,Healthy,None
3642,H13641,H,302.2,311.7,1569,34.6,127,0,0,0,0,0,0,Healthy,None
3643,L13642,L,300.6,309.6,1398,31.4,74,0,0,0,0,0,0,Healthy,None
3644,L13643,L,301.8,311.5,1698,45.2,215,1,1,0,0,0,0,Failure Risk,Tool Wear Failure
3645,M13644,M,300.4,311.1,1442,34.9,69,0,0,0,0,0,0,Healthy,None
3646,L13645,L,302.6,312.6,1168,36.3,39,0,0,0,0,0,0,Healthy,None
3647,L13646,L,300.4,311.9,1436,45.1,183,0,0,0,0,0,0,Healthy,None
3648,L13647,L,297.0,307.8,1487,56.3,79,0,0,0,0,0,0,Healthy,None
3649,M13648,M,302.9,313.6,1507,60.9,16,1,0,0,1,0,0,Failure Risk,Power Failure
3650,H13649,H,298.1,306.5,1502,44.5,87,0,0,0,0,0,0,Healthy,None
3651,M13650,M,302.5,312.2,1422,39.1,134,0,0,0,0,0,0,Healthy,None
3652,L13651,L,299.8,308.7,1405,53.0,39,0,0,0,0,0,0,Healthy,None
3653,H13652,H,302.4,312.2,1484,51.6,103,0,0,0,0,0,0,Healthy,None
3654,L13653,L,302.3,311.6,1243,48.7,251,1,0,0,0,1,0,Failure Risk,Overstrain Failure
3655,L13654,L,300.9,310.5,1187,24.4,57,1,0,0,1,0,0,Failure Risk,Power Failure
3656,L13655,L,301.0,312.1,1555,52.0,189,0,0,0,0,0,0,Healthy,None
3657,L13656,L,300.8,311.3,1558,43.5,90,0,0,0,0,0,0,Healthy,None
3658,M13657,M,296.0,307.0,1695,31.2,201,1,1,0,0,0,0,Failure Risk,Tool Wear Failure
3659,M13658,M,300.2,308.6,1492,33.3,53,0,0,0,0,0,0,Healthy,None
3660,H13659,H,297.8,307.9,1324,45.8,8,0,0,0,0,0,0,Healthy,None
3661,M13660,M,300.3,311.3,1190,15.1,50,1,0,0,1,0,0,Failure Risk,Power Failure
3662,M13661,M,297.7,309.2,1378,38.8,137,0,0,0,0,0,0,Healthy,None
3663,L13662,L,297.6,306.1,1613,33.5,48,0,0,0,0,0,0,Healthy,None
3664,L13663,L,303.2,312.8,1796,32.5,157,0,0,0,0,0,0,Healthy,None
3665,M13664,M,302.1,313.1,1547,35.5,8,0,0,0,0,0,0,Healthy,None
3666,L13665,L,300.0,309.8,1320,25.4,173,0,0,0,0,0,0,Healthy,None
3667,H13666,H,300.4,309.5,1380,50.4,121,0,0,0,0,0,0,Healthy,None
3668,L13667,L,299.5,308.0,1386,18.9,125,1,0,0,1,0,0,Failure Risk,Power Failure
3669,L13668,L,301.1,310.2,1465,41.7,25,0,0,0,0,0,0,Healthy,None
3670,L13669,L,298.6,306.9,1738,31.6,191,0,0,0,0,0,0,Healthy,None
3671,L13670,L,302.0,312.1,1752,59.6,161,1,0,0,1,0,0,Failure Risk,Power Failure
3672,L13671,L,299.5,310.4,1507,40.2,226,1,1,0,0,0,0,Failure Risk,Tool Wear Failure
3673,M13672,M,299.2,307.9,1570,19.0,127,1,0,0,1,0,0,Failure Risk,Power Failure
3674,L13673,L,300.0,310.3,1395,45.4,26,0,0,0,0,0,0,Healthy,None
3675,M13674,M,298.8,309.6,1231,29.2,83,0,0,0,0,0,0,Healthy,None
3676,L13675,L,300.7,310.7,1858,49.8,215,1,0,0,1,0,0,Failure Risk,Power Failure
3677,L13676,L,298.9,307.3,1168,46.1,154,1,0,1,0,0,0,Failure Risk,Heat Dissipation Failure
3678,L13677,L,300.9,311.3,1209,54.6,168,0,0,0,0,0,0,Healthy,None
3679,H13678,H,302.4,312.3,1859,41.9,82,0,0,0,0,0,0,Healthy,None
3680,L13679,L,298.6,308.4,1540,48.1,17,0,0,0,0,0,0,Healthy,None
3681,M13680,M,299.7,309.2,1336,40.4,49,0,0,0,0,0,0,Healthy,None
3682,L13681,L,300.9,311.0,1660,34.2,42,0,0,0,0,0,0,Healthy,None
3683,M13682,M,299.1,309.6,1676,50.6,40,0,0,0,0,0,0,Healthy,None
3684,L13683,L,300.9,313.3,1299,27.8,203,0,0,0,0,0,0,Healthy,None
3685,M13684,M,301.1,311.2,1442,39.6,103,0,0,0,0,0,0,Healthy,None
3686,M13685,M,302.2,313.7,1694,34.4,17,0,0,0,0,0,0,Healthy,None
3687,H13686,H,298.8,309.2,1391,48.3,188,0,0,0,0,0,0,Healthy,None
3688,L13687,L,298.1,308.0,1588,30.6,199,0,0,0,0,0,0,Healthy,None
3689,L13688,L,299.4,309.5,1793,36.0,99,0,0,0,0,0,0,Healthy,None
3690,L13689,L,298.1,306.9,1168,40.4,229,0,0,0,0,0,0,Healthy,None
3691,H13690,H,301.1,311.4,1476,54.7,52,0,0,0,0,0,0,Healthy,None
3692,M13691,M,297.7,305.7,1584,34.7,79,0,0,0,0,0,0,Healthy,None
3693,M13692,M,304.7,313.8,1217,36.0,52,0,0,0,0,0,0,Healthy,None
3694,L13693,L,302.6,312.7,1443,26.7,12,0,0,0,0,0,0,Healthy,None
3695,L13694,L,300.0,311.2,1724,30.3,25,0,0,0,0,0,0,Healthy,None
3696,L13695,L,301.7,313.1,1411,44.1,111,0,0,0,0,0,0,Healthy,None
3697,H13696,H,296.7,306.5,1272,40.3,89,0,0,0,0,0,0,Healthy,None
3698,M13697,M,305.0,315.2,1740,40.5,246,0,0,0,0,0,0,Healthy,None
3699,H13698,H,298.8,309.8,1617,57.2,55,1,0,0,1,0,0,Failure Risk,Power Failure
3700,L13699,L,299.8,308.5,1525,23.4,84,0,0,0,0,0,0,Healthy,None
3701,M13700,M,296.3,306.7,1520,62.9,188,1,0,0,1,0,0,Failure Risk,Power Failure
3702,M13701,M,301.0,310.2,1722,51.7,243,1,0,0,1,1,0,Failure Risk,"Power Failure, Overstrain Failure"
3703,L13702,L,297.8,307.6,1590,36.8,177,0,0,0,0,0,0,Healthy,None
3704,H13703,H,300.2,309.7,1653,43.9,148,0,0,0,0,0,0,Healthy,None
3705,H13704,H,298.9,309.3,1414,33.2,7,0,0,0,0,0,0,Healthy,None
3706,H13705,H,297.8,308.4,1194,43.2,224,0,0,0,0,0,0,Healthy,None
3707,M13706,M,298.4,309.3,1649,61.3,197,1,0,0,1,1,0,Failure Risk,"Power Failure, Overstrain Failure"
3708,L13707,L,300.5,310.8,1735,33.6,191,0,0,0,0,0,0,Healthy,None
3709,L13708,L,297.4,307.6,1497,37.7,177,0,0,0,0,0,0,Healthy,None
3710,H13709,H,298.5,310.4,1696,32.5,129,0,0,0,0,0,0,Healthy,None
3711,L13710,L,301.3,309.8,1477,34.1,71,0,0,0,0,0,0,Healthy,None
3712,M13711,M,305.2,316.9,1521,36.0,69,0,0,0,0,0,0,Healthy,None
3713,M13712,M,301.0,310.7,1851,29.2,5,0,0,0,0,0,0,Healthy,None
3714,M13713,M,298.2,308.8,1485,37.4,21,0,0,0,0,0,0,Healthy,None
3715,H13714,H,299.3,309.0,1475,40.5,216,0,0,0,0,0,0,Healthy,None
3716,L13715,L,300.1,309.4,1203,36.0,173,0,0,0,0,0,0,Healthy,None
3717,L13716,L,299.3,309.8,1661,17.2,94,1,0,0,1,0,0,Failure Risk,Power Failure
3718,L13717,L,301.8,312.8,1410,38.5,188,0,0,0,0,0,0,Healthy,None
3719,L13718,L,300.4,310.9,1564,39.5,162,0,0,0,0,0,0,Healthy,None
3720,L13719,L,301.8,311.3,1481,58.8,241,1,1,0,1,1,0,Failure Risk,"Tool Wear Failure, Power Failure, Overstrain Failure"
3721,L13720,L,299.4,313.0,1458,40.3,61,0,0,0,0,0,0,Healthy,None
3722,H13721,H,302.7,313.9,1516,49.3,68,0,0,0,0,0,0,Healthy,None
3723,H13722,H,299.7,310.6,1530,35.8,85,0,0,0,0,0,0,Healthy,None
3724,L13723,L,298.1,307.7,1748,52.9,56,1,0,0,1,0,0,Failure Risk,Power Failure
3725,L13724,L,304.4,313.8,1810,30.6,111,0,0,0,0,0,0,Healthy,None
3726,H13725,H,296.4,306.1,1654,45.0,152,0,0,0,0,0,0,Healthy,None
3727,L13726,L,298.5,309.6,1765,48.3,209,0,0,0,0,0,0,Healthy,None
3728,L13727,L,298.7,307.7,1690,46.9,72,0,0,0,0,0,0,Healthy,None
3729,L13728,L,305.0,313.9,1626,61.4,152,1,0,0,1,0,0,Failure Risk,Power Failure
3730,M13729,M,303.6,314.1,1798,34.2,92,0,0,0,0,0,0,Healthy,None
3731,L13730,L,303.0,313.3,1303,54.0,117,0,0,0,0,0,0,Healthy,None
3732,H13731,H,299.3,308.5,1415,51.4,160,0,0,0,0,0,0,Healthy,None
3733,L13732,L,304.9,313.8,1391,40.5,106,0,0,0,0,0,0,Healthy,None
3734,M13733,M,300.7,312.1,1484,58.2,7,1,0,0,1,0,0,Failure Risk,Power Failure
3735,L13734,L,302.0,312.4,1660,38.5,103,0,0,0,0,0,0,Healthy,None
3736,L13735,L,300.4,309.0,1338,40.2,119,0,0,0,0,0,0,Healthy,None
3737,M13736,M,299.9,308.6,1628,39.9,140,0,0,0,0,0,0,Healthy,None
3738,M13737,M,299.5,309.1,1432,27.4,60,0,0,0,0,0,0,Healthy,None
3739,M13738,M,299.6,310.3,1475,47.5,135,0,0,0,0,0,0,Healthy,None
3740,M13739,M,301.2,311.8,1573,46.0,239,1,1,0,0,0,0,Failure Risk,Tool Wear Failure
3741,H13740,H,300.7,311.8,1838,39.0,249,0,0,0,0,0,0,Healthy,None
3742,H13741,H,299.9,308.4,1410,57.4,116,0,0,0,0,0,0,Healthy,None
3743,M13742,M,303.0,313.2,1523,35.7,113,0,0,0,0,0,0,Healthy,None
3744,L13743,L,294.1,305.5,1344,22.9,104,1,0,0,1,0,0,Failure Risk,Power Failure
3745,L13744,L,301.0,312.3,1408,58.8,235,1,0,0,0,1,0,Failure Risk,Overstrain Failure
3746,L13745,L,301.4,311.8,1343,50.0,26,0,0,0,0,0,0,Healthy,None
3747,M13746,M,302.3,314.6,1581,46.2,53,0,0,0,0,0,0,Healthy,None
3748,L13747,L,299.9,310.5,1614,36.6,130,0,0,0,0,0,0,Healthy,None
3749,L13748,L,300.4,311.4,1660,43.4,32,0,0,0,0,0,0,Healthy,None
3750,H13749,H,302.0,312.0,1403,27.5,222,0,0,0,0,0,0,Healthy,None
3751,H13750,H,303.0,312.2,1628,37.8,155,0,0,0,0,0,0,Healthy,None
3752,H13751,H,299.4,308.5,1558,31.1,212,0,0,0,0,0,0,Healthy,None
3753,L13752,L,300.5,310.7,1527,42.6,179,0,0,0,0,0,0,Healthy,None
3754,M13753,M,303.4,313.2,1315,49.1,28,0,0,0,0,0,0,Healthy,None
3755,L13754,L,295.8,304.0,1565,29.6,92,0,0,0,0,0,0,Healthy,None
3756,L13755,L,298.6,307.6,1571,47.2,188,0,0,0,0,0,0,Healthy,None
3757,L13756,L,302.9,312.6,1556,42.0,243,1,1,0,0,0,0,Failure Risk,Tool Wear Failure
3758,L13757,L,302.2,312.9,1609,46.8,72,0,0,0,0,0,0,Healthy,None
3759,L13758,L,301.0,311.0,1662,37.6,60,0,0,0,0,0,0,Healthy,None
3760,H13759,H,299.1,309.0,1341,47.0,149,0,0,0,0,0,0,Healthy,None
3761,L13760,L,298.2,307.2,1499,33.1,199,0,0,0,0,0,0,Healthy,None
3762,M13761,M,298.8,308.8,1630,23.3,56,0,0,0,0,0,0,Healthy,None
3763,M13762,M,303.1,314.4,1489,25.6,44,0,0,0,0,0,0,Healthy,None
3764,L13763,L,298.7,308.9,1709,35.0,80,0,0,0,0,0,0,Healthy,None
3765,L13764,L,300.2,308.7,1554,24.0,214,1,1,0,0,0,0,Failure Risk,Tool Wear Failure
3766,L13765,L,298.5,307.2,1188,55.3,230,1,0,0,0,1,0,Failure Risk,Overstrain Failure
3767,M13766,M,301.7,312.3,1688,39.2,29,0,0,0,0,0,0,Healthy,None
3768,L13767,L,298.9,308.7,1517,49.1,206,0,0,0,0,0,0,Healthy,None
3769,L13768,L,299.8,309.7,1221,47.8,141,0,0,0,0,0,0,Healthy,None
3770,L13769,L,296.6,306.0,1492,40.1,216,1,1,0,0,0,0,Failure Risk,Tool Wear Failure
3771,M13770,M,296.8,307.3,1310,75.0,79,1,0,0,1,0,0,Failure Risk,Power Failure
3772,H13771,H,300.0,309.7,1672,69.0,240,1,0,0,1,1,0,Failure Risk,"Power Failure, Overstrain Failure"
3773,L13772,L,297.3,307.1,1531,53.8,175,0,0,0,0,0,0,Healthy,None
3774,M13773,M,304.2,313.3,1372,31.0,145,0,0,0,0,0,0,Healthy,None
3775,M13774,M,295.9,306.8,1683,54.2,159,1,0,0,1,0,0,Failure Risk,Power Failure
3776,H13775,H,298.4,308.2,1620,22.7,109,0,0,0,0,0,0,Healthy,None
3777,H13776,H,300.0,310.6,1495,53.8,165,0,0,0,0,0,0,Healthy,None
3778,M13777,M,299.3,308.1,1315,14.7,115,1,0,0,1,0,0,Failure Risk,Power Failure
3779,M13778,M,297.8,309.5,1387,36.8,52,0,0,0,0,0,0,Healthy,None
3780,H13779,H,298.1,309.4,1384,52.0,142,0,0,0,0,0,0,Healthy,None
3781,L13780,L,298.0,306.1,1671,43.8,164,0,0,0,0,0,0,Healthy,None
3782,L13781,L,299.4,308.6,1237,25.4,121,1,0,0,1,0,0,Failure Risk,Power Failure
3783,L13782,L,303.9,314.4,1529,41.7,48,0,0,0,0,0,0,Healthy,None
3784,H13783,H,300.2,308.9,1493,43.8,32,0,0,0,0,0,0,Healthy,None
3785,H13784,H,302.4,312.3,1723,42.0,12,0,0,0,0,0,0,Healthy,None
3786,L13785,L,301.0,311.4,1579,36.0,198,0,0,0,0,0,0,Healthy,None
3787,M13786,M,302.2,312.0,1633,48.5,191,0,0,0,0,0,0,Healthy,None
3788,L13787,L,294.4,304.9,1443,51.3,146,0,0,0,0,0,0,Healthy,None
3789,L13788,L,299.4,308.7,1317,38.5,84,0,0,0,0,0,0,Healthy,None
3790,H13789,H,302.6,310.4,1479,55.0,55,0,0,0,0,0,0,Healthy,None
3791,L13790,L,298.9,309.9,1677,38.5,36,0,0,0,0,0,0,Healthy,None
3792,L13791,L,303.5,314.5,1676,35.2,57,0,0,0,0,0,0,Healthy,None
3793,M13792,M,303.0,315.5,1460,53.4,8,0,0,0,0,0,0,Healthy,None
3794,M13793,M,299.1,306.9,1383,53.1,131,0,0,0,0,0,0,Healthy,None
3795,L13794,L,299.0,309.8,1348,33.9,222,1,1,0,0,0,0,Failure Risk,Tool Wear Failure
3796,M13795,M,298.0,306.0,1513,32.4,70,0,0,0,0,0,0,Healthy,None
3797,M13796,M,298.7,310.5,1562,57.5,140,1,0,0,1,0,0,Failure Risk,Power Failure
3798,L13797,L,297.5,308.0,1801,39.0,190,0,0,0,0,0,0,Healthy,None
3799,L13798,L,300.9,309.9,1560,40.0,103,0,0,0,0,0,0,Healthy,None
3800,M13799,M,297.1,307.9,1647,37.5,246,1,1,0,0,0,0,Failure Risk,Tool Wear Failure
3801,L13800,L,301.2,310.6,1398,53.1,62,0,0,0,0,0,0,Healthy,None
3802,H13801,H,301.3,311.6,1545,61.2,60,1,0,0,1,0,0,Failure Risk,Power Failure
3803,H13802,H,296.7,306.9,1563,40.7,163,0,0,0,0,0,0,Healthy,None
3804,H13803,H,303.1,314.8,1512,63.9,7,1,0,0,1,0,0,Failure Risk,Power Failure
3805,L13804,L,301.0,312.8,1534,34.5,89,0,0,0,0,0,0,Healthy,None
3806,H13805,H,301.5,310.9,1560,37.2,26,0,0,0,0,0,0,Healthy,None
3807,L13806,L,298.5,309.6,1624,46.7,239,1,0,0,0,1,0,Failure Risk,Overstrain Failure
3808,L13807,L,301.2,311.6,1747,31.9,153,0,0,0,0,0,0,Healthy,None
3809,L13808,L,302.3,310.9,1168,46.5,44,1,0,1,0,0,0,Failure Risk,Heat Dissipation Failure
3810,L13809,L,299.8,309.1,1737,34.9,169,0,0,0,0,0,0,Healthy,None
3811,M13810,M,304.0,316.3,1231,24.7,13,1,0,0,1,0,0,Failure Risk,Power Failure
3812,L13811,L,300.1,310.5,1593,22.7,211,0,0,0,0,0,0,Healthy,None
3813,L13812,L,302.3,313.3,1959,36.8,105,0,0,0,0,0,0,Healthy,None
3814,M13813,M,300.6,310.4,1530,44.1,236,0,0,0,0,0,0,Healthy,None
3815,L13814,L,301.2,310.7,1570,26.5,219,1,1,0,0,0,0,Failure Risk,Tool Wear Failure
3816,M13815,M,296.7,306.7,1482,41.8,71,0,0,0,0,0,0,Healthy,None
3817,L13816,L,300.7,310.4,1657,41.8,119,0,0,0,0,0,0,Healthy,None
3818,H13817,H,298.5,307.0,1602,38.3,51,0,0,0,0,0,0,Healthy,None
3819,H13818,H,298.3,307.3,1416,30.8,196,0,0,0,0,0,0,Healthy,None
3820,L13819,L,303.5,314.2,1517,42.4,180,0,0,0,0,0,0,Healthy,None
3821,L13820,L,299.6,309.2,1337,38.6,244,0,0,0,0,0,0,Healthy,None
3822,L13821,L,298.0,308.0,1516,49.7,50,0,0,0,0,0,0,Healthy,None
3823,H13822,H,299.3,309.5,1462,27.2,204,0,0,0,0,0,0,Healthy,None
3824,L13823,L,297.4,307.7,1562,41.1,129,0,0,0,0,0,0,Healthy,None
3825,L13824,L,302.9,314.0,1410,27.4,47,0,0,0,0,0,0,Healthy,None
3826,L13825,L,298.6,307.5,1499,37.7,205,0,0,0,0,0,0,Healthy,None
3827,L13826,L,301.1,311.7,1539,29.2,176,0,0,0,0,0,0,Healthy,None
3828,L13827,L,302.7,313.5,1552,30.9,186,0,0,0,0,0,0,Healthy,None
3829,H13828,H,299.0,310.0,1587,40.0,66,0,0,0,0,0,0,Healthy,None
3830,L13829,L,301.1,309.7,1506,34.4,79,0,0,0,0,0,0,Healthy,None
3831,L13830,L,297.9,308.2,1397,54.5,136,0,0,0,0,0,0,Healthy,None
3832,H13831,H,304.9,316.6,1552,51.7,102,0,0,0,0,0,0,Healthy,None
3833,H13832,H,301.9,311.8,1505,48.0,1,0,0,0,0,0,0,Healthy,None
3834,L13833,L,299.6,310.1,1721,47.8,74,0,0,0,0,0,0,Healthy,None
3835,L13834,L,298.5,309.3,1743,41.3,215,1,1,0,0,0,0,Failure Risk,Tool Wear Failure
3836,L13835,L,299.8,308.8,1292,52.9,170,0,0,0,0,0,0,Healthy,None
3837,H13836,H,299.3,311.1,1648,37.1,220,0,0,0,0,0,0,Healthy,None
3838,L13837,L,303.9,314.4,1684,61.0,13,1,0,0,1,0,0,Failure Risk,Power Failure
3839,H13838,H,297.5,308.0,1297,30.7,239,1,1,0,0,0,0,Failure Risk,Tool Wear Failure
3840,M13839,M,300.3,308.6,1641,28.8,167,0,0,0,0,0,0,Healthy,None
3841,M13840,M,300.0,310.8,1698,26.2,182,0,0,0,0,0,0,Healthy,None
3842,L13841,L,299.8,310.3,1368,27.9,251,1,1,0,0,0,0,Failure Risk,Tool Wear Failure
3843,L13842,L,299.8,311.4,1495,23.9,58,0,0,0,0,0,0,Healthy,None
3844,L13843,L,299.8,309.5,1571,42.1,213,0,0,0,0,0,0,Healthy,None
3845,L13844,L,301.7,310.7,1640,48.5,46,0,0,0,0,0,0,Healthy,None
3846,M13845,M,301.2,310.5,1361,40.3,111,0,0,0,0,0,0,Healthy,None
3847,H13846,H,300.8,310.3,1745,26.3,161,0,0,0,0,0,0,Healthy,None
3848,M13847,M,293.9,302.8,1174,35.4,126,0,0,0,0,0,0,Healthy,None
3849,M13848,M,300.6,311.9,1774,48.3,127,0,0,0,0,0,0,Healthy,None
3850,L13849,L,296.7,308.0,1636,36.6,163,0,0,0,0,0,0,Healthy,None
3851,L13850,L,301.3,311.1,1426,32.1,32,0,0,0,0,0,0,Healthy,None
3852,L13851,L,302.9,312.5,1692,25.0,102,0,0,0,0,0,0,Healthy,None
3853,M13852,M,298.1,306.3,1350,35.8,190,1,0,1,0,0,0,Failure Risk,Heat Dissipation Failure
3854,H13853,H,299.5,310.2,1558,33.0,234,0,0,0,0,0,0,Healthy,None
3855,M13854,M,298.8,310.5,1580,39.1,17,0,0,0,0,0,0,Healthy,None
3856,L13855,L,302.5,311.9,1580,44.7,149,0,0,0,0,0,0,Healthy,None
3857,L13856,L,300.2,310.1,1387,37.2,216,0,0,0,0,0,0,Healthy,None
3858,M13857,M,303.5,313.9,1449,41.8,100,0,0,0,0,0,0,Healthy,None
3859,L13858,L,300.8,312.5,1560,44.7,4,0,0,0,0,0,0,Healthy,None
3860,H13859,H,300.5,310.7,1407,27.8,31,0,0,0,0,0,0,Healthy,None
3861,H13860,H,300.1,310.3,1586,58.7,115,1,0,0,1,0,0,Failure Risk,Power Failure
3862,M13861,M,301.6,311.8,1428,32.7,176,0,0,0,0,0,0,Healthy,None
3863,L13862,L,296.5,305.1,1717,45.1,163,0,0,0,0,0,0,Healthy,None
3864,L13863,L,300.2,308.8,1817,28.8,72,0,0,0,0,0,0,Healthy,None
3865,L13864,L,299.9,309.1,1484,41.1,13,0,0,0,0,0,0,Healthy,None
3866,L13865,L,301.5,312.5,1702,41.5,63,0,0,0,0,0,0,Healthy,None
3867,L13866,L,299.6,309.3,1499,56.4,31,0,0,0,0,0,0,Healthy,None
3868,M13867,M,297.9,307.4,1370,37.7,136,0,0,0,0,0,0,Healthy,None
3869,M13868,M,300.0,309.5,1461,52.9,214,0,0,0,0,0,0,Healthy,None
3870,L13869,L,297.8,307.7,1553,42.9,108,0,0,0,0,0,0,Healthy,None
3871,L13870,L,296.1,307.8,1218,58.3,47,0,0,0,0,0,0,Healthy,None
3872,L13871,L,301.5,311.3,1649,22.4,51,0,0,0,0,0,0,Healthy,None
3873,L13872,L,301.2,310.4,1553,44.8,108,0,0,0,0,0,0,Healthy,None
3874,H13873,H,300.9,310.9,1717,13.5,136,1,0,0,1,0,0,Failure Risk,Power Failure
3875,L13874,L,302.6,314.4,1646,39.4,212,0,0,0,0,0,0,Healthy,None
3876,L13875,L,298.7,308.2,1559,50.1,107,0,0,0,0,0,0,Healthy,None
3877,L13876,L,297.1,305.9,1474,54.3,31,0,0,0,0,0,0,Healthy,None
3878,H13877,H,299.9,309.4,1810,47.3,107,0,0,0,0,0,0,Healthy,None
3879,M13878,M,299.3,309.4,1926,37.1,137,0,0,0,0,0,0,Healthy,None
3880,L13879,L,298.3,309.0,1477,45.4,92,0,0,0,0,0,0,Healthy,None
3881,M13880,M,299.8,310.8,1724,64.9,225,1,1,0,1,1,0,Failure Risk,"Tool Wear Failure, Power Failure, Overstrain Failure"
3882,M13881,M,298.8,307.8,1411,40.7,248,0,0,0,0,0,0,Healthy,None
3883,H13882,H,296.3,305.3,1432,49.5,213,0,0,0,0,0,0,Healthy,None
3884,L13883,L,299.1,308.8,1468,35.7,68,0,0,0,0,0,0,Healthy,None
3885,H13884,H,297.7,308.4,1660,50.6,10,0,0,0,0,0,0,Healthy,None
3886,H13885,H,300.5,309.2,1345,49.0,185,0,0,0,0,0,0,Healthy,None
3887,H13886,H,298.7,308.1,1815,34.0,27,0,0,0,0,0,0,Healthy,None
3888,M13887,M,302.2,311.6,1705,47.7,87,0,0,0,0,0,0,Healthy,None
3889,M13888,M,303.2,314.1,1656,48.2,161,0,0,0,0,0,0,Healthy,None
3890,L13889,L,301.4,311.9,1485,47.3,180,0,0,0,0,0,0,Healthy,None
3891,M13890,M,296.9,307.8,1686,39.6,105,0,0,0,0,0,0,Healthy,None
3892,M13891,M,303.0,314.3,1168,52.2,39,0,0,0,0,0,0,Healthy,None
3893,M13892,M,303.2,312.9,1616,30.7,191,0,0,0,0,0,0,Healthy,None
3894,L13893,L,300.0,308.8,1566,40.1,115,0,0,0,0,0,0,Healthy,None
3895,M13894,M,302.6,311.4,1200,41.1,137,0,0,0,0,0,0,Healthy,None
3896,H13895,H,298.9,307.1,1610,51.6,25,0,0,0,0,0,0,Healthy,None
3897,L13896,L,296.3,305.8,1643,30.4,42,0,0,0,0,0,0,Healthy,None
3898,H13897,H,298.5,308.1,1206,42.4,232,0,0,0,0,0,0,Healthy,None
3899,M13898,M,303.5,314.3,1325,35.1,198,0,0,0,0,0,0,Healthy,None
3900,H13899,H,297.0,307.0,1907,41.1,171,0,0,0,0,0,0,Healthy,None
3901,L13900,L,300.0,309.5,1504,43.9,70,0,0,0,0,0,0,Healthy,None
3902,L13901,L,300.1,310.0,1712,27.3,111,0,0,0,0,0,0,Healthy,None
3903,H13902,H,299.0,308.0,1739,52.5,184,1,0,0,1,0,0,Failure Risk,Power Failure
3904,L13903,L,299.1,310.1,1608,44.2,114,0,0,0,0,0,0,Healthy,None
3905,H13904,H,300.1,309.3,1720,31.5,175,0,0,0,0,0,0,Healthy,None
3906,L13905,L,298.9,307.8,1168,36.6,78,0,0,0,0,0,0,Healthy,None
3907,M13906,M,297.2,308.0,1496,54.8,61,0,0,0,0,0,0,Healthy,None
3908,L13907,L,300.4,311.0,1168,44.1,109,0,0,0,0,0,0,Healthy,None
3909,M13908,M,302.1,310.4,1225,30.4,236,1,0,1,0,0,0,Failure Risk,Heat Dissipation Failure
3910,L13909,L,301.7,312.6,1440,32.2,188,0,0,0,0,0,0,Healthy,None
3911,L13910,L,298.4,307.7,1418,46.2,194,0,0,0,0,0,0,Healthy,None
3912,L13911,L,297.5,307.1,1545,47.4,44,0,0,0,0,0,0,Healthy,None
3913,L13912,L,299.4,309.6,1534,43.6,188,0,0,0,0,0,0,Healthy,None
3914,H13913,H,303.1,313.7,1561,37.1,217,0,0,0,0,0,0,Healthy,None
3915,H13914,H,301.3,311.7,1569,48.0,198,0,0,0,0,0,0,Healthy,None
3916,L13915,L,301.4,311.4,1597,36.9,129,0,0,0,0,0,0,Healthy,None
3917,M13916,M,301.8,311.4,1366,31.5,201,0,0,0,0,0,0,Healthy,None
3918,L13917,L,300.8,311.2,1408,55.7,93,0,0,0,0,0,0,Healthy,None
3919,M13918,M,300.2,310.1,1531,44.8,46,0,0,0,0,0,0,Healthy,None
3920,H13919,H,301.3,313.1,1534,32.2,66,0,0,0,0,0,0,Healthy,None
3921,H13920,H,298.9,309.5,1344,41.3,229,0,0,0,0,0,0,Healthy,None
3922,L13921,L,297.2,306.3,1731,40.3,28,0,0,0,0,0,0,Healthy,None
3923,M13922,M,301.4,310.9,1667,36.5,190,0,0,0,0,0,0,Healthy,None
3924,L13923,L,302.5,312.5,1384,42.3,24,0,0,0,0,0,0,Healthy,None
3925,H13924,H,297.8,309.1,1500,30.8,109,0,0,0,0,0,0,Healthy,None
3926,L13925,L,301.6,313.0,1897,48.6,3,1,0,0,1,0,0,Failure Risk,Power Failure
3927,M13926,M,303.4,313.0,1566,39.9,174,1,0,0,0,0,1,Failure Risk,Random Failure
3928,M13927,M,300.0,309.1,1608,24.1,68,0,0,0,0,0,0,Healthy,None
3929,M13928,M,298.4,307.3,1429,37.7,62,0,0,0,0,0,0,Healthy,None
3930,L13929,L,300.2,310.5,1481,33.9,5,0,0,0,0,0,0,Healthy,None
3931,H13930,H,298.9,311.2,1808,10.4,82,1,0,0,1,0,0,Failure Risk,Power Failure
3932,L13931,L,298.8,309.3,1558,38.5,17,0,0,0,0,0,0,Healthy,None
3933,M13932,M,300.9,309.3,1525,50.3,115,0,0,0,0,0,0,Healthy,None
3934,L13933,L,296.8,306.1,1539,38.9,101,0,0,0,0,0,0,Healthy,None
3935,L13934,L,297.1,306.5,1993,47.0,35,1,0,0,1,0,0,Failure Risk,Power Failure
3936,M13935,M,300.0,309.2,1545,40.1,75,0,0,0,0,0,0,Healthy,None
3937,L13936,L,300.0,309.6,1389,35.5,87,0,0,0,0,0,0,Healthy,None
3938,L13937,L,300.7,311.1,1420,32.8,184,0,0,0,0,0,0,Healthy,None
3939,L13938,L,303.8,314.5,1677,27.3,157,0,0,0,0,0,0,Healthy,None
3940,L13939,L,300.2,311.3,1282,49.2,247,1,0,0,0,1,0,Failure Risk,Overstrain Failure
3941,M13940,M,301.2,311.7,1618,47.2,141,0,0,0,0,0,0,Healthy,None
3942,H13941,H,298.0,306.0,1408,37.2,38,0,0,0,0,0,0,Healthy,None
3943,L13942,L,301.5,310.4,1205,20.0,129,1,0,0,1,0,0,Failure Risk,Power Failure
3944,L13943,L,298.9,308.7,1362,44.7,121,0,0,0,0,0,0,Healthy,None
3945,L13944,L,300.1,310.2,1542,31.0,33,0,0,0,0,0,0,Healthy,None
3946,L13945,L,299.8,310.7,1787,41.4,57,0,0,0,0,0,0,Healthy,None
3947,M13946,M,302.1,312.1,1701,24.7,116,0,0,0,0,0,0,Healthy,None
3948,M13947,M,297.4,307.5,1485,40.9,211,0,0,0,0,0,0,Healthy,None
3949,L13948,L,295.4,305.6,1712,38.7,99,0,0,0,0,0,0,Healthy,None
3950,L13949,L,299.6,309.3,1474,16.1,115,1,0,0,1,0,0,Failure Risk,Power Failure
3951,L13950,L,300.9,311.0,1275,56.0,214,1,0,0,0,1,0,Failure Risk,Overstrain Failure
3952,H13951,H,300.3,311.4,1541,36.8,162,0,0,0,0,0,0,Healthy,None
3953,H13952,H,302.5,312.4,1268,37.4,33,0,0,0,0,0,0,Healthy,None
3954,L13953,L,300.9,310.9,1679,45.3,212,0,0,0,0,0,0,Healthy,None
3955,L13954,L,298.9,308.9,1682,39.5,124,0,0,0,0,0,0,Healthy,None
3956,H13955,H,295.3,306.6,1380,43.6,101,0,0,0,0,0,0,Healthy,None
3957,H13956,H,299.5,308.4,1564,28.7,237,1,1,0,0,0,0,Failure Risk,Tool Wear Failure
3958,L13957,L,302.1,313.9,1562,38.6,135,0,0,0,0,0,0,Healthy,None
3959,L13958,L,299.2,308.0,1694,21.1,42,0,0,0,0,0,0,Healthy,None
3960,L13959,L,300.1,309.4,1315,37.6,62,0,0,0,0,0,0,Healthy,None
3961,M13960,M,300.8,311.5,1645,54.3,114,1,0,0,1,0,0,Failure Risk,Power Failure
3962,L13961,L,298.0,309.0,1302,25.1,189,1,0,0,1,0,0,Failure Risk,Power Failure
3963,L13962,L,301.2,309.8,1677,36.5,93,0,0,0,0,0,0,Healthy,None
3964,M13963,M,303.3,312.2,1728,19.0,110,1,0,0,1,0,0,Failure Risk,Power Failure
3965,L13964,L,299.7,310.0,1418,40.1,19,0,0,0,0,0,0,Healthy,None
3966,M13965,M,297.7,310.0,1756,44.6,179,0,0,0,0,0,0,Healthy,None
3967,L13966,L,299.9,311.1,1256,43.8,83,0,0,0,0,0,0,Healthy,None
3968,L13967,L,295.6,305.4,1734,34.0,214,1,1,0,0,0,0,Failure Risk,Tool Wear Failure
3969,M13968,M,300.7,308.3,1795,18.8,83,0,0,0,0,0,0,Healthy,None
3970,L13969,L,300.9,311.0,1599,27.7,45,0,0,0,0,0,0,Healthy,None
3971,H13970,H,303.4,313.8,1503,52.4,86,0,0,0,0,0,0,Healthy,None
3972,M13971,M,299.6,309.2,1593,48.7,131,0,0,0,0,0,0,Healthy,None
3973,L13972,L,300.8,309.9,1429,39.1,61,0,0,0,0,0,0,Healthy,None
3974,M13973,M,298.3,308.5,2007,41.6,126,0,0,0,0,0,0,Healthy,None
3975,L13974,L,299.3,308.4,1433,29.8,137,0,0,0,0,0,0,Healthy,None
3976,H13975,H,296.9,308.8,1773,52.8,167,1,0,0,1,0,0,Failure Risk,Power Failure
3977,L13976,L,299.6,311.1,1405,32.9,132,0,0,0,0,0,0,Healthy,None
3978,M13977,M,299.4,310.1,1823,44.3,95,0,0,0,0,0,0,Healthy,None
3979,L13978,L,300.6,310.7,1898,26.9,145,0,0,0,0,0,0,Healthy,None
3980,L13979,L,298.8,308.1,1607,38.2,60,0,0,0,0,0,0,Healthy,None
3981,H13980,H,300.2,310.2,1589,52.4,184,0,0,0,0,0,0,Healthy,None
3982,H13981,H,299.3,310.9,1366,30.6,62,0,0,0,0,0,0,Healthy,None
3983,L13982,L,299.3,310.2,1345,47.4,88,0,0,0,0,0,0,Healthy,None
3984,L13983,L,300.2,310.4,1591,29.3,208,1,1,0,0,0,0,Failure Risk,Tool Wear Failure
3985,H13984,H,300.1,311.0,1799,31.1,4,0,0,0,0,0,0,Healthy,None
3986,H13985,H,301.5,312.0,1439,39.9,98,0,0,0,0,0,0,Healthy,None
3987,L13986,L,299.8,310.2,1933,49.6,233,1,0,0,1,1,0,Failure Risk,"Power Failure, Overstrain Failure"
3988,L13987,L,299.3,310.3,1428,37.0,250,0,0,0,0,0,0,Healthy,None
3989,L13988,L,299.6,310.1,1579,46.1,20,0,0,0,0,0,0,Healthy,None
3990,H13989,H,298.6,309.5,1579,51.3,99,0,0,0,0,0,0,Healthy,None
3991,L13990,L,299.3,309.5,1519,32.4,18,0,0,0,0,0,0,Healthy,None
3992,L13991,L,304.1,313.8,1172,24.9,150,1,0,0,1,0,0,Failure Risk,Power Failure
3993,M13992,M,298.2,307.7,1427,36.5,68,0,0,0,0,0,0,Healthy,None
3994,L13993,L,299.4,308.7,1573,52.6,160,0,0,0,0,0,0,Healthy,None
3995,L13994,L,299.2,307.6,1520,32.0,131,0,0,0,0,0,0,Healthy,None
3996,L13995,L,299.5,308.6,1651,50.0,224,1,0,0,0,1,0,Failure Risk,Overstrain Failure
3997,L13996,L,299.3,308.4,1673,37.4,238,0,0,0,0,0,0,Healthy,None
3998,L13997,L,300.6,310.1,1495,57.4,34,0,0,0,0,0,0,Healthy,None
3999,M13998,M,296.6,308.2,1365,62.2,58,0,0,0,0,0,0,Healthy,None
4000,L13999,L,302.1,311.9,1815,50.2,41,1,0,0,1,0,0,Failure Risk,Power Failure
4001,M14000,M,301.3,311.5,1295,23.7,126,1,0,0,1,0,0,Failure Risk,Power Failure
4002,H14001,H,297.5,307.8,1431,16.2,217,1,0,0,1,0,0,Failure Risk,Power Failure
4003,M14002,M,295.5,307.1,1385,40.6,100,0,0,0,0,0,0,Healthy,None
4004,L14003,L,298.0,307.4,1671,49.0,85,0,0,0,0,0,0,Healthy,None
4005,L14004,L,299.5,309.3,1773,45.0,202,0,0,0,0,0,0,Healthy,None
4006,L14005,L,305.2,315.1,1506,32.8,48,0,0,0,0,0,0,Healthy,None
4007,L14006,L,301.1,312.2,1579,25.3,217,0,0,0,0,0,0,Healthy,None
4008,L14007,L,296.4,307.7,1614,49.2,40,0,0,0,0,0,0,Healthy,None
4009,M14008,M,298.6,309.1,1860,58.4,76,1,0,0,1,0,0,Failure Risk,Power Failure
4010,L14009,L,299.9,311.1,1220,33.4,205,0,0,0,0,0,0,Healthy,None
4011,L14010,L,300.5,310.7,1671,48.2,104,0,0,0,0,0,0,Healthy,None
4012,L14011,L,297.4,307.2,1605,65.8,48,1,0,0,1,0,0,Failure Risk,Power Failure
4013,M14012,M,299.7,310.9,1471,38.1,70,0,0,0,0,0,0,Healthy,None
4014,L14013,L,298.6,309.1,1596,38.3,207,1,1,0,0,0,0,Failure Risk,Tool Wear Failure
4015,M14014,M,297.8,307.1,1670,45.5,83,0,0,0,0,0,0,Healthy,None
4016,L14015,L,300.5,311.5,1642,37.2,236,0,0,0,0,0,0,Healthy,None
4017,H14016,H,301.5,311.3,1924,53.3,173,1,0,0,1,0,0,Failure Risk,Power Failure
4018,H14017,H,301.7,311.4,1560,36.0,63,0,0,0,0,0,0,Healthy,None
4019,L14018,L,301.1,312.0,1542,39.7,177,0,0,0,0,0,0,Healthy,None
4020,L14019,L,299.0,308.9,1505,25.7,251,0,0,0,0,0,0,Healthy,None
4021,L14020,L,301.4,311.8,1636,37.7,170,0,0,0,0,0,0,Healthy,None
4022,L14021,L,300.6,311.3,1532,30.0,154,0,0,0,0,0,0,Healthy,None
4023,M14022,M,300.3,309.5,1540,43.4,33,0,0,0,0,0,0,Healthy,None
4024,H14023,H,298.8,309.2,1541,23.5,213,0,0,0,0,0,0,Healthy,None
4025,M14024,M,299.0,310.3,1513,49.7,190,0,0,0,0,0,0,Healthy,None
4026,H14025,H,300.1,309.1,1429,31.4,101,0,0,0,0,0,0,Healthy,None
4027,L14026,L,304.9,315.3,1612,57.7,100,1,0,0,1,0,0,Failure Risk,Power Failure
4028,L14027,L,300.6,309.8,1486,53.6,194,0,0,0,0,0,0,Healthy,None
4029,M14028,M,298.8,309.8,1647,45.3,154,0,0,0,0,0,0,Healthy,None
4030,L14029,L,298.3,309.3,1557,24.8,6,0,0,0,0,0,0,Healthy,None
4031,M14030,M,299.0,308.6,1468,33.8,226,0,0,0,0,0,0,Healthy,None
4032,L14031,L,304.4,316.6,1818,31.1,236,0,0,0,0,0,0,Healthy,None
4033,L14032,L,299.2,310.3,1519,32.4,122,0,0,0,0,0,0,Healthy,None
4034,H14033,H,301.8,312.5,1649,55.6,22,1,0,0,1,0,0,Failure Risk,Power Failure
4035,L14034,L,299.2,309.9,1412,38.5,193,0,0,0,0,0,0,Healthy,None
4036,H14035,H,300.5,311.5,1175,33.5,126,0,0,0,0,0,0,Healthy,None
4037,H14036,H,301.6,310.6,1436,32.6,215,0,0,0,0,0,0,Healthy,None
4038,M14037,M,298.9,309.1,1168,34.7,129,0,0,0,0,0,0,Healthy,None
4039,M14038,M,298.7,309.1,1495,45.3,241,1,1,0,0,0,0,Failure Risk,Tool Wear Failure
4040,M14039,M,303.3,312.9,1800,23.9,163,0,0,0,0,0,0,Healthy,None
4041,H14040,H,302.0,312.5,1375,41.0,57,0,0,0,0,0,0,Healthy,None
4042,L14041,L,301.6,312.8,1168,44.2,208,1,1,0,0,0,0,Failure Risk,Tool Wear Failure
4043,L14042,L,301.6,311.2,1806,22.8,10,0,0,0,0,0,0,Healthy,None
4044,M14043,M,300.9,310.8,1452,26.0,6,0,0,0,0,0,0,Healthy,None
4045,L14044,L,304.0,313.2,1535,39.5,65,0,0,0,0,0,0,Healthy,None
4046,L14045,L,300.1,308.3,1679,54.3,206,1,0,0,1,1,0,Failure Risk,"Power Failure, Overstrain Failure"
4047,L14046,L,301.2,312.0,1631,51.9,109,0,0,0,0,0,0,Healthy,None
4048,M14047,M,297.1,307.1,1672,34.0,30,0,0,0,0,0,0,Healthy,None
4049,H14048,H,298.4,308.4,1699,54.0,45,1,0,0,1,0,0,Failure Risk,Power Failure
4050,L14049,L,297.6,306.6,1225,36.8,69,0,0,0,0,0,0,Healthy,None
4051,H14050,H,302.5,312.3,1284,36.8,228,0,0,0,0,0,0,Healthy,None
4052,M14051,M,294.9,306.0,1747,40.9,237,0,0,0,0,0,0,Healthy,None
4053,H14052,H,299.2,309.2,1398,48.3,52,0,0,0,0,0,0,Healthy,None
4054,M14053,M,294.0,304.0,1417,34.0,92,0,0,0,0,0,0,Healthy,None
4055,M14054,M,298.3,308.5,1311,36.1,67,0,0,0,0,0,0,Healthy,None
4056,L14055,L,299.0,307.8,1465,27.6,45,0,0,0,0,0,0,Healthy,None
4057,H14056,H,302.8,313.4,1475,43.5,36,0,0,0,0,0,0,Healthy,None
4058,L14057,L,300.8,309.5,1370,49.2,75,0,0,0,0,0,0,Healthy,None
4059,H14058,H,298.3,307.4,1349,49.8,154,0,0,0,0,0,0,Healthy,None
4060,H14059,H,302.1,311.1,1595,26.5,24,0,0,0,0,0,0,Healthy,None
4061,L14060,L,300.0,309.8,1393,36.2,236,1,1,0,0,0,0,Failure Risk,Tool Wear Failure
4062,L14061,L,300.1,309.7,1429,52.3,252,1,1,0,0,1,0,Failure Risk,"Tool Wear Failure, Overstrain Failure"
4063,M14062,M,297.6,307.6,1168,42.3,11,0,0,0,0,0,0,Healthy,None
4064,L14063,L,298.0,307.1,1884,40.3,187,0,0,0,0,0,0,Healthy,None
4065,H14064,H,298.3,309.3,1706,40.1,16,0,0,0,0,0,0,Healthy,None
4066,L14065,L,300.1,310.9,1449,45.4,177,0,0,0,0,0,0,Healthy,None
4067,L14066,L,300.2,310.0,1377,42.8,203,0,0,0,0,0,0,Healthy,None
4068,H14067,H,303.1,312.6,1539,34.3,127,0,0,0,0,0,0,Healthy,None
4069,M14068,M,300.8,310.2,1535,48.7,94,0,0,0,0,0,0,Healthy,None
4070,H14069,H,294.6,304.3,1309,28.1,118,0,0,0,0,0,0,Healthy,None
4071,L14070,L,300.5,309.1,1168,53.1,8,0,0,0,0,0,0,Healthy,None
4072,M14071,M,297.1,306.1,1443,31.1,210,0,0,0,0,0,0,Healthy,None
4073,M14072,M,298.1,309.0,1258,45.4,117,0,0,0,0,0,0,Healthy,None
4074,M14073,M,298.4,308.7,1568,38.4,28,0,0,0,0,0,0,Healthy,None
4075,M14074,M,298.7,310.3,1569,35.3,116,0,0,0,0,0,0,Healthy,None
4076,M14075,M,297.2,306.9,1363,53.4,127,0,0,0,0,0,0,Healthy,None
4077,L14076,L,300.4,310.0,1442,47.4,152,0,0,0,0,0,0,Healthy,None
4078,L14077,L,297.2,306.8,1853,39.4,142,0,0,0,0,0,0,Healthy,None
4079,M14078,M,300.7,310.4,1676,57.3,136,1,0,0,1,0,0,Failure Risk,Power Failure
4080,L14079,L,304.5,313.8,1457,49.7,140,0,0,0,0,0,0,Healthy,None
4081,M14080,M,297.3,307.6,1948,32.0,46,0,0,0,0,0,0,Healthy,None
4082,L14081,L,299.4,309.4,1323,17.6,171,1,0,0,1,0,0,Failure Risk,Power Failure
4083,M14082,M,295.0,304.5,1392,41.1,233,0,0,0,0,0,0,Healthy,None
4084,M14083,M,299.4,310.7,1518,53.7,130,0,0,0,0,0,0,Healthy,None
4085,L14084,L,301.3,313.2,1263,46.0,121,0,0,0,0,0,0,Healthy,None
4086,L14085,L,301.4,312.6,1858,55.6,201,1,0,0,1,1,0,Failure Risk,"Power Failure, Overstrain Failure"
4087,L14086,L,300.2,310.8,1570,34.1,145,0,0,0,0,0,0,Healthy,None
4088,M14087,M,301.8,312.6,1396,38.8,252,0,0,0,0,0,0,Healthy,None
4089,H14088,H,305.1,317.0,1618,39.1,137,0,0,0,0,0,0,Healthy,None
4090,L14089,L,303.4,314.2,1564,42.4,163,0,0,0,0,0,0,Healthy,None
4091,M14090,M,299.0,308.4,1483,47.6,123,0,0,0,0,0,0,Healthy,None
4092,L14091,L,297.1,307.5,1321,56.2,219,1,0,0,0,1,0,Failure Risk,Overstrain Failure
4093,L14092,L,299.2,309.8,1280,58.2,184,0,0,0,0,0,0,Healthy,None
4094,H14093,H,298.1,307.1,1929,56.5,2,1,0,0,1,0,0,Failure Risk,Power Failure
4095,L14094,L,300.9,310.6,1295,46.6,147,0,0,0,0,0,0,Healthy,None
4096,L14095,L,297.6,308.7,1841,36.6,145,0,0,0,0,0,0,Healthy,None
4097,L14096,L,299.9,308.1,1386,42.2,176,0,0,0,0,0,0,Healthy,None
4098,L14097,L,301.7,310.4,1679,46.5,164,0,0,0,0,0,0,Healthy,None
4099,L14098,L,299.8,309.6,1621,41.3,19,0,0,0,0,0,0,Healthy,None
4100,L14099,L,298.1,308.5,1657,31.0,73,0,0,0,0,0,0,Healthy,None
4101,M14100,M,302.3,310.9,1669,35.4,225,1,1,0,0,0,0,Failure Risk,Tool Wear Failure
4102,L14101,L,296.2,306.1,1249,48.6,191,0,0,0,0,0,0,Healthy,None
4103,M14102,M,299.3,310.5,1416,37.6,21,0,0,0,0,0,0,Healthy,None
4104,L14103,L,299.9,310.0,1293,40.2,148,0,0,0,0,0,0,Healthy,None
4105,L14104,L,300.0,310.9,1571,39.2,224,1,1,0,0,0,0,Failure Risk,Tool Wear Failure
4106,M14105,M,300.4,309.8,1301,31.2,79,0,0,0,0,0,0,Healthy,None
4107,H14106,H,301.2,310.4,1183,38.3,233,0,0,0,0,0,0,Healthy,None
4108,L14107,L,299.9,310.7,1495,35.5,162,0,0,0,0,0,0,Healthy,None
4109,H14108,H,299.3,309.7,1168,33.2,99,0,0,0,0,0,0,Healthy,None
4110,M14109,M,299.2,308.0,1584,29.5,128,0,0,0,0,0,0,Healthy,None
4111,M14110,M,298.8,308.0,1312,39.0,123,0,0,0,0,0,0,Healthy,None
4112,M14111,M,301.6,313.2,1387,46.1,139,0,0,0,0,0,0,Healthy,None
4113,L14112,L,298.7,307.8,1168,51.1,12,0,0,0,0,0,0,Healthy,None
4114,L14113,L,301.7,312.6,1833,26.2,250,1,1,0,0,0,0,Failure Risk,Tool Wear Failure
4115,M14114,M,300.0,309.5,1276,55.9,7,0,0,0,0,0,0,Healthy,None
4116,L14115,L,299.0,309.0,1472,42.9,114,0,0,0,0,0,0,Healthy,None
4117,H14116,H,301.2,311.5,1217,28.8,158,0,0,0,0,0,0,Healthy,None
4118,L14117,L,298.5,306.4,1388,36.0,4,0,0,0,0,0,0,Healthy,None
4119,L14118,L,301.3,309.8,1851,21.4,127,0,0,0,0,0,0,Healthy,None
4120,M14119,M,300.4,310.5,1591,23.9,171,0,0,0,0,0,0,Healthy,None
4121,L14120,L,298.8,308.1,1408,57.0,50,0,0,0,0,0,0,Healthy,None
4122,M14121,M,301.1,312.1,1531,33.1,99,0,0,0,0,0,0,Healthy,None
4123,M14122,M,301.1,309.5,1437,45.3,238,1,1,0,0,0,0,Failure Risk,Tool Wear Failure
4124,H14123,H,302.3,312.9,1521,38.9,152,0,0,0,0,0,0,Healthy,None
4125,M14124,M,301.9,310.5,1671,40.2,172,0,0,0,0,0,0,Healthy,None
4126,M14125,M,301.0,310.6,1478,43.6,12,0,0,0,0,0,0,Healthy,None
4127,M14126,M,297.7,306.6,1577,19.4,162,1,0,0,1,0,0,Failure Risk,Power Failure
4128,H14127,H,304.9,316.8,1580,53.1,31,0,0,0,0,0,0,Healthy,None
4129,L14128,L,297.2,305.9,1479,39.0,199,0,0,0,0,0,0,Healthy,None
4130,L14129,L,301.9,311.8,1406,35.0,149,0,0,0,0,0,0,Healthy,None
4131,L14130,L,300.9,309.2,1443,44.6,133,0,0,0,0,0,0,Healthy,None
4132,L14131,L,297.7,309.3,1663,32.9,48,0,0,0,0,0,0,Healthy,None
4133,M14132,M,299.8,310.2,1678,42.1,251,0,0,0,0,0,0,Healthy,None
4134,M14133,M,299.8,309.9,1334,38.4,10,0,0,0,0,0,0,Healthy,None
4135,M14134,M,302.6,314.1,1491,47.0,70,0,0,0,0,0,0,Healthy,None
4136,L14135,L,298.6,308.7,1403,37.9,142,0,0,0,0,0,0,Healthy,None
4137,M14136,M,299.5,309.7,1681,29.8,67,0,0,0,0,0,0,Healthy,None
4138,L14137,L,295.3,305.4,1453,43.6,167,0,0,0,0,0,0,Healthy,None
4139,M14138,M,303.5,314.1,1931,37.3,248,0,0,0,0,0,0,Healthy,None
4140,M14139,M,297.9,307.4,1577,22.0,161,0,0,0,0,0,0,Healthy,None
4141,L14140,L,300.7,310.5,1749,42.0,247,0,0,0,0,0,0,Healthy,None
4142,L14141,L,299.8,310.6,1356,34.7,106,0,0,0,0,0,0,Healthy,None
4143,L14142,L,299.8,310.1,1540,43.4,103,0,0,0,0,0,0,Healthy,None
4144,H14143,H,301.6,311.5,1648,31.5,213,0,0,0,0,0,0,Healthy,None
4145,H14144,H,303.3,311.9,1353,28.1,157,1,0,1,0,0,0,Failure Risk,Heat Dissipation Failure
4146,M14145,M,300.5,312.0,1541,51.7,18,0,0,0,0,0,0,Healthy,None
4147,L14146,L,301.3,310.6,1726,48.3,100,0,0,0,0,0,0,Healthy,None
4148,L14147,L,300.7,311.7,1479,39.9,113,0,0,0,0,0,0,Healthy,None
4149,M14148,M,302.0,312.2,1385,44.3,189,0,0,0,0,0,0,Healthy,None
4150,M14149,M,299.1,307.8,1860,48.0,61,1,0,0,1,0,0,Failure Risk,Power Failure
4151,L14150,L,302.2,313.5,1328,39.9,165,0,0,0,0,0,0,Healthy,None
4152,L14151,L,302.2,312.5,1565,28.0,29,0,0,0,0,0,0,Healthy,None
4153,M14152,M,302.2,313.5,1411,43.0,31,0,0,0,0,0,0,Healthy,None
4154,L14153,L,298.7,308.5,1370,49.9,82,0,0,0,0,0,0,Healthy,None
4155,L14154,L,299.7,310.4,1670,45.9,115,0,0,0,0,0,0,Healthy,None
4156,L14155,L,300.5,308.7,1501,40.6,152,0,0,0,0,0,0,Healthy,None
4157,M14156,M,297.3,306.8,1610,45.6,249,0,0,0,0,0,0,Healthy,None
4158,H14157,H,303.2,311.9,1168,37.8,100,0,0,0,0,0,0,Healthy,None
4159,H14158,H,300.0,309.6,1628,50.3,108,0,0,0,0,0,0,Healthy,None
4160,M14159,M,300.6,311.1,1409,53.3,86,0,0,0,0,0,0,Healthy,None
4161,M14160,M,298.8,308.2,1201,27.2,11,1,0,0,1,0,0,Failure Risk,Power Failure
4162,L14161,L,297.3,308.2,1875,51.0,8,1,0,0,1,0,0,Failure Risk,Power Failure
4163,M14162,M,298.8,307.9,1645,62.1,124,1,0,0,1,0,0,Failure Risk,Power Failure
4164,L14163,L,300.4,311.3,1578,45.2,164,0,0,0,0,0,0,Healthy,None
4165,M14164,M,301.3,312.6,1761,49.7,16,1,0,0,1,0,0,Failure Risk,Power Failure
4166,L14165,L,300.3,311.3,1582,33.6,241,0,0,0,0,0,0,Healthy,None
4167,L14166,L,300.7,310.4,1395,35.0,162,0,0,0,0,0,0,Healthy,None
4168,L14167,L,299.3,307.2,1506,37.9,242,0,0,0,0,0,0,Healthy,None
4169,L14168,L,301.0,311.6,1416,36.0,238,1,1,0,0,0,0,Failure Risk,Tool Wear Failure
4170,L14169,L,303.0,312.9,1448,27.0,112,0,0,0,0,0,0,Healthy,None
4171,L14170,L,301.4,310.4,1312,38.3,104,0,0,0,0,0,0,Healthy,None
4172,H14171,H,301.6,311.0,1364,48.3,221,0,0,0,0,0,0,Healthy,None
4173,L14172,L,300.6,312.0,1698,27.1,120,0,0,0,0,0,0,Healthy,None
4174,M14173,M,297.0,305.9,1597,41.8,59,0,0,0,0,0,0,Healthy,None
4175,H14174,H,297.9,308.4,1447,41.5,3,0,0,0,0,0,0,Healthy,None
4176,H14175,H,300.9,311.1,1353,37.0,168,0,0,0,0,0,0,Healthy,None
4177,M14176,M,300.0,309.6,1465,44.9,195,0,0,0,0,0,0,Healthy,None
4178,H14177,H,300.9,311.5,1236,44.0,215,0,0,0,0,0,0,Healthy,None
4179,L14178,L,303.4,315.0,1560,36.3,130,0,0,0,0,0,0,Healthy,None
4180,L14179,L,301.5,311.2,1707,50.5,136,1,0,0,1,0,0,Failure Risk,Power Failure
4181,L14180,L,302.5,312.3,1961,45.6,10,1,0,0,1,0,0,Failure Risk,Power Failure
4182,M14181,M,300.2,310.8,1340,55.6,223,1,0,0,0,1,0,Failure Risk,Overstrain Failure
4183,M14182,M,298.4,309.3,1699,39.3,234,0,0,0,0,0,0,Healthy,None
4184,L14183,L,299.9,309.8,1411,36.8,243,1,1,0,0,0,0,Failure Risk,Tool Wear Failure
4185,L14184,L,298.4,308.1,1336,37.9,60,0,0,0,0,0,0,Healthy,None
4186,M14185,M,303.1,310.9,1335,51.7,231,1,0,1,0,0,0,Failure Risk,Heat Dissipation Failure
4187,L14186,L,301.6,310.8,1563,38.5,92,0,0,0,0,0,0,Healthy,None
4188,M14187,M,301.0,309.9,1371,39.1,225,0,0,0,0,0,0,Healthy,None
4189,M14188,M,302.5,313.2,1429,59.4,111,0,0,0,0,0,0,Healthy,None
4190,M14189,M,296.0,305.8,1459,26.7,246,1,1,0,0,0,0,Failure Risk,Tool Wear Failure
4191,M14190,M,301.2,310.9,1405,43.5,97,0,0,0,0,0,0,Healthy,None
4192,H14191,H,297.4,307.4,1392,39.4,20,0,0,0,0,0,0,Healthy,None
4193,L14192,L,300.0,309.1,1168,37.5,24,0,0,0,0,0,0,Healthy,None
4194,M14193,M,299.4,311.0,1553,30.6,212,0,0,0,0,0,0,Healthy,None
4195,M14194,M,301.3,312.6,1550,33.4,61,0,0,0,0,0,0,Healthy,None
4196,L14195,L,300.5,312.1,1395,36.0,83,0,0,0,0,0,0,Healthy,None
4197,L14196,L,302.7,313.4,1602,44.9,23,0,0,0,0,0,0,Healthy,None
4198,L14197,L,298.8,308.8,1788,48.4,196,1,0,0,1,0,0,Failure Risk,Power Failure
4199,L14198,L,301.4,313.0,1542,22.4,168,0,0,0,0,0,0,Healthy,None
4200,M14199,M,300.3,309.6,1776,28.1,184,0,0,0,0,0,0,Healthy,None
4201,H14200,H,296.7,305.8,1938,45.4,65,1,0,0,1,0,0,Failure Risk,Power Failure
4202,L14201,L,298.2,307.6,1990,46.3,249,1,0,0,1,1,0,Failure Risk,"Power Failure, Overstrain Failure"
4203,L14202,L,299.7,310.2,1325,25.5,8,0,0,0,0,0,0,Healthy,None
4204,H14203,H,302.2,311.4,1326,48.7,234,0,0,0,0,0,0,Healthy,None
4205,L14204,L,300.9,310.7,1458,39.9,135,0,0,0,0,0,0,Healthy,None
4206,L14205,L,297.7,306.1,1561,47.4,125,0,0,0,0,0,0,Healthy,None
4207,M14206,M,299.7,310.2,1822,31.6,95,0,0,0,0,0,0,Healthy,None
4208,M14207,M,304.0,312.5,1650,26.2,57,0,0,0,0,0,0,Healthy,None
4209,L14208,L,300.2,309.3,1322,36.9,70,0,0,0,0,0,0,Healthy,None
4210,L14209,L,299.3,310.5,1428,37.4,37,0,0,0,0,0,0,Healthy,None
4211,L14210,L,301.0,312.2,1530,36.8,147,0,0,0,0,0,0,Healthy,None
4212,M14211,M,301.5,311.9,1271,36.1,250,1,1,0,0,0,0,Failure Risk,Tool Wear Failure
4213,M14212,M,299.1,309.4,1540,56.8,46,1,0,0,1,0,0,Failure Risk,Power Failure
4214,L14213,L,301.0,310.5,1325,23.2,78,1,0,0,1,0,0,Failure Risk,Power Failure
4215,M14214,M,299.3,308.5,1242,31.6,230,0,0,0,0,0,0,Healthy,None
4216,H14215,H,301.4,311.0,1368,35.9,27,0,0,0,0,0,0,Healthy,None
4217,L14216,L,300.3,308.8,1611,40.2,222,1,1,0,0,0,0,Failure Risk,Tool Wear Failure
4218,L14217,L,301.0,311.3,1610,47.0,187,0,0,0,0,0,0,Healthy,None
4219,M14218,M,298.5,308.5,1555,48.6,21,0,0,0,0,0,0,Healthy,None
4220,L14219,L,298.4,307.5,1715,50.7,231,1,0,0,1,1,0,Failure Risk,"Power Failure, Overstrain Failure"
4221,L14220,L,301.9,313.5,1696,44.8,112,0,0,0,0,0,0,Healthy,None
4222,M14221,M,299.8,310.4,1574,22.9,178,0,0,0,0,0,0,Healthy,None
4223,H14222,H,300.6,311.3,1549,23.5,23,0,0,0,0,0,0,Healthy,None
4224,H14223,H,299.4,308.9,1561,51.4,225,1,1,0,0,0,0,Failure Risk,Tool Wear Failure
4225,M14224,M,301.8,311.8,1511,50.7,72,0,0,0,0,0,0,Healthy,None
4226,M14225,M,298.8,309.4,1168,46.3,60,0,0,0,0,0,0,Healthy,None
4227,L14226,L,299.7,309.9,1741,31.9,1,0,0,0,0,0,0,Healthy,None
4228,M14227,M,301.6,313.2,1609,36.8,108,0,0,0,0,0,0,Healthy,None
4229,L14228,L,302.3,312.1,1320,36.1,88,0,0,0,0,0,0,Healthy,None
4230,L14229,L,299.0,308.5,1793,29.9,203,1,1,0,0,0,0,Failure Risk,Tool Wear Failure
4231,M14230,M,303.9,314.5,1432,42.6,182,0,0,0,0,0,0,Healthy,None
4232,M14231,M,300.6,309.3,1518,61.3,3,1,0,0,1,0,0,Failure Risk,Power Failure
4233,L14232,L,297.9,308.8,1721,35.1,242,0,0,0,0,0,0,Healthy,None
4234,H14233,H,300.7,309.4,1577,52.8,231,0,0,0,0,0,0,Healthy,None
4235,L14234,L,299.2,309.8,1777,31.2,57,0,0,0,0,0,0,Healthy,None
4236,L14235,L,300.9,310.3,1474,24.8,126,0,0,0,0,0,0,Healthy,None
4237,L14236,L,299.9,310.4,1840,49.8,12,1,0,0,1,0,0,Failure Risk,Power Failure
4238,M14237,M,300.1,311.0,1398,37.8,220,1,1,0,0,0,0,Failure Risk,Tool Wear Failure
4239,M14238,M,298.2,308.4,1773,52.6,223,1,0,0,1,0,0,Failure Risk,Power Failure
4240,L14239,L,302.0,310.8,1168,54.6,154,0,0,0,0,0,0,Healthy,None
4241,M14240,M,297.7,306.8,1341,37.2,29,0,0,0,0,0,0,Healthy,None
4242,L14241,L,297.8,307.1,1591,53.3,109,0,0,0,0,0,0,Healthy,None
4243,M14242,M,300.7,308.8,1466,31.3,102,0,0,0,0,0,0,Healthy,None
4244,L14243,L,303.2,314.3,1524,31.2,121,0,0,0,0,0,0,Healthy,None
4245,L14244,L,299.3,309.4,1545,50.6,251,1,1,0,0,1,0,Failure Risk,"Tool Wear Failure, Overstrain Failure"
4246,H14245,H,301.4,310.3,1324,24.7,61,1,0,0,1,0,0,Failure Risk,Power Failure
4247,L14246,L,302.1,313.6,1338,40.0,192,0,0,0,0,0,0,Healthy,None
4248,L14247,L,301.6,310.9,1579,52.4,10,0,0,0,0,0,0,Healthy,None
4249,M14248,M,299.4,309.7,1418,53.0,86,0,0,0,0,0,0,Healthy,None
4250,H14249,H,297.8,307.0,1778,35.7,176,0,0,0,0,0,0,Healthy,None
4251,L14250,L,295.6,303.6,1503,50.0,16,0,0,0,0,0,0,Healthy,None
4252,L14251,L,299.5,308.1,1666,28.9,142,0,0,0,0,0,0,Healthy,None
4253,L14252,L,302.4,312.0,1617,33.4,154,0,0,0,0,0,0,Healthy,None
4254,M14253,M,297.8,308.7,1430,42.3,116,0,0,0,0,0,0,Healthy,None
4255,L14254,L,301.4,311.7,1183,43.7,137,0,0,0,0,0,0,Healthy,None
4256,M14255,M,298.1,308.2,1750,29.6,207,1,1,0,0,0,0,Failure Risk,Tool Wear Failure
4257,H14256,H,300.2,308.2,1362,58.4,228,1,0,1,0,1,0,Failure Risk,"Heat Dissipation Failure, Overstrain Failure"
4258,L14257,L,301.4,312.7,1465,21.4,155,1,0,0,1,0,0,Failure Risk,Power Failure
4259,L14258,L,298.7,308.9,1510,40.5,129,0,0,0,0,0,0,Healthy,None
4260,L14259,L,300.3,310.2,1528,41.9,230,1,1,0,0,0,0,Failure Risk,Tool Wear Failure
4261,L14260,L,299.2,310.3,1710,22.7,34,0,0,0,0,0,0,Healthy,None
4262,H14261,H,301.4,312.6,1539,53.1,142,0,0,0,0,0,0,Healthy,None
4263,L14262,L,300.5,311.7,1515,32.7,186,0,0,0,0,0,0,Healthy,None
4264,L14263,L,300.1,309.9,1720,41.0,202,0,0,0,0,0,0,Healthy,None
4265,M14264,M,303.1,312.1,1645,43.2,160,0,0,0,0,0,0,Healthy,None
4266,L14265,L,301.3,312.3,1406,25.6,54,0,0,0,0,0,0,Healthy,None
4267,M14266,M,298.6,307.2,1332,29.4,207,1,1,1,0,0,0,Failure Risk,"Tool Wear Failure, Heat Dissipation Failure"
4268,L14267,L,299.8,311.7,1390,55.5,74,0,0,0,0,0,0,Healthy,None
4269,H14268,H,299.8,309.8,1529,39.3,211,0,0,0,0,0,0,Healthy,None
4270,H14269,H,300.2,309.1,1314,13.3,51,1,0,0,1,0,0,Failure Risk,Power Failure
4271,M14270,M,305.0,313.8,1554,37.0,18,0,0,0,0,0,0,Healthy,None
4272,H14271,H,300.7,309.4,1514,39.7,166,0,0,0,0,0,0,Healthy,None
4273,L14272,L,295.9,306.0,1168,42.2,241,0,0,0,0,0,0,Healthy,None
4274,L14273,L,298.9,308.9,1286,20.2,214,1,1,0,1,0,0,Failure Risk,"Tool Wear Failure, Power Failure"
4275,M14274,M,296.1,304.9,1168,39.7,187,0,0,0,0,0,0,Healthy,None
4276,M14275,M,299.3,308.9,1476,31.8,9,0,0,0,0,0,0,Healthy,None
4277,L14276,L,296.0,304.6,1730,42.2,199,0,0,0,0,0,0,Healthy,None
4278,L14277,L,298.3,308.9,1199,45.0,65,0,0,0,0,0,0,Healthy,None
4279,L14278,L,297.0,306.9,1301,44.0,183,0,0,0,0,0,0,Healthy,None
4280,L14279,L,300.8,310.4,1508,53.9,6,0,0,0,0,0,0,Healthy,None
4281,L14280,L,300.0,308.7,1347,61.7,89,0,0,0,0,0,0,Healthy,None
4282,M14281,M,300.6,310.3,1346,28.8,167,0,0,0,0,0,0,Healthy,None
4283,L14282,L,299.8,309.4,1634,36.2,146,0,0,0,0,0,0,Healthy,None
4284,L14283,L,297.2,307.5,1449,47.4,197,0,0,0,0,0,0,Healthy,None
4285,M14284,M,301.0,311.2,1271,38.7,224,0,0,0,0,0,0,Healthy,None
4286,M14285,M,303.8,314.6,1168,13.0,118,1,0,0,1,0,0,Failure Risk,Power Failure
4287,H14286,H,300.8,310.3,1933,38.1,127,0,0,0,0,0,0,Healthy,None
4288,M14287,M,299.1,307.2,1739,52.2,10,1,0,0,1,0,0,Failure Risk,Power Failure
4289,L14288,L,297.1,308.1,1457,26.2,51,0,0,0,0,0,0,Healthy,None
4290,H14289,H,298.2,307.3,1553,42.2,99,0,0,0,0,0,0,Healthy,None
4291,M14290,M,300.9,309.8,1450,21.1,139,1,0,0,1,0,0,Failure Risk,Power Failure
4292,L14291,L,302.1,312.1,1629,48.6,219,0,0,0,0,0,0,Healthy,None
4293,M14292,M,300.5,310.8,1385,42.4,189,0,0,0,0,0,0,Healthy,None
4294,H14293,H,301.6,311.1,1440,34.4,72,0,0,0,0,0,0,Healthy,None
4295,L14294,L,301.4,310.9,1619,35.9,150,0,0,0,0,0,0,Healthy,None
4296,L14295,L,301.0,310.6,1798,25.2,39,0,0,0,0,0,0,Healthy,None
4297,L14296,L,298.7,310.1,1670,50.0,197,0,0,0,0,0,0,Healthy,None
4298,L14297,L,300.3,310.3,1758,32.1,49,0,0,0,0,0,0,Healthy,None
4299,L14298,L,298.3,307.3,1482,45.0,63,0,0,0,0,0,0,Healthy,None
4300,M14299,M,300.0,309.0,1426,30.5,146,0,0,0,0,0,0,Healthy,None
4301,L14300,L,300.7,310.4,1191,61.8,211,1,1,0,0,1,0,Failure Risk,"Tool Wear Failure, Overstrain Failure"
4302,H14301,H,303.4,313.6,1550,55.4,17,0,0,0,0,0,0,Healthy,None
4303,M14302,M,297.4,307.9,1605,60.5,154,1,0,0,1,0,0,Failure Risk,Power Failure
4304,M14303,M,301.0,311.1,1484,61.7,96,1,0,0,1,0,0,Failure Risk,Power Failure
4305,H14304,H,303.0,312.2,1398,33.7,92,0,0,0,0,0,0,Healthy,None
4306,L14305,L,301.5,311.1,1760,31.2,72,0,0,0,0,0,0,Healthy,None
4307,L14306,L,301.7,312.4,1651,60.1,236,1,0,0,1,1,0,Failure Risk,"Power Failure, Overstrain Failure"
4308,M14307,M,301.2,310.1,1772,38.6,43,0,0,0,0,0,0,Healthy,None
4309,H14308,H,302.6,312.1,1367,48.2,57,0,0,0,0,0,0,Healthy,None
4310,M14309,M,297.8,308.4,1411,33.9,61,0,0,0,0,0,0,Healthy,None
4311,L14310,L,297.2,308.1,1753,34.0,177,0,0,0,0,0,0,Healthy,None
4312,H14311,H,300.0,309.8,1529,48.2,90,0,0,0,0,0,0,Healthy,None
4313,L14312,L,295.7,305.3,1436,20.5,52,1,0,0,1,0,0,Failure Risk,Power Failure
4314,H14313,H,302.5,311.2,1448,47.8,102,0,0,0,0,0,0,Healthy,None
4315,H14314,H,302.4,312.9,1536,45.2,60,0,0,0,0,0,0,Healthy,None
4316,L14315,L,299.1,310.4,1717,34.8,202,0,0,0,0,0,0,Healthy,None
4317,M14316,M,299.3,311.9,1509,40.2,49,0,0,0,0,0,0,Healthy,None
4318,L14317,L,299.9,310.3,1679,41.8,53,0,0,0,0,0,0,Healthy,None
4319,L14318,L,300.1,310.0,1621,42.3,41,0,0,0,0,0,0,Healthy,None
4320,M14319,M,300.3,309.4,1380,46.8,186,0,0,0,0,0,0,Healthy,None
4321,M14320,M,301.1,309.2,1380,31.9,7,0,0,0,0,0,0,Healthy,None
4322,H14321,H,299.7,309.9,1457,66.7,141,1,0,0,1,0,0,Failure Risk,Power Failure
4323,M14322,M,301.9,314.3,1298,38.0,237,1,1,0,0,0,0,Failure Risk,Tool Wear Failure
4324,L14323,L,300.9,312.2,1445,38.7,12,0,0,0,0,0,0,Healthy,None
4325,H14324,H,298.8,309.9,1808,59.3,198,1,0,0,1,0,0,Failure Risk,Power Failure
4326,H14325,H,302.7,312.9,1532,21.9,78,0,0,0,0,0,0,Healthy,None
4327,L14326,L,297.3,307.7,1400,59.1,101,0,0,0,0,0,0,Healthy,None
4328,H14327,H,299.8,307.4,1880,40.9,171,0,0,0,0,0,0,Healthy,None
4329,L14328,L,301.9,312.7,1371,34.8,42,0,0,0,0,0,0,Healthy,None
4330,H14329,H,298.6,308.0,1365,28.9,247,0,0,0,0,0,0,Healthy,None
4331,L14330,L,300.6,309.9,1758,27.4,145,0,0,0,0,0,0,Healthy,None
4332,L14331,L,301.1,310.8,1656,36.6,163,0,0,0,0,0,0,Healthy,None
4333,L14332,L,298.3,307.9,1514,42.8,158,0,0,0,0,0,0,Healthy,None
4334,M14333,M,299.9,309.2,1686,46.2,131,0,0,0,0,0,0,Healthy,None
4335,L14334,L,299.7,309.7,1591,42.6,76,0,0,0,0,0,0,Healthy,None
4336,L14335,L,298.9,308.3,1325,34.9,38,0,0,0,0,0,0,Healthy,None
4337,M14336,M,304.6,314.7,1168,53.3,93,0,0,0,0,0,0,Healthy,None
4338,H14337,H,298.5,307.0,1436,66.5,182,1,0,0,1,0,0,Failure Risk,Power Failure
4339,L14338,L,302.0,311.8,1732,54.8,18,1,0,0,1,0,0,Failure Risk,Power Failure
4340,L14339,L,299.2,308.1,1461,36.4,195,0,0,0,0,0,0,Healthy,None
4341,L14340,L,297.8,307.2,1620,45.0,64,0,0,0,0,0,0,Healthy,None
4342,L14341,L,300.2,310.3,1571,45.6,39,0,0,0,0,0,0,Healthy,None
4343,H14342,H,301.3,309.7,1234,55.9,95,1,0,1,0,0,0,Failure Risk,Heat Dissipation Failure
4344,H14343,H,301.8,311.0,1465,36.7,203,1,1,0,0,0,0,Failure Risk,Tool Wear Failure
4345,M14344,M,303.1,313.7,1602,30.4,75,0,0,0,0,0,0,Healthy,None
4346,L14345,L,305.9,314.5,1397,51.2,211,0,0,0,0,0,0,Healthy,None
4347,M14346,M,300.5,312.3,1473,44.0,202,1,1,0,0,0,0,Failure Risk,Tool Wear Failure
4348,M14347,M,298.7,309.9,1608,29.0,244,0,0,0,0,0,0,Healthy,None
4349,H14348,H,300.9,310.4,1551,47.0,116,0,0,0,0,0,0,Healthy,None
4350,M14349,M,299.5,308.7,1725,58.2,112,1,0,0,1,0,0,Failure Risk,Power Failure
4351,M14350,M,301.9,312.1,1606,33.1,29,0,0,0,0,0,0,Healthy,None
4352,M14351,M,297.4,306.0,1366,31.2,240,0,0,0,0,0,0,Healthy,None
4353,L14352,L,304.7,312.7,1452,40.3,246,0,0,0,0,0,0,Healthy,None
4354,H14353,H,301.7,311.2,1541,46.7,235,0,0,0,0,0,0,Healthy,None
4355,M14354,M,296.6,306.5,1777,39.3,222,1,1,0,0,0,0,Failure Risk,Tool Wear Failure
4356,M14355,M,298.6,308.7,1453,51.2,155,0,0,0,0,0,0,Healthy,None
4357,L14356,L,301.6,311.0,1227,42.6,235,0,0,0,0,0,0,Healthy,None
4358,M14357,M,302.4,313.7,1616,50.0,176,0,0,0,0,0,0,Healthy,None
4359,M14358,M,297.5,306.0,1402,32.9,92,0,0,0,0,0,0,Healthy,None
4360,L14359,L,301.4,310.3,1307,27.8,168,0,0,0,0,0,0,Healthy,None
4361,L14360,L,296.1,306.6,1541,36.6,85,0,0,0,0,0,0,Healthy,None
4362,M14361,M,299.8,308.6,1712,26.7,108,0,0,0,0,0,0,Healthy,None
4363,M14362,M,302.2,311.0,1435,44.1,48,0,0,0,0,0,0,Healthy,None
4364,M14363,M,298.9,309.0,1626,20.0,156,1,0,0,1,0,0,Failure Risk,Power Failure
4365,L14364,L,297.0,305.9,1660,35.5,128,0,0,0,0,0,0,Healthy,None
4366,M14365,M,300.3,310.2,1679,37.2,212,0,0,0,0,0,0,Healthy,None
4367,L14366,L,298.8,308.1,1406,29.6,30,0,0,0,0,0,0,Healthy,None
4368,L14367,L,301.3,310.4,1337,37.0,26,0,0,0,0,0,0,Healthy,None
4369,L14368,L,298.2,306.1,1361,40.0,34,1,0,1,0,0,0,Failure Risk,Heat Dissipation Failure
4370,L14369,L,298.5,308.6,1679,52.6,7,1,0,0,1,0,0,Failure Risk,Power Failure
4371,L14370,L,296.0,304.8,1657,29.7,39,0,0,0,0,0,0,Healthy,None
4372,L14371,L,300.3,310.1,1366,43.5,185,0,0,0,0,0,0,Healthy,None
4373,L14372,L,299.7,309.2,1919,45.5,199,1,0,0,1,0,0,Failure Risk,Power Failure
4374,L14373,L,297.6,307.4,1345,39.8,133,0,0,0,0,0,0,Healthy,None
4375,M14374,M,300.4,310.3,1716,35.1,142,0,0,0,0,0,0,Healthy,None
4376,L14375,L,302.1,312.3,1810,28.7,20,0,0,0,0,0,0,Healthy,None
4377,L14376,L,299.6,308.9,1557,58.8,164,1,0,0,1,0,0,Failure Risk,Power Failure
4378,H14377,H,300.5,311.7,1400,40.7,197,0,0,0,0,0,0,Healthy,None
4379,L14378,L,300.5,308.7,1404,36.9,53,0,0,0,0,0,0,Healthy,None
4380,M14379,M,297.6,307.4,1491,61.0,156,1,0,0,1,0,0,Failure Risk,Power Failure
4381,L14380,L,304.1,314.9,1731,42.2,185,0,0,0,0,0,0,Healthy,None
4382,L14381,L,299.1,309.6,1323,65.2,88,1,0,0,1,0,0,Failure Risk,Power Failure
4383,M14382,M,301.3,310.3,1208,26.0,214,1,1,0,1,0,0,Failure Risk,"Tool Wear Failure, Power Failure"
4384,M14383,M,301.5,310.7,1602,37.7,229,0,0,0,0,0,0,Healthy,None
4385,H14384,H,299.7,308.7,1642,26.4,90,0,0,0,0,0,0,Healthy,None
4386,M14385,M,301.2,311.8,1890,38.8,105,0,0,0,0,0,0,Healthy,None
4387,H14386,H,300.5,309.8,1290,38.7,86,0,0,0,0,0,0,Healthy,None
4388,L14387,L,297.2,307.5,1513,35.5,18,0,0,0,0,0,0,Healthy,None
4389,L14388,L,299.3,309.6,1745,40.5,91,0,0,0,0,0,0,Healthy,None
4390,L14389,L,298.8,311.2,1559,35.9,33,0,0,0,0,0,0,Healthy,None
4391,L14390,L,299.1,309.4,1503,38.9,57,0,0,0,0,0,0,Healthy,None
4392,M14391,M,297.4,306.6,1679,32.5,198,0,0,0,0,0,0,Healthy,None
4393,M14392,M,302.3,310.8,1430,54.3,242,1,0,0,0,1,0,Failure Risk,Overstrain Failure
4394,L14393,L,303.2,312.9,1690,29.0,140,0,0,0,0,0,0,Healthy,None
4395,H14394,H,302.0,311.9,1313,42.1,3,0,0,0,0,0,0,Healthy,None
4396,H14395,H,302.5,310.3,1266,28.2,138,1,0,1,0,0,0,Failure Risk,Heat Dissipation Failure
4397,L14396,L,299.3,308.6,1489,31.7,177,0,0,0,0,0,0,Healthy,None
4398,L14397,L,298.7,309.0,1168,32.8,20,0,0,0,0,0,0,Healthy,None
4399,L14398,L,298.4,307.9,1553,38.7,59,0,0,0,0,0,0,Healthy,None
4400,L14399,L,301.3,312.3,1227,41.7,148,0,0,0,0,0,0,Healthy,None
4401,L14400,L,300.5,308.9,1588,29.0,170,0,0,0,0,0,0,Healthy,None
4402,M14401,M,299.8,310.5,1571,35.9,44,0,0,0,0,0,0,Healthy,None
4403,L14402,L,302.6,313.5,1525,30.2,41,0,0,0,0,0,0,Healthy,None
4404,L14403,L,300.8,311.8,1616,29.8,153,0,0,0,0,0,0,Healthy,None
4405,H14404,H,298.3,306.7,1574,51.2,158,0,0,0,0,0,0,Healthy,None
4406,M14405,M,298.6,308.9,1485,26.2,176,0,0,0,0,0,0,Healthy,None
4407,H14406,H,301.4,310.7,1865,40.7,126,0,0,0,0,0,0,Healthy,None
4408,L14407,L,302.1,310.7,1608,56.8,195,1,0,0,1,1,0,Failure Risk,"Power Failure, Overstrain Failure"
4409,L14408,L,301.1,310.7,1676,51.9,2,1,0,0,1,0,0,Failure Risk,Power Failure
4410,M14409,M,303.8,312.9,1730,44.2,38,0,0,0,0,0,0,Healthy,None
4411,L14410,L,303.3,314.2,1657,39.8,47,0,0,0,0,0,0,Healthy,None
4412,L14411,L,300.9,311.4,1907,47.3,148,1,0,0,1,0,0,Failure Risk,Power Failure
4413,M14412,M,298.3,307.1,1567,43.7,229,0,0,0,0,0,0,Healthy,None
4414,M14413,M,297.4,306.7,1536,54.1,17,0,0,0,0,0,0,Healthy,None
4415,L14414,L,299.2,308.8,1421,38.7,224,0,0,0,0,0,0,Healthy,None
4416,L14415,L,301.5,311.4,1492,49.9,242,1,1,0,0,1,0,Failure Risk,"Tool Wear Failure, Overstrain Failure"
4417,L14416,L,303.7,314.7,1407,36.8,105,0,0,0,0,0,0,Healthy,None
4418,L14417,L,300.8,311.5,1659,58.7,162,1,0,0,1,0,0,Failure Risk,Power Failure
4419,L14418,L,302.3,312.4,1374,38.4,31,0,0,0,0,0,0,Healthy,None
4420,L14419,L,299.5,309.2,1551,24.0,121,0,0,0,0,0,0,Healthy,None
4421,L14420,L,301.2,309.4,1638,40.8,182,0,0,0,0,0,0,Healthy,None
4422,H14421,H,301.6,312.9,1564,47.6,138,0,0,0,0,0,0,Healthy,None
4423,M14422,M,296.0,305.6,1377,56.1,102,0,0,0,0,0,0,Healthy,None
4424,M14423,M,299.2,310.8,1663,30.1,185,0,0,0,0,0,0,Healthy,None
4425,L14424,L,301.9,312.1,1522,22.7,222,0,0,0,0,0,0,Healthy,None
4426,L14425,L,300.5,312.5,1168,44.9,93,0,0,0,0,0,0,Healthy,None
4427,L14426,L,297.6,308.2,1361,44.6,165,0,0,0,0,0,0,Healthy,None
4428,L14427,L,295.1,303.7,1788,26.0,45,0,0,0,0,0,0,Healthy,None
4429,L14428,L,299.3,308.7,1803,36.7,125,0,0,0,0,0,0,Healthy,None
4430,M14429,M,299.9,309.7,1632,37.2,124,0,0,0,0,0,0,Healthy,None
4431,M14430,M,298.2,307.3,1678,48.1,147,0,0,0,0,0,0,Healthy,None
4432,M14431,M,300.3,309.9,1398,35.9,103,1,0,0,0,0,1,Failure Risk,Random Failure
4433,L14432,L,301.0,309.6,1491,35.7,25,0,0,0,0,0,0,Healthy,None
4434,H14433,H,301.3,311.3,1759,41.1,138,0,0,0,0,0,0,Healthy,None
4435,L14434,L,295.3,305.5,1614,26.4,193,0,0,0,0,0,0,Healthy,None
4436,L14435,L,297.4,306.4,1549,58.8,102,1,0,0,1,0,0,Failure Risk,Power Failure
4437,L14436,L,299.4,311.3,1504,49.2,208,0,0,0,0,0,0,Healthy,None
4438,M14437,M,301.1,311.2,1748,33.1,215,0,0,0,0,0,0,Healthy,None
4439,H14438,H,301.0,310.2,1738,28.9,93,0,0,0,0,0,0,Healthy,None
4440,L14439,L,300.9,309.3,1654,29.7,36,0,0,0,0,0,0,Healthy,None
4441,H14440,H,299.2,309.3,1549,45.8,133,0,0,0,0,0,0,Healthy,None
4442,H14441,H,299.3,309.0,1474,30.0,181,0,0,0,0,0,0,Healthy,None
4443,L14442,L,298.5,309.3,1662,37.5,240,0,0,0,0,0,0,Healthy,None
4444,L14443,L,301.5,311.4,1340,23.3,214,1,0,0,1,0,0,Failure Risk,Power Failure
4445,L14444,L,298.2,307.0,1377,45.4,174,0,0,0,0,0,0,Healthy,None
4446,H14445,H,301.7,313.4,1278,45.7,226,1,1,0,0,0,0,Failure Risk,Tool Wear Failure
4447,L14446,L,300.4,310.8,1759,38.2,113,0,0,0,0,0,0,Healthy,None
4448,M14447,M,299.9,309.6,1409,41.9,46,0,0,0,0,0,0,Healthy,None
4449,L14448,L,298.7,308.9,1610,47.9,246,1,0,0,0,1,0,Failure Risk,Overstrain Failure
4450,M14449,M,297.3,307.8,1515,41.7,153,0,0,0,0,0,0,Healthy,None
4451,L14450,L,298.7,307.3,2056,47.7,24,1,0,0,1,0,0,Failure Risk,Power Failure
4452,M14451,M,299.3,309.5,1617,28.4,163,0,0,0,0,0,0,Healthy,None
4453,H14452,H,295.3,304.8,1204,43.7,246,0,0,0,0,0,0,Healthy,None
4454,H14453,H,299.6,310.1,1748,41.9,20,0,0,0,0,0,0,Healthy,None
4455,H14454,H,301.8,311.1,1468,51.9,233,0,0,0,0,0,0,Healthy,None
4456,L14455,L,301.1,310.5,1502,40.3,185,0,0,0,0,0,0,Healthy,None
4457,M14456,M,299.0,310.7,1417,39.0,42,0,0,0,0,0,0,Healthy,None
4458,L14457,L,300.1,311.3,1573,34.5,22,0,0,0,0,0,0,Healthy,None
4459,L14458,L,298.9,305.6,1570,54.8,64,1,0,0,1,0,0,Failure Risk,Power Failure
4460,M14459,M,300.3,311.5,1422,16.7,186,1,0,0,1,0,0,Failure Risk,Power Failure
4461,L14460,L,303.1,313.0,1447,45.1,60,0,0,0,0,0,0,Healthy,None
4462,M14461,M,301.9,311.2,1556,39.8,73,0,0,0,0,0,0,Healthy,None
4463,H14462,H,301.0,310.0,1168,38.2,88,0,0,0,0,0,0,Healthy,None
4464,L14463,L,299.0,308.1,1279,36.7,85,0,0,0,0,0,0,Healthy,None
4465,M14464,M,301.5,310.8,1836,39.4,238,0,0,0,0,0,0,Healthy,None
4466,L14465,L,296.6,305.5,1596,44.7,199,0,0,0,0,0,0,Healthy,None
4467,L14466,L,299.5,308.1,1444,32.1,104,0,0,0,0,0,0,Healthy,None
4468,L14467,L,301.2,310.2,1234,41.3,63,0,0,0,0,0,0,Healthy,None
4469,H14468,H,301.5,311.8,1527,43.5,160,0,0,0,0,0,0,Healthy,None
4470,H14469,H,301.3,311.4,1714,30.6,116,0,0,0,0,0,0,Healthy,None
4471,H14470,H,300.6,311.2,2010,45.0,203,1,0,0,1,0,0,Failure Risk,Power Failure
4472,H14471,H,299.6,309.5,1876,43.6,175,0,0,0,0,0,0,Healthy,None
4473,L14472,L,301.1,309.8,1379,32.1,38,0,0,0,0,0,0,Healthy,None
4474,L14473,L,298.1,308.6,1449,28.2,139,0,0,0,0,0,0,Healthy,None
4475,M14474,M,298.3,307.3,1274,32.0,203,1,1,0,0,0,0,Failure Risk,Tool Wear Failure
4476,L14475,L,300.1,310.7,1387,41.3,138,0,0,0,0,0,0,Healthy,None
4477,L14476,L,300.3,309.1,1499,39.2,47,0,0,0,0,0,0,Healthy,None
4478,L14477,L,296.3,305.6,1472,53.8,135,0,0,0,0,0,0,Healthy,None
4479,M14478,M,300.9,310.5,1905,36.4,50,0,0,0,0,0,0,Healthy,None
4480,M14479,M,301.5,312.2,1302,31.2,135,0,0,0,0,0,0,Healthy,None
4481,L14480,L,299.8,310.0,1529,46.5,100,0,0,0,0,0,0,Healthy,None
4482,L14481,L,304.7,314.7,1168,30.3,240,0,0,0,0,0,0,Healthy,None
4483,M14482,M,298.6,310.5,1597,32.2,207,0,0,0,0,0,0,Healthy,None
4484,M14483,M,299.3,307.5,1297,32.3,227,1,1,1,0,0,0,Failure Risk,"Tool Wear Failure, Heat Dissipation Failure"
4485,L14484,L,299.2,308.2,1735,10.3,127,1,0,0,1,0,0,Failure Risk,Power Failure
4486,M14485,M,299.8,308.7,1485,45.6,209,0,0,0,0,0,0,Healthy,None
4487,L14486,L,299.3,307.5,1287,49.3,107,1,0,1,0,0,0,Failure Risk,Heat Dissipation Failure
4488,L14487,L,297.2,306.5,1168,49.1,84,0,0,0,0,0,0,Healthy,None
4489,M14488,M,298.9,309.6,1362,58.7,67,0,0,0,0,0,0,Healthy,None
4490,M14489,M,299.8,309.2,1580,54.9,113,1,0,0,1,0,0,Failure Risk,Power Failure
4491,L14490,L,302.5,312.2,1613,36.7,70,0,0,0,0,0,0,Healthy,None
4492,M14491,M,304.4,312.7,1448,51.0,97,0,0,0,0,0,0,Healthy,None
4493,M14492,M,302.7,311.9,1703,39.0,225,0,0,0,0,0,0,Healthy,None
4494,M14493,M,298.4,307.9,1334,35.8,108,0,0,0,0,0,0,Healthy,None
4495,M14494,M,298.6,309.2,1168,32.5,163,0,0,0,0,0,0,Healthy,None
4496,M14495,M,299.7,308.0,1588,37.4,100,0,0,0,0,0,0,Healthy,None
4497,L14496,L,303.6,313.1,1768,43.3,29,0,0,0,0,0,0,Healthy,None
4498,L14497,L,299.7,310.8,1770,55.7,89,1,0,0,1,0,0,Failure Risk,Power Failure
4499,L14498,L,297.3,306.9,1305,47.2,139,0,0,0,0,0,0,Healthy,None
4500,L14499,L,299.0,306.9,1440,32.4,74,0,0,0,0,0,0,Healthy,None
4501,M14500,M,301.5,312.8,1667,29.7,28,0,0,0,0,0,0,Healthy,None
4502,M14501,M,301.4,312.1,1425,45.6,2,0,0,0,0,0,0,Healthy,None
4503,L14502,L,299.6,310.5,1556,48.9,61,0,0,0,0,0,0,Healthy,None
4504,L14503,L,301.4,309.7,1409,52.2,10,0,0,0,0,0,0,Healthy,None
4505,L14504,L,295.5,307.0,1342,37.3,72,0,0,0,0,0,0,Healthy,None
4506,L14505,L,300.2,309.4,1377,44.6,217,0,0,0,0,0,0,Healthy,None
4507,M14506,M,301.7,311.2,1709,48.5,117,0,0,0,0,0,0,Healthy,None
4508,L14507,L,298.3,307.6,1540,26.6,186,0,0,0,0,0,0,Healthy,None
4509,M14508,M,298.3,309.2,1765,42.7,71,0,0,0,0,0,0,Healthy,None
4510,H14509,H,296.3,306.1,1631,49.0,212,1,1,0,0,0,0,Failure Risk,Tool Wear Failure
4511,L14510,L,303.2,313.7,1825,45.1,71,0,0,0,0,0,0,Healthy,None
4512,L14511,L,298.6,308.7,1684,39.2,41,0,0,0,0,0,0,Healthy,None
4513,L14512,L,300.5,310.4,1673,65.8,133,1,0,0,1,0,0,Failure Risk,Power Failure
4514,M14513,M,301.2,310.3,1516,59.1,54,1,0,0,1,0,0,Failure Risk,Power Failure
4515,M14514,M,303.0,314.8,2076,40.1,209,0,0,0,0,0,0,Healthy,None
4516,L14515,L,299.7,308.2,1558,38.1,5,0,0,0,0,0,0,Healthy,None
4517,M14516,M,298.9,309.3,1184,46.9,20,0,0,0,0,0,0,Healthy,None
4518,H14517,H,300.3,310.7,1585,39.4,171,0,0,0,0,0,0,Healthy,None
4519,L14518,L,302.6,313.8,1362,52.6,239,1,0,0,0,1,0,Failure Risk,Overstrain Failure
4520,L14519,L,299.7,311.1,1720,27.5,247,0,0,0,0,0,0,Healthy,None
4521,H14520,H,298.1,308.0,1667,37.6,116,0,0,0,0,0,0,Healthy,None
4522,M14521,M,296.9,307.4,1503,46.8,175,0,0,0,0,0,0,Healthy,None
4523,H14522,H,297.6,309.4,1379,49.9,86,0,0,0,0,0,0,Healthy,None
4524,M14523,M,301.7,311.6,1564,25.3,163,0,0,0,0,0,0,Healthy,None
4525,H14524,H,299.4,308.3,1423,30.6,209,0,0,0,0,0,0,Healthy,None
4526,L14525,L,298.8,308.4,1679,23.4,124,0,0,0,0,0,0,Healthy,None
4527,M14526,M,298.6,307.3,1637,31.4,218,1,1,0,0,0,0,Failure Risk,Tool Wear Failure
4528,H14527,H,300.2,310.6,2063,27.4,172,0,0,0,0,0,0,Healthy,None
4529,M14528,M,299.5,310.6,1458,45.3,130,0,0,0,0,0,0,Healthy,None
4530,L14529,L,299.5,309.4,1483,42.3,186,0,0,0,0,0,0,Healthy,None
4531,L14530,L,302.7,311.1,1510,38.5,249,1,1,0,0,0,0,Failure Risk,Tool Wear Failure
4532,L14531,L,303.1,314.1,1518,40.3,11,0,0,0,0,0,0,Healthy,None
4533,L14532,L,296.8,305.0,1721,51.8,83,1,0,0,1,0,0,Failure Risk,Power Failure
4534,L14533,L,300.7,309.2,1488,29.7,18,0,0,0,0,0,0,Healthy,None
4535,M14534,M,298.4,308.2,1891,20.9,22,0,0,0,0,0,0,Healthy,None
4536,M14535,M,299.5,309.8,1642,47.0,123,0,0,0,0,0,0,Healthy,None
4537,L14536,L,300.6,311.0,1451,36.1,132,0,0,0,0,0,0,Healthy,None
4538,M14537,M,299.6,309.5,1405,29.9,50,0,0,0,0,0,0,Healthy,None
4539,L14538,L,300.5,312.3,1724,45.5,146,0,0,0,0,0,0,Healthy,None
4540,L14539,L,301.3,311.4,1543,20.5,248,1,0,0,1,0,0,Failure Risk,Power Failure
4541,L14540,L,300.6,311.6,1539,31.5,252,0,0,0,0,0,0,Healthy,None
4542,M14541,M,298.7,309.5,1430,16.4,11,1,0,0,1,0,0,Failure Risk,Power Failure
4543,L14542,L,298.7,307.4,1527,42.6,91,0,0,0,0,0,0,Healthy,None
4544,L14543,L,297.1,306.9,1423,55.6,184,0,0,0,0,0,0,Healthy,None
4545,L14544,L,298.3,310.4,1781,34.3,164,0,0,0,0,0,0,Healthy,None
4546,H14545,H,303.9,313.4,1666,32.2,33,0,0,0,0,0,0,Healthy,None
4547,L14546,L,298.4,307.7,1506,57.7,249,1,0,0,1,1,0,Failure Risk,"Power Failure, Overstrain Failure"
4548,M14547,M,297.6,307.8,1504,46.2,79,0,0,0,0,0,0,Healthy,None
4549,M14548,M,300.6,310.1,1554,63.6,62,1,0,0,1,0,0,Failure Risk,Power Failure
4550,M14549,M,299.8,309.0,1537,41.6,116,0,0,0,0,0,0,Healthy,None
4551,H14550,H,299.6,309.1,1366,42.2,131,0,0,0,0,0,0,Healthy,None
4552,L14551,L,302.8,314.2,1197,54.3,181,0,0,0,0,0,0,Healthy,None
4553,L14552,L,301.1,311.0,1395,38.5,110,0,0,0,0,0,0,Healthy,None
4554,H14553,H,298.9,307.6,1514,42.4,233,0,0,0,0,0,0,Healthy,None
4555,L14554,L,299.2,307.7,1405,16.0,53,1,0,0,1,0,0,Failure Risk,Power Failure
4556,M14555,M,299.0,311.2,1684,57.2,5,1,0,0,1,0,0,Failure Risk,Power Failure
4557,M14556,M,301.7,311.5,1496,43.9,134,0,0,0,0,0,0,Healthy,None
4558,M14557,M,299.4,309.8,1873,38.9,33,0,0,0,0,0,0,Healthy,None
4559,H14558,H,296.4,305.6,1437,49.0,67,0,0,0,0,0,0,Healthy,None
4560,H14559,H,299.9,310.2,1563,28.3,142,0,0,0,0,0,0,Healthy,None
4561,M14560,M,296.9,308.4,1486,34.5,12,0,0,0,0,0,0,Healthy,None
4562,L14561,L,304.4,313.7,1616,45.5,200,1,1,0,0,0,0,Failure Risk,Tool Wear Failure
4563,H14562,H,298.1,308.6,1728,40.4,36,0,0,0,0,0,0,Healthy,None
4564,L14563,L,299.7,308.3,1646,44.4,208,0,0,0,0,0,0,Healthy,None
4565,L14564,L,300.5,312.5,1174,42.5,165,0,0,0,0,0,0,Healthy,None
4566,H14565,H,299.4,309.7,1627,46.2,205,0,0,0,0,0,0,Healthy,None
4567,L14566,L,299.4,309.0,1357,26.9,228,0,0,0,0,0,0,Healthy,None
4568,L14567,L,300.8,310.5,1482,52.7,158,0,0,0,0,0,0,Healthy,None
4569,L14568,L,303.1,312.6,1661,35.2,193,0,0,0,0,0,0,Healthy,None
4570,H14569,H,301.5,311.0,1337,40.6,109,0,0,0,0,0,0,Healthy,None
4571,M14570,M,303.0,310.6,1744,34.1,210,1,1,0,0,0,0,Failure Risk,Tool Wear Failure
4572,M14571,M,297.9,307.8,1474,37.2,210,0,0,0,0,0,0,Healthy,None
4573,L14572,L,300.6,310.5,1926,42.3,59,0,0,0,0,0,0,Healthy,None
4574,M14573,M,300.3,310.8,1550,47.3,246,0,0,0,0,0,0,Healthy,None
4575,M14574,M,300.7,310.2,1843,48.9,12,1,0,0,1,0,0,Failure Risk,Power Failure
4576,L14575,L,302.8,312.0,1752,44.3,148,0,0,0,0,0,0,Healthy,None
4577,L14576,L,299.6,309.6,1428,34.1,94,0,0,0,0,0,0,Healthy,None
4578,L14577,L,299.2,307.6,1304,43.7,171,1,0,1,0,0,0,Failure Risk,Heat Dissipation Failure
4579,H14578,H,301.1,311.2,1558,42.4,27,0,0,0,0,0,0,Healthy,None
4580,M14579,M,296.4,304.5,1433,40.6,184,0,0,0,0,0,0,Healthy,None
4581,H14580,H,299.5,310.6,1820,45.3,128,0,0,0,0,0,0,Healthy,None
4582,L14581,L,299.7,310.4,1493,27.4,226,0,0,0,0,0,0,Healthy,None
4583,M14582,M,298.2,307.3,1484,19.9,137,1,0,0,1,0,0,Failure Risk,Power Failure
4584,M14583,M,302.1,312.8,1288,51.8,7,0,0,0,0,0,0,Healthy,None
4585,M14584,M,297.9,308.0,1613,38.7,204,1,1,0,0,0,0,Failure Risk,Tool Wear Failure
4586,H14585,H,299.7,308.7,1327,44.1,190,0,0,0,0,0,0,Healthy,None
4587,L14586,L,300.6,308.6,1617,31.4,210,0,0,0,0,0,0,Healthy,None
4588,L14587,L,302.7,313.0,1641,52.5,66,1,0,0,1,0,0,Failure Risk,Power Failure
4589,M14588,M,300.0,309.2,1403,43.5,119,0,0,0,0,0,0,Healthy,None
4590,M14589,M,301.9,313.0,1709,38.2,249,1,1,0,0,0,0,Failure Risk,Tool Wear Failure
4591,M14590,M,301.4,311.4,1488,42.8,66,0,0,0,0,0,0,Healthy,None
4592,L14591,L,300.2,309.5,1274,22.8,154,1,0,0,1,0,0,Failure Risk,Power Failure
4593,M14592,M,297.8,309.6,1814,43.7,17,0,0,0,0,0,0,Healthy,None
4594,L14593,L,297.1,307.7,1372,54.7,34,0,0,0,0,0,0,Healthy,None
4595,L14594,L,300.2,306.5,1628,43.1,124,0,0,0,0,0,0,Healthy,None
4596,M14595,M,298.9,308.4,1614,41.8,43,0,0,0,0,0,0,Healthy,None
4597,M14596,M,301.8,310.4,1607,36.9,97,0,0,0,0,0,0,Healthy,None
4598,L14597,L,301.5,310.7,1604,50.7,221,1,0,0,0,1,0,Failure Risk,Overstrain Failure
4599,L14598,L,299.6,309.5,1364,52.2,135,0,0,0,0,0,0,Healthy,None
4600,L14599,L,297.7,308.1,1840,35.7,126,0,0,0,0,0,0,Healthy,None
4601,L14600,L,301.0,311.3,1709,43.6,251,0,0,0,0,0,0,Healthy,None
4602,M14601,M,298.0,309.1,1623,42.3,84,0,0,0,0,0,0,Healthy,None
4603,H14602,H,298.5,309.1,1299,44.0,173,0,0,0,0,0,0,Healthy,None
4604,L14603,L,298.0,308.6,1362,32.4,210,0,0,0,0,0,0,Healthy,None
4605,M14604,M,299.7,309.9,1655,51.3,42,0,0,0,0,0,0,Healthy,None
4606,H14605,H,302.3,313.6,1179,45.6,239,0,0,0,0,0,0,Healthy,None
4607,H14606,H,300.0,309.7,1598,51.9,45,0,0,0,0,0,0,Healthy,None
4608,L14607,L,299.1,308.8,1299,29.0,39,0,0,0,0,0,0,Healthy,None
4609,H14608,H,296.9,305.0,1382,29.5,221,1,1,0,0,0,0,Failure Risk,Tool Wear Failure
4610,L14609,L,301.1,312.2,1285,60.4,55,0,0,0,0,0,0,Healthy,None
4611,L14610,L,298.4,308.3,1582,51.4,154,0,0,0,0,0,0,Healthy,None
4612,L14611,L,300.2,313.1,1737,31.9,147,0,0,0,0,0,0,Healthy,None
4613,L14612,L,299.3,308.9,1600,48.6,205,1,1,0,0,0,0,Failure Risk,Tool Wear Failure
4614,L14613,L,301.7,311.8,1619,35.4,56,0,0,0,0,0,0,Healthy,None
4615,L14614,L,299.7,310.2,1568,23.2,11,0,0,0,0,0,0,Healthy,None
4616,L14615,L,299.9,308.8,1660,19.2,240,1,0,0,1,0,0,Failure Risk,Power Failure
4617,H14616,H,301.0,311.4,1621,39.8,22,0,0,0,0,0,0,Healthy,None
4618,H14617,H,304.2,314.2,1168,55.5,11,0,0,0,0,0,0,Healthy,None
4619,L14618,L,301.8,311.5,1700,55.1,116,1,0,0,1,0,0,Failure Risk,Power Failure
4620,H14619,H,299.8,311.0,1681,52.5,107,1,0,0,1,0,0,Failure Risk,Power Failure
4621,H14620,H,300.0,309.1,1473,48.2,171,0,0,0,0,0,0,Healthy,None
4622,M14621,M,299.0,309.3,1184,43.1,38,0,0,0,0,0,0,Healthy,None
4623,L14622,L,298.1,309.6,1581,51.4,41,0,0,0,0,0,0,Healthy,None
4624,M14623,M,298.9,308.2,1596,20.1,221,1,0,0,1,0,0,Failure Risk,Power Failure
4625,H14624,H,298.5,308.2,1459,49.8,47,0,0,0,0,0,0,Healthy,None
4626,M14625,M,301.3,313.6,1571,28.9,90,0,0,0,0,0,0,Healthy,None
4627,L14626,L,297.9,308.4,1729,31.0,87,0,0,0,0,0,0,Healthy,None
4628,M14627,M,302.7,312.2,1967,46.9,66,1,0,0,1,0,0,Failure Risk,Power Failure
4629,M14628,M,301.5,312.3,1564,49.2,221,0,0,0,0,0,0,Healthy,None
4630,M14629,M,300.0,309.4,1597,34.0,34,0,0,0,0,0,0,Healthy,None
4631,L14630,L,300.0,308.4,1390,46.4,96,0,0,0,0,0,0,Healthy,None
4632,L14631,L,298.9,310.3,1448,45.6,36,0,0,0,0,0,0,Healthy,None
4633,H14632,H,300.5,309.4,1513,36.9,167,0,0,0,0,0,0,Healthy,None
4634,H14633,H,302.2,314.7,1748,41.5,240,1,1,0,0,0,0,Failure Risk,Tool Wear Failure
4635,L14634,L,298.6,308.1,1684,60.6,15,1,0,0,1,0,0,Failure Risk,Power Failure
4636,H14635,H,296.9,309.0,1883,37.2,175,0,0,0,0,0,0,Healthy,None
4637,L14636,L,301.4,310.0,1271,37.6,17,0,0,0,0,0,0,Healthy,None
4638,M14637,M,300.6,311.6,1301,41.5,145,0,0,0,0,0,0,Healthy,None
4639,M14638,M,297.8,308.3,1735,38.2,141,0,0,0,0,0,0,Healthy,None
4640,H14639,H,298.5,309.3,1797,47.8,223,0,0,0,0,0,0,Healthy,None
4641,H14640,H,298.3,309.3,1543,54.5,126,0,0,0,0,0,0,Healthy,None
4642,L14641,L,298.6,308.1,1168,37.6,75,0,0,0,0,0,0,Healthy,None
4643,H14642,H,299.4,308.1,1404,31.5,41,0,0,0,0,0,0,Healthy,None
4644,L14643,L,299.5,309.4,1598,59.6,1,1,0,0,1,0,0,Failure Risk,Power Failure
4645,M14644,M,298.7,308.9,1377,41.2,52,0,0,0,0,0,0,Healthy,None
4646,M14645,M,298.5,308.0,1571,23.1,217,1,1,0,0,0,0,Failure Risk,Tool Wear Failure
4647,M14646,M,299.5,309.8,1877,58.4,214,1,1,0,1,1,0,Failure Risk,"Tool Wear Failure, Power Failure, Overstrain Failure"
4648,L14647,L,300.3,310.6,1793,51.1,59,1,0,0,1,0,0,Failure Risk,Power Failure
4649,H14648,H,299.4,308.5,1682,55.9,34,1,0,0,1,0,0,Failure Risk,Power Failure
4650,L14649,L,302.3,312.7,1526,54.2,191,0,0,0,0,0,0,Healthy,None
4651,L14650,L,301.0,310.7,1449,66.2,160,1,0,0,1,0,0,Failure Risk,Power Failure
4652,M14651,M,296.8,306.1,1673,29.7,40,0,0,0,0,0,0,Healthy,None
4653,L14652,L,301.0,311.8,1542,32.1,190,0,0,0,0,0,0,Healthy,None
4654,H14653,H,301.2,310.4,1548,35.1,88,0,0,0,0,0,0,Healthy,None
4655,L14654,L,299.1,308.6,1260,34.8,3,0,0,0,0,0,0,Healthy,None
4656,L14655,L,297.0,307.1,1410,41.2,20,0,0,0,0,0,0,Healthy,None
4657,H14656,H,300.0,311.4,1672,35.2,111,0,0,0,0,0,0,Healthy,None
4658,M14657,M,300.0,310.2,1340,28.2,131,0,0,0,0,0,0,Healthy,None
4659,L14658,L,297.8,308.3,1585,31.3,94,0,0,0,0,0,0,Healthy,None
4660,M14659,M,297.1,306.8,1611,37.1,55,0,0,0,0,0,0,Healthy,None
4661,M14660,M,299.8,309.7,1622,51.3,240,1,1,0,0,1,0,Failure Risk,"Tool Wear Failure, Overstrain Failure"
4662,M14661,M,299.5,309.5,1638,34.3,206,1,1,0,0,0,0,Failure Risk,Tool Wear Failure
4663,L14662,L,299.2,309.5,1650,48.0,3,0,0,0,0,0,0,Healthy,None
4664,H14663,H,299.8,309.5,1426,26.9,131,0,0,0,0,0,0,Healthy,None
4665,H14664,H,297.8,309.1,1275,8.3,235,1,1,0,1,0,0,Failure Risk,"Tool Wear Failure, Power Failure"
4666,M14665,M,299.1,308.7,1381,38.7,2,0,0,0,0,0,0,Healthy,None
4667,L14666,L,301.1,309.4,1668,34.0,243,0,0,0,0,0,0,Healthy,None
4668,H14667,H,299.3,312.0,1323,31.3,54,0,0,0,0,0,0,Healthy,None
4669,M14668,M,296.7,306.4,1351,30.1,196,0,0,0,0,0,0,Healthy,None
4670,M14669,M,299.1,310.4,1350,33.0,82,0,0,0,0,0,0,Healthy,None
4671,L14670,L,297.9,309.3,1207,30.2,101,0,0,0,0,0,0,Healthy,None
4672,H14671,H,300.5,311.4,1332,31.1,31,0,0,0,0,0,0,Healthy,None
4673,M14672,M,300.6,310.4,1717,26.5,123,0,0,0,0,0,0,Healthy,None
4674,L14673,L,296.7,307.0,1409,18.9,57,1,0,0,1,0,0,Failure Risk,Power Failure
4675,L14674,L,301.5,310.2,1224,18.1,200,1,0,0,1,0,0,Failure Risk,Power Failure
4676,H14675,H,297.8,309.8,1446,64.4,194,1,0,0,1,0,0,Failure Risk,Power Failure
4677,L14676,L,303.1,312.2,1629,39.4,161,0,0,0,0,0,0,Healthy,None
4678,H14677,H,299.9,309.6,1210,55.1,190,0,0,0,0,0,0,Healthy,None
4679,M14678,M,297.5,307.6,1708,38.2,216,0,0,0,0,0,0,Healthy,None
4680,M14679,M,297.7,307.6,1280,38.6,244,1,1,0,0,0,0,Failure Risk,Tool Wear Failure
4681,L14680,L,300.7,310.0,1467,43.0,9,0,0,0,0,0,0,Healthy,None
4682,L14681,L,299.2,310.6,1464,46.3,31,0,0,0,0,0,0,Healthy,None
4683,H14682,H,299.8,310.8,1437,27.7,4,0,0,0,0,0,0,Healthy,None
4684,L14683,L,303.2,313.5,1526,36.2,156,0,0,0,0,0,0,Healthy,None
4685,M14684,M,298.6,308.2,1677,43.0,134,0,0,0,0,0,0,Healthy,None
4686,L14685,L,300.1,311.2,1530,20.9,142,1,0,0,1,0,0,Failure Risk,Power Failure
4687,L14686,L,302.8,312.3,1429,52.8,1,0,0,0,0,0,0,Healthy,None
4688,L14687,L,300.5,312.1,1619,50.5,9,0,0,0,0,0,0,Healthy,None
4689,M14688,M,296.8,306.9,1575,19.2,138,1,0,0,1,0,0,Failure Risk,Power Failure
4690,H14689,H,301.0,312.2,1418,31.3,52,0,0,0,0,0,0,Healthy,None
4691,L14690,L,297.7,307.6,1545,41.0,55,0,0,0,0,0,0,Healthy,None
4692,L14691,L,302.8,312.9,1403,48.3,39,0,0,0,0,0,0,Healthy,None
4693,L14692,L,298.4,309.6,1383,55.1,185,0,0,0,0,0,0,Healthy,None
4694,M14693,M,305.9,318.1,1682,33.7,246,0,0,0,0,0,0,Healthy,None
4695,L14694,L,302.9,314.5,1618,63.1,212,1,0,0,1,1,0,Failure Risk,"Power Failure, Overstrain Failure"
4696,H14695,H,298.4,309.3,1675,39.5,75,0,0,0,0,0,0,Healthy,None
4697,M14696,M,300.0,310.6,1651,37.8,195,0,0,0,0,0,0,Healthy,None
4698,M14697,M,301.5,311.0,1379,45.6,91,0,0,0,0,0,0,Healthy,None
4699,L14698,L,301.6,311.9,1717,43.1,220,0,0,0,0,0,0,Healthy,None
4700,H14699,H,300.9,310.0,1484,42.5,204,0,0,0,0,0,0,Healthy,None
4701,L14700,L,302.5,312.9,1704,59.8,113,1,0,0,1,0,0,Failure Risk,Power Failure
4702,L14701,L,299.8,310.2,1515,42.4,81,0,0,0,0,0,0,Healthy,None
4703,M14702,M,299.3,307.3,1594,30.3,154,0,0,0,0,0,0,Healthy,None
4704,M14703,M,299.3,309.3,1599,31.7,130,0,0,0,0,0,0,Healthy,None
4705,L14704,L,301.7,312.1,1683,54.6,226,1,0,0,1,1,0,Failure Risk,"Power Failure, Overstrain Failure"
4706,L14705,L,300.7,310.6,1245,46.8,166,0,0,0,0,0,0,Healthy,None
4707,M14706,M,300.6,311.0,1255,24.6,21,1,0,0,1,0,0,Failure Risk,Power Failure
4708,L14707,L,301.6,310.3,1658,24.1,208,0,0,0,0,0,0,Healthy,None
4709,H14708,H,295.9,305.1,1601,40.2,219,0,0,0,0,0,0,Healthy,None
4710,M14709,M,300.6,311.6,1399,46.1,188,0,0,0,0,0,0,Healthy,None
4711,L14710,L,300.4,310.4,1603,33.3,165,0,0,0,0,0,0,Healthy,None
4712,L14711,L,303.3,313.6,1285,23.4,15,1,0,0,1,0,0,Failure Risk,Power Failure
4713,L14712,L,296.9,306.4,2122,28.9,123,0,0,0,0,0,0,Healthy,None
4714,M14713,M,303.1,313.1,1772,56.3,68,1,0,0,1,0,0,Failure Risk,Power Failure
4715,M14714,M,300.2,307.9,1649,44.9,127,0,0,0,0,0,0,Healthy,None
4716,L14715,L,301.0,311.8,1551,49.9,85,0,0,0,0,0,0,Healthy,None
4717,M14716,M,303.4,315.2,1427,51.5,247,1,0,0,0,1,0,Failure Risk,Overstrain Failure
4718,H14717,H,301.1,310.0,1303,33.8,16,0,0,0,0,0,0,Healthy,None
4719,L14718,L,300.8,309.9,1517,36.3,188,0,0,0,0,0,0,Healthy,None
4720,H14719,H,300.5,310.9,1384,38.3,74,0,0,0,0,0,0,Healthy,None
4721,L14720,L,299.0,310.5,1394,44.1,213,0,0,0,0,0,0,Healthy,None
4722,L14721,L,299.9,309.9,1284,50.8,171,0,0,0,0,0,0,Healthy,None
4723,L14722,L,298.6,307.4,1582,58.5,43,1,0,0,1,0,0,Failure Risk,Power Failure
4724,L14723,L,299.9,309.7,1470,48.1,227,0,0,0,0,0,0,Healthy,None
4725,L14724,L,295.3,304.3,1633,48.1,40,0,0,0,0,0,0,Healthy,None
4726,L14725,L,300.9,310.2,1619,59.1,237,1,1,0,1,1,0,Failure Risk,"Tool Wear Failure, Power Failure, Overstrain Failure"
4727,H14726,H,299.8,309.5,1579,38.0,235,1,1,0,0,0,0,Failure Risk,Tool Wear Failure
4728,H14727,H,299.3,308.4,2014,51.8,233,1,0,0,1,0,0,Failure Risk,Power Failure
4729,M14728,M,300.4,309.6,1685,45.7,103,0,0,0,0,0,0,Healthy,None
4730,L14729,L,297.1,307.2,1312,46.1,182,0,0,0,0,0,0,Healthy,None
4731,L14730,L,303.9,314.1,1620,37.9,2,0,0,0,0,0,0,Healthy,None
4732,L14731,L,299.8,308.4,1528,26.2,90,0,0,0,0,0,0,Healthy,None
4733,M14732,M,299.7,310.1,1297,43.4,108,0,0,0,0,0,0,Healthy,None
4734,H14733,H,298.1,307.7,1283,43.5,239,0,0,0,0,0,0,Healthy,None
4735,L14734,L,300.0,310.7,1619,34.3,248,0,0,0,0,0,0,Healthy,None
4736,L14735,L,302.8,313.6,1662,39.0,12,0,0,0,0,0,0,Healthy,None
4737,M14736,M,302.1,311.6,1350,31.3,204,0,0,0,0,0,0,Healthy,None
4738,L14737,L,301.7,312.3,1711,31.4,178,0,0,0,0,0,0,Healthy,None
4739,L14738,L,301.1,310.3,1588,35.2,181,0,0,0,0,0,0,Healthy,None
4740,M14739,M,299.3,310.6,1752,26.8,221,0,0,0,0,0,0,Healthy,None
4741,M14740,M,297.1,306.3,1733,34.2,145,0,0,0,0,0,0,Healthy,None
4742,L14741,L,299.6,310.0,1509,47.1,39,0,0,0,0,0,0,Healthy,None
4743,L14742,L,299.5,309.3,1830,54.4,96,1,0,0,1,0,0,Failure Risk,Power Failure
4744,H14743,H,302.1,311.1,1336,60.5,208,0,0,0,0,0,0,Healthy,None
4745,L14744,L,300.6,311.5,1965,36.0,119,0,0,0,0,0,0,Healthy,None
4746,L14745,L,303.2,312.6,1380,51.9,232,1,0,0,0,1,0,Failure Risk,Overstrain Failure
4747,L14746,L,302.4,310.7,1529,43.3,137,0,0,0,0,0,0,Healthy,None
4748,L14747,L,299.1,306.2,1436,37.7,168,0,0,0,0,0,0,Healthy,None
4749,L14748,L,296.4,305.5,1470,44.0,43,0,0,0,0,0,0,Healthy,None
4750,H14749,H,302.8,314.2,2061,50.9,215,1,0,0,1,0,0,Failure Risk,Power Failure
4751,L14750,L,302.7,314.0,1455,35.1,233,1,1,0,0,0,0,Failure Risk,Tool Wear Failure
4752,L14751,L,297.3,306.6,1690,34.8,92,0,0,0,0,0,0,Healthy,None
4753,M14752,M,303.0,312.6,1495,35.9,135,0,0,0,0,0,0,Healthy,None
4754,M14753,M,300.8,310.3,1705,33.8,163,0,0,0,0,0,0,Healthy,None
4755,H14754,H,300.3,309.0,1440,51.9,183,0,0,0,0,0,0,Healthy,None
4756,H14755,H,303.2,312.3,1583,32.4,141,0,0,0,0,0,0,Healthy,None
4757,L14756,L,302.7,313.7,1650,34.2,28,0,0,0,0,0,0,Healthy,None
4758,M14757,M,301.3,311.8,1408,43.1,134,0,0,0,0,0,0,Healthy,None
4759,L14758,L,300.9,311.2,2031,42.3,216,0,0,0,0,0,0,Healthy,None
4760,H14759,H,301.2,309.9,1659,35.9,169,0,0,0,0,0,0,Healthy,None
4761,L14760,L,299.2,309.3,1497,56.7,29,0,0,0,0,0,0,Healthy,None
4762,H14761,H,299.9,307.6,1413,33.8,247,0,0,0,0,0,0,Healthy,None
4763,M14762,M,298.2,309.0,1554,38.3,219,1,1,0,0,0,0,Failure Risk,Tool Wear Failure
4764,L14763,L,299.3,309.6,1320,20.9,201,1,0,0,1,0,0,Failure Risk,Power Failure
4765,M14764,M,299.3,308.0,1857,37.0,238,0,0,0,0,0,0,Healthy,None
4766,H14765,H,298.7,310.3,1615,26.9,46,0,0,0,0,0,0,Healthy,None
4767,H14766,H,300.3,308.5,1522,30.9,161,0,0,0,0,0,0,Healthy,None
4768,L14767,L,299.4,309.9,1725,20.6,119,0,0,0,0,0,0,Healthy,None
4769,M14768,M,301.0,311.6,1408,31.2,189,0,0,0,0,0,0,Healthy,None
4770,L14769,L,296.8,305.6,1331,39.3,143,0,0,0,0,0,0,Healthy,None
4771,L14770,L,299.8,309.8,1514,37.6,247,0,0,0,0,0,0,Healthy,None
4772,L14771,L,300.3,308.7,1560,35.9,73,0,0,0,0,0,0,Healthy,None
4773,L14772,L,299.4,306.6,1632,36.8,28,0,0,0,0,0,0,Healthy,None
4774,H14773,H,299.7,308.6,1273,35.0,249,1,1,0,0,0,0,Failure Risk,Tool Wear Failure
4775,L14774,L,296.8,306.2,1456,39.7,120,0,0,0,0,0,0,Healthy,None
4776,H14775,H,300.7,311.3,1168,38.9,14,0,0,0,0,0,0,Healthy,None
4777,L14776,L,301.3,311.4,1326,42.7,219,0,0,0,0,0,0,Healthy,None
4778,L14777,L,301.0,311.1,1666,38.0,50,0,0,0,0,0,0,Healthy,None
4779,L14778,L,302.1,311.1,1710,35.7,55,0,0,0,0,0,0,Healthy,None
4780,L14779,L,300.4,309.9,1333,47.7,215,1,1,0,0,0,0,Failure Risk,Tool Wear Failure
4781,L14780,L,301.0,310.1,1479,46.0,169,0,0,0,0,0,0,Healthy,None
4782,L14781,L,300.3,309.1,1542,39.7,147,0,0,0,0,0,0,Healthy,None
4783,M14782,M,301.4,310.8,1730,51.8,174,1,0,0,1,0,0,Failure Risk,Power Failure
4784,L14783,L,296.8,306.9,1811,40.8,63,0,0,0,0,0,0,Healthy,None
4785,L14784,L,298.2,307.6,1565,38.4,116,0,0,0,0,0,0,Healthy,None
4786,L14785,L,303.2,312.9,1491,39.3,92,0,0,0,0,0,0,Healthy,None
4787,H14786,H,295.1,305.8,1279,41.6,1,0,0,0,0,0,0,Healthy,None
4788,H14787,H,299.7,309.2,1557,30.9,109,0,0,0,0,0,0,Healthy,None
4789,L14788,L,302.3,311.0,1909,21.5,31,0,0,0,0,0,0,Healthy,None
4790,L14789,L,299.8,310.4,1768,42.8,110,0,0,0,0,0,0,Healthy,None
4791,L14790,L,299.2,309.5,1569,48.3,53,0,0,0,0,0,0,Healthy,None
4792,H14791,H,300.3,310.6,1592,30.1,41,0,0,0,0,0,0,Healthy,None
4793,L14792,L,299.3,309.9,1414,50.6,157,0,0,0,0,0,0,Healthy,None
4794,L14793,L,300.1,310.6,1474,23.7,8,0,0,0,0,0,0,Healthy,None
4795,L14794,L,298.6,308.6,1564,34.5,18,0,0,0,0,0,0,Healthy,None
4796,L14795,L,302.2,314.6,1564,56.9,133,1,0,0,1,0,0,Failure Risk,Power Failure
4797,L14796,L,302.8,311.5,1718,43.5,199,0,0,0,0,0,0,Healthy,None
4798,M14797,M,299.7,309.1,1710,37.0,97,0,0,0,0,0,0,Healthy,None
4799,L14798,L,297.2,308.2,1631,42.5,185,0,0,0,0,0,0,Healthy,None
4800,M14799,M,299.0,309.1,1359,51.8,0,0,0,0,0,0,0,Healthy,None
4801,L14800,L,299.6,310.4,1365,25.7,140,0,0,0,0,0,0,Healthy,None
4802,L14801,L,301.0,311.2,1379,53.0,5,0,0,0,0,0,0,Healthy,None
4803,H14802,H,298.0,309.4,1580,35.1,98,0,0,0,0,0,0,Healthy,None
4804,L14803,L,298.5,307.5,1175,47.0,156,0,0,0,0,0,0,Healthy,None
4805,H14804,H,301.0,312.3,1536,33.9,193,0,0,0,0,0,0,Healthy,None
4806,M14805,M,301.9,313.1,1790,56.7,250,1,1,0,1,1,0,Failure Risk,"Tool Wear Failure, Power Failure, Overstrain Failure"
4807,L14806,L,298.8,307.6,1657,39.7,73,0,0,0,0,0,0,Healthy,None
4808,H14807,H,297.3,307.9,1475,26.8,30,0,0,0,0,0,0,Healthy,None
4809,L14808,L,306.6,316.6,1413,44.7,71,0,0,0,0,0,0,Healthy,None
4810,H14809,H,301.6,311.0,1682,52.9,168,1,0,0,1,0,0,Failure Risk,Power Failure
4811,L14810,L,299.5,307.6,1592,51.8,127,0,0,0,0,0,0,Healthy,None
4812,H14811,H,301.7,310.7,1493,40.9,38,0,0,0,0,0,0,Healthy,None
4813,L14812,L,299.8,310.5,1432,48.0,56,0,0,0,0,0,0,Healthy,None
4814,M14813,M,301.7,312.5,1551,35.8,124,0,0,0,0,0,0,Healthy,None
4815,M14814,M,300.3,310.1,1483,45.9,155,0,0,0,0,0,0,Healthy,None
4816,H14815,H,300.2,311.0,1678,43.6,30,0,0,0,0,0,0,Healthy,None
4817,H14816,H,299.8,310.7,1760,11.3,12,1,0,0,1,0,0,Failure Risk,Power Failure
4818,H14817,H,297.1,307.3,1293,30.1,70,0,0,0,0,0,0,Healthy,None
4819,H14818,H,303.9,313.2,1318,42.1,50,0,0,0,0,0,0,Healthy,None
4820,L14819,L,298.1,308.5,1779,41.6,64,0,0,0,0,0,0,Healthy,None
4821,L14820,L,297.3,307.8,1567,39.7,44,0,0,0,0,0,0,Healthy,None
4822,L14821,L,299.6,310.3,1335,40.9,112,0,0,0,0,0,0,Healthy,None
4823,L14822,L,298.1,309.0,1714,52.0,235,1,0,0,1,1,0,Failure Risk,"Power Failure, Overstrain Failure"
4824,L14823,L,299.9,308.5,1599,43.5,52,0,0,0,0,0,0,Healthy,None
4825,M14824,M,301.4,310.9,1932,16.9,184,1,0,0,1,0,0,Failure Risk,Power Failure
4826,L14825,L,302.0,310.1,1495,59.3,25,1,0,0,1,0,0,Failure Risk,Power Failure
4827,M14826,M,301.6,312.3,1736,21.1,109,1,0,0,0,0,1,Failure Risk,Random Failure
4828,L14827,L,299.4,309.2,1278,49.5,143,0,0,0,0,0,0,Healthy,None
4829,L14828,L,300.1,310.5,1787,24.5,11,0,0,0,0,0,0,Healthy,None
4830,M14829,M,300.8,309.3,1707,54.1,245,1,0,0,1,1,0,Failure Risk,"Power Failure, Overstrain Failure"
4831,M14830,M,296.5,307.9,1825,37.2,15,0,0,0,0,0,0,Healthy,None
4832,M14831,M,301.1,309.9,1736,43.8,225,0,0,0,0,0,0,Healthy,None
4833,M14832,M,297.1,307.9,1520,20.3,181,1,0,0,1,0,0,Failure Risk,Power Failure
4834,L14833,L,304.1,314.2,1328,47.2,90,0,0,0,0,0,0,Healthy,None
4835,M14834,M,299.2,309.0,1430,44.1,51,0,0,0,0,0,0,Healthy,None
4836,L14835,L,299.6,309.3,1222,46.1,216,0,0,0,0,0,0,Healthy,None
4837,L14836,L,298.5,307.9,1373,49.4,249,1,0,0,0,1,0,Failure Risk,Overstrain Failure
4838,L14837,L,298.7,310.0,1614,41.8,82,0,0,0,0,0,0,Healthy,None
4839,L14838,L,304.5,314.5,1529,37.9,198,0,0,0,0,0,0,Healthy,None
4840,L14839,L,301.9,310.6,1497,32.0,249,1,1,0,0,0,0,Failure Risk,Tool Wear Failure
4841,H14840,H,296.9,306.5,1396,35.6,75,0,0,0,0,0,0,Healthy,None
4842,H14841,H,303.0,313.1,1220,51.9,109,0,0,0,0,0,0,Healthy,None
4843,L14842,L,302.4,313.3,1570,31.7,151,0,0,0,0,0,0,Healthy,None
4844,L14843,L,299.4,308.8,1605,21.8,113,0,0,0,0,0,0,Healthy,None
4845,L14844,L,300.6,310.1,1360,30.2,57,0,0,0,0,0,0,Healthy,None
4846,L14845,L,300.0,310.0,1442,46.0,166,0,0,0,0,0,0,Healthy,None
4847,H14846,H,303.9,314.8,1814,37.0,196,0,0,0,0,0,0,Healthy,None
4848,L14847,L,298.4,307.0,1745,46.0,0,0,0,0,0,0,0,Healthy,None
4849,M14848,M,300.3,310.8,1272,20.2,198,1,0,0,1,0,0,Failure Risk,Power Failure
4850,L14849,L,299.1,308.6,1522,10.5,239,1,0,0,1,0,0,Failure Risk,Power Failure
4851,H14850,H,297.1,306.8,1798,42.6,89,0,0,0,0,0,0,Healthy,None
4852,L14851,L,304.4,316.4,1499,49.9,87,0,0,0,0,0,0,Healthy,None
4853,M14852,M,297.6,307.4,1489,23.1,188,0,0,0,0,0,0,Healthy,None
4854,L14853,L,300.4,311.2,1733,45.2,47,0,0,0,0,0,0,Healthy,None
4855,M14854,M,296.5,307.2,1714,51.8,61,1,0,0,1,0,0,Failure Risk,Power Failure
4856,L14855,L,299.2,308.0,1705,40.0,208,0,0,0,0,0,0,Healthy,None
4857,L14856,L,300.8,309.0,1491,48.9,131,0,0,0,0,0,0,Healthy,None
4858,H14857,H,298.4,309.2,1656,41.9,207,0,0,0,0,0,0,Healthy,None
4859,H14858,H,301.2,310.1,1805,37.4,227,1,1,0,0,0,0,Failure Risk,Tool Wear Failure
4860,H14859,H,299.5,307.8,1529,48.1,68,0,0,0,0,0,0,Healthy,None
4861,M14860,M,302.3,313.3,1465,58.9,68,1,0,0,1,0,0,Failure Risk,Power Failure
4862,H14861,H,302.7,311.7,1758,34.5,51,0,0,0,0,0,0,Healthy,None
4863,L14862,L,298.8,308.0,1904,39.1,106,0,0,0,0,0,0,Healthy,None
4864,L14863,L,300.2,312.2,1916,30.2,45,0,0,0,0,0,0,Healthy,None
4865,L14864,L,300.4,308.7,1470,41.5,144,0,0,0,0,0,0,Healthy,None
4866,M14865,M,301.2,309.9,1488,38.5,232,0,0,0,0,0,0,Healthy,None
4867,L14866,L,300.0,309.5,1353,51.5,84,0,0,0,0,0,0,Healthy,None
4868,L14867,L,300.4,310.2,1559,54.1,29,0,0,0,0,0,0,Healthy,None
4869,M14868,M,299.5,308.6,1345,47.8,176,0,0,0,0,0,0,Healthy,None
4870,H14869,H,300.2,309.0,1443,50.4,178,0,0,0,0,0,0,Healthy,None
4871,L14870,L,302.6,314.1,1663,33.0,32,0,0,0,0,0,0,Healthy,None
4872,L14871,L,301.3,311.6,1607,30.5,108,0,0,0,0,0,0,Healthy,None
4873,L14872,L,301.4,312.0,1213,44.3,214,0,0,0,0,0,0,Healthy,None
4874,L14873,L,301.4,311.3,1819,40.2,57,0,0,0,0,0,0,Healthy,None
4875,L14874,L,299.7,310.0,1343,59.8,105,0,0,0,0,0,0,Healthy,None
4876,M14875,M,300.6,311.5,1365,21.0,92,1,0,0,1,0,0,Failure Risk,Power Failure
4877,M14876,M,297.8,306.8,1316,46.1,233,1,1,0,0,0,0,Failure Risk,Tool Wear Failure
4878,M14877,M,302.5,312.8,1419,46.0,166,0,0,0,0,0,0,Healthy,None
4879,L14878,L,294.4,305.1,1377,32.5,229,1,1,0,0,0,0,Failure Risk,Tool Wear Failure
4880,H14879,H,299.8,311.3,1381,30.4,248,0,0,0,0,0,0,Healthy,None
4881,L14880,L,302.3,314.2,1168,36.6,198,0,0,0,0,0,0,Healthy,None
4882,L14881,L,297.3,307.4,1561,23.7,36,0,0,0,0,0,0,Healthy,None
4883,H14882,H,300.8,311.9,1579,54.4,198,0,0,0,0,0,0,Healthy,None
4884,L14883,L,298.6,305.9,1939,66.7,14,1,0,0,1,0,0,Failure Risk,Power Failure
4885,L14884,L,299.3,310.9,1625,36.6,188,0,0,0,0,0,0,Healthy,None
4886,H14885,H,301.9,311.2,1449,33.7,92,0,0,0,0,0,0,Healthy,None
4887,L14886,L,300.4,310.2,1323,27.0,9,0,0,0,0,0,0,Healthy,None
4888,M14887,M,295.9,306.3,1520,29.1,19,0,0,0,0,0,0,Healthy,None
4889,L14888,L,298.0,307.8,1618,34.2,121,0,0,0,0,0,0,Healthy,None
4890,M14889,M,302.0,312.2,1447,52.0,236,1,0,0,0,1,0,Failure Risk,Overstrain Failure
4891,L14890,L,300.9,312.5,1548,71.6,136,1,0,0,1,0,0,Failure Risk,Power Failure
4892,L14891,L,303.5,313.1,1877,32.8,197,0,0,0,0,0,0,Healthy,None
4893,M14892,M,303.4,312.3,1469,31.1,19,0,0,0,0,0,0,Healthy,None
4894,L14893,L,299.3,311.1,1200,28.4,63,0,0,0,0,0,0,Healthy,None
4895,L14894,L,305.0,315.5,1694,44.5,84,0,0,0,0,0,0,Healthy,None
4896,L14895,L,300.0,311.9,1594,43.4,119,0,0,0,0,0,0,Healthy,None
4897,L14896,L,298.1,309.0,1232,41.0,134,0,0,0,0,0,0,Healthy,None
4898,L14897,L,298.7,307.4,1614,35.6,101,0,0,0,0,0,0,Healthy,None
4899,L14898,L,295.5,306.1,1359,53.5,63,0,0,0,0,0,0,Healthy,None
4900,H14899,H,303.2,312.2,1616,47.6,47,0,0,0,0,0,0,Healthy,None
4901,L14900,L,303.2,313.2,1879,47.1,225,1,1,0,1,0,0,Failure Risk,"Tool Wear Failure, Power Failure"
4902,L14901,L,298.0,307.9,1506,43.7,46,0,0,0,0,0,0,Healthy,None
4903,L14902,L,299.5,307.9,1731,38.1,191,0,0,0,0,0,0,Healthy,None
4904,L14903,L,300.2,309.4,1318,32.9,66,0,0,0,0,0,0,Healthy,None
4905,H14904,H,298.1,310.3,1266,45.1,172,0,0,0,0,0,0,Healthy,None
4906,L14905,L,296.5,306.7,1899,44.2,16,0,0,0,0,0,0,Healthy,None
4907,H14906,H,299.6,309.4,1593,45.6,178,0,0,0,0,0,0,Healthy,None
4908,L14907,L,299.4,311.2,1651,24.5,170,0,0,0,0,0,0,Healthy,None
4909,M14908,M,299.2,308.8,1744,43.4,193,0,0,0,0,0,0,Healthy,None
4910,M14909,M,300.4,310.3,1443,36.9,105,0,0,0,0,0,0,Healthy,None
4911,H14910,H,302.9,313.9,1685,31.3,125,0,0,0,0,0,0,Healthy,None
4912,M14911,M,299.4,309.0,1658,47.2,203,0,0,0,0,0,0,Healthy,None
4913,M14912,M,300.3,309.6,1306,41.8,140,0,0,0,0,0,0,Healthy,None
4914,L14913,L,301.5,309.2,1808,63.3,229,1,0,0,1,1,0,Failure Risk,"Power Failure, Overstrain Failure"
4915,L14914,L,301.1,310.2,1771,44.8,227,0,0,0,0,0,0,Healthy,None
4916,H14915,H,298.8,307.9,1308,37.1,75,0,0,0,0,0,0,Healthy,None
4917,L14916,L,300.2,310.4,1573,38.9,26,0,0,0,0,0,0,Healthy,None
4918,L14917,L,301.1,310.5,1496,28.4,89,0,0,0,0,0,0,Healthy,None
4919,M14918,M,297.7,309.9,1791,52.2,46,1,0,0,1,0,0,Failure Risk,Power Failure
4920,L14919,L,302.5,311.4,1285,43.1,114,0,0,0,0,0,0,Healthy,None
4921,H14920,H,302.9,314.3,2182,43.3,39,1,0,0,1,0,0,Failure Risk,Power Failure
4922,M14921,M,298.6,308.8,1506,29.5,68,0,0,0,0,0,0,Healthy,None
4923,M14922,M,300.4,311.2,1670,47.7,159,0,0,0,0,0,0,Healthy,None
4924,H14923,H,301.3,312.0,1786,30.7,99,0,0,0,0,0,0,Healthy,None
4925,L14924,L,298.9,306.7,1502,34.5,251,0,0,0,0,0,0,Healthy,None
4926,L14925,L,301.0,311.0,1517,41.2,44,0,0,0,0,0,0,Healthy,None
4927,L14926,L,300.3,310.0,1447,34.2,101,0,0,0,0,0,0,Healthy,None
4928,L14927,L,297.1,306.0,1379,32.2,243,0,0,0,0,0,0,Healthy,None
4929,M14928,M,300.9,311.4,1586,39.5,79,0,0,0,0,0,0,Healthy,None
4930,H14929,H,297.8,309.5,1513,50.0,73,0,0,0,0,0,0,Healthy,None
4931,L14930,L,301.9,309.2,1446,48.9,249,1,0,0,0,1,0,Failure Risk,Overstrain Failure
4932,L14931,L,298.7,308.2,1457,47.0,123,0,0,0,0,0,0,Healthy,None
4933,H14932,H,299.7,308.5,1641,44.8,36,0,0,0,0,0,0,Healthy,None
4934,L14933,L,302.7,312.8,1395,35.3,142,0,0,0,0,0,0,Healthy,None
4935,L14934,L,301.0,310.7,1493,51.1,74,0,0,0,0,0,0,Healthy,None
4936,L14935,L,297.8,307.2,1698,22.8,243,0,0,0,0,0,0,Healthy,None
4937,H14936,H,298.0,308.7,1582,44.3,8,0,0,0,0,0,0,Healthy,None
4938,M14937,M,298.8,310.4,1350,48.3,81,0,0,0,0,0,0,Healthy,None
4939,M14938,M,300.8,313.5,1533,39.1,224,0,0,0,0,0,0,Healthy,None
4940,H14939,H,300.7,310.0,1616,32.8,54,0,0,0,0,0,0,Healthy,None
4941,L14940,L,298.3,306.5,1715,39.6,136,0,0,0,0,0,0,Healthy,None
4942,L14941,L,297.7,308.3,1402,32.5,63,0,0,0,0,0,0,Healthy,None
4943,H14942,H,300.6,312.2,1438,45.1,40,0,0,0,0,0,0,Healthy,None
4944,L14943,L,299.6,310.4,1413,49.4,14,0,0,0,0,0,0,Healthy,None
4945,M14944,M,304.3,315.9,1422,44.4,35,0,0,0,0,0,0,Healthy,None
4946,H14945,H,300.1,309.9,1610,43.8,163,0,0,0,0,0,0,Healthy,None
4947,M14946,M,303.6,313.0,1644,47.5,64,0,0,0,0,0,0,Healthy,None
4948,M14947,M,297.7,307.8,1726,48.7,155,0,0,0,0,0,0,Healthy,None
4949,H14948,H,296.9,306.6,1521,32.3,32,0,0,0,0,0,0,Healthy,None
4950,H14949,H,297.8,308.5,1286,24.8,64,1,0,0,1,0,0,Failure Risk,Power Failure
4951,L14950,L,302.4,313.4,1657,42.8,181,0,0,0,0,0,0,Healthy,None
4952,L14951,L,303.5,314.5,1566,49.2,122,0,0,0,0,0,0,Healthy,None
4953,L14952,L,298.4,308.9,1548,24.3,133,0,0,0,0,0,0,Healthy,None
4954,M14953,M,299.1,309.3,1308,40.7,126,0,0,0,0,0,0,Healthy,None
4955,L14954,L,297.7,308.5,1502,51.2,74,0,0,0,0,0,0,Healthy,None
4956,M14955,M,296.4,304.4,1324,38.8,175,1,0,1,0,0,0,Failure Risk,Heat Dissipation Failure
4957,L14956,L,301.4,311.6,1624,55.1,90,1,0,0,1,0,0,Failure Risk,Power Failure
4958,M14957,M,300.4,310.5,1461,53.2,196,0,0,0,0,0,0,Healthy,None
4959,L14958,L,300.0,310.2,1445,38.2,73,0,0,0,0,0,0,Healthy,None
4960,M14959,M,297.2,307.1,1262,36.4,155,0,0,0,0,0,0,Healthy,None
4961,M14960,M,303.3,313.7,1721,36.5,15,0,0,0,0,0,0,Healthy,None
4962,L14961,L,299.0,308.4,1491,41.3,106,0,0,0,0,0,0,Healthy,None
4963,L14962,L,301.1,312.2,1553,28.4,25,0,0,0,0,0,0,Healthy,None
4964,M14963,M,297.1,307.6,1406,26.6,177,0,0,0,0,0,0,Healthy,None
4965,L14964,L,299.6,309.8,1242,17.5,53,1,0,0,1,0,0,Failure Risk,Power Failure
4966,L14965,L,300.6,309.9,1442,39.8,91,0,0,0,0,0,0,Healthy,None
4967,H14966,H,300.7,311.5,1471,60.2,205,1,0,0,1,0,0,Failure Risk,Power Failure
4968,M14967,M,300.3,310.5,1590,20.3,140,1,0,0,1,0,0,Failure Risk,Power Failure
4969,H14968,H,301.0,310.2,1474,38.2,192,0,0,0,0,0,0,Healthy,None
4970,L14969,L,297.7,307.6,1409,37.9,34,0,0,0,0,0,0,Healthy,None
4971,L14970,L,300.4,311.0,1268,38.5,206,1,1,0,0,0,0,Failure Risk,Tool Wear Failure
4972,H14971,H,300.2,310.8,1546,52.4,28,0,0,0,0,0,0,Healthy,None
4973,M14972,M,300.5,311.0,1395,31.2,158,0,0,0,0,0,0,Healthy,None
4974,M14973,M,300.1,310.2,1774,20.7,11,0,0,0,0,0,0,Healthy,None
4975,L14974,L,297.5,308.5,1564,34.7,68,0,0,0,0,0,0,Healthy,None
4976,L14975,L,297.4,308.6,1638,33.4,239,0,0,0,0,0,0,Healthy,None
4977,L14976,L,295.6,306.3,1493,17.9,237,1,0,0,1,0,0,Failure Risk,Power Failure
4978,L14977,L,301.6,311.0,1574,42.4,31,0,0,0,0,0,0,Healthy,None
4979,L14978,L,301.7,310.6,1378,28.3,9,0,0,0,0,0,0,Healthy,None
4980,L14979,L,301.7,311.2,1327,39.2,132,0,0,0,0,0,0,Healthy,None
4981,H14980,H,300.6,312.6,1540,36.4,26,0,0,0,0,0,0,Healthy,None
4982,L14981,L,295.7,306.0,1640,29.4,166,0,0,0,0,0,0,Healthy,None
4983,M14982,M,297.9,310.0,1189,48.8,20,0,0,0,0,0,0,Healthy,None
4984,H14983,H,300.3,310.2,1448,37.2,15,0,0,0,0,0,0,Healthy,None
4985,M14984,M,300.3,310.0,1867,40.5,28,0,0,0,0,0,0,Healthy,None
4986,L14985,L,299.6,309.5,1623,45.8,249,1,0,0,0,1,0,Failure Risk,Overstrain Failure
4987,M14986,M,300.7,310.6,1813,42.9,206,0,0,0,0,0,0,Healthy,None
4988,M14987,M,300.0,309.2,1424,41.4,101,0,0,0,0,0,0,Healthy,None
4989,M14988,M,300.2,309.1,1456,31.8,124,0,0,0,0,0,0,Healthy,None
4990,M14989,M,298.7,309.2,1711,29.0,70,0,0,0,0,0,0,Healthy,None
4991,H14990,H,302.0,313.1,1649,41.6,209,0,0,0,0,0,0,Healthy,None
4992,M14991,M,299.1,311.5,1521,30.5,242,1,1,0,0,0,0,Failure Risk,Tool Wear Failure
4993,L14992,L,297.3,306.9,1312,47.9,82,0,0,0,0,0,0,Healthy,None
4994,M14993,M,298.5,308.1,1745,38.7,208,0,0,0,0,0,0,Healthy,None
4995,L14994,L,299.3,308.5,1987,46.4,13,1,0,0,1,0,0,Failure Risk,Power Failure
4996,H14995,H,302.0,313.1,1256,30.2,40,0,0,0,0,0,0,Healthy,None
4997,L14996,L,299.9,310.7,1789,28.7,111,0,0,0,0,0,0,Healthy,None
4998,L14997,L,299.6,308.7,1454,56.6,73,0,0,0,0,0,0,Healthy,None
4999,H14998,H,297.5,306.6,1478,38.5,216,0,0,0,0,0,0,Healthy,None
5000,M14999,M,301.6,312.6,1586,49.0,168,0,0,0,0,0,0,Healthy,None
5001,L15000,L,298.7,309.1,1322,26.0,171,0,0,0,0,0,0,Healthy,None
5002,L15001,L,299.8,310.6,1531,37.2,72,0,0,0,0,0,0,Healthy,None
5003,H15002,H,303.0,312.1,1249,52.9,15,0,0,0,0,0,0,Healthy,None
5004,L15003,L,301.0,309.1,1623,24.5,125,0,0,0,0,0,0,Healthy,None
5005,H15004,H,296.7,305.8,1937,62.5,111,1,0,0,1,0,0,Failure Risk,Power Failure
5006,L15005,L,296.5,307.2,1423,42.0,23,0,0,0,0,0,0,Healthy,None
5007,M15006,M,299.9,312.0,1507,31.9,20,0,0,0,0,0,0,Healthy,None
5008,H15007,H,297.6,307.2,1516,43.5,186,0,0,0,0,0,0,Healthy,None
5009,L15008,L,301.3,313.6,1714,51.0,248,1,0,0,1,1,0,Failure Risk,"Power Failure, Overstrain Failure"
5010,L15009,L,300.1,310.9,1610,31.8,118,0,0,0,0,0,0,Healthy,None
5011,L15010,L,300.3,308.9,1702,33.2,225,0,0,0,0,0,0,Healthy,None
5012,M15011,M,298.6,308.8,1447,42.5,166,0,0,0,0,0,0,Healthy,None
5013,M15012,M,303.5,314.4,1615,44.6,115,0,0,0,0,0,0,Healthy,None
5014,M15013,M,305.7,313.3,1168,38.0,70,1,0,1,0,0,0,Failure Risk,Heat Dissipation Failure
5015,L15014,L,299.4,310.0,1657,44.0,134,0,0,0,0,0,0,Healthy,None
5016,L15015,L,300.7,311.9,1320,48.5,155,0,0,0,0,0,0,Healthy,None
5017,L15016,L,300.2,310.6,1479,41.7,178,0,0,0,0,0,0,Healthy,None
5018,L15017,L,299.5,309.4,1671,33.2,162,0,0,0,0,0,0,Healthy,None
5019,M15018,M,298.3,308.1,1263,39.8,185,0,0,0,0,0,0,Healthy,None
5020,H15019,H,297.8,307.6,1733,57.4,9,1,0,0,1,0,0,Failure Risk,Power Failure
5021,M15020,M,297.7,306.5,1515,43.3,165,0,0,0,0,0,0,Healthy,None
5022,L15021,L,300.8,310.1,1798,52.3,31,1,0,0,1,0,0,Failure Risk,Power Failure
5023,H15022,H,299.0,308.6,1376,34.9,61,0,0,0,0,0,0,Healthy,None
5024,M15023,M,294.8,304.9,1213,42.6,97,0,0,0,0,0,0,Healthy,None
5025,H15024,H,300.9,310.3,1532,47.9,251,0,0,0,0,0,0,Healthy,None
5026,M15025,M,299.9,309.0,1643,54.8,87,1,0,0,1,0,0,Failure Risk,Power Failure
5027,L15026,L,302.7,313.5,1658,52.2,119,1,0,0,1,0,0,Failure Risk,Power Failure
5028,L15027,L,300.7,311.1,1334,28.9,115,0,0,0,0,0,0,Healthy,None
5029,M15028,M,297.0,306.5,1247,51.4,49,0,0,0,0,0,0,Healthy,None
5030,L15029,L,295.5,306.0,1482,56.7,40,0,0,0,0,0,0,Healthy,None
5031,L15030,L,298.6,308.1,1630,34.3,46,0,0,0,0,0,0,Healthy,None
5032,M15031,M,298.7,308.8,1621,31.1,237,0,0,0,0,0,0,Healthy,None
5033,M15032,M,301.9,312.9,1819,39.8,232,0,0,0,0,0,0,Healthy,None
5034,M15033,M,300.0,309.4,1471,41.8,1,0,0,0,0,0,0,Healthy,None
5035,L15034,L,302.3,311.1,1207,36.5,169,0,0,0,0,0,0,Healthy,None
5036,L15035,L,297.4,307.3,1752,28.3,3,0,0,0,0,0,0,Healthy,None
5037,M15036,M,301.9,310.5,1572,54.6,0,0,0,0,0,0,0,Healthy,None
5038,H15037,H,301.4,311.1,1588,31.5,149,0,0,0,0,0,0,Healthy,None
5039,M15038,M,296.0,305.7,1675,35.0,10,0,0,0,0,0,0,Healthy,None
5040,H15039,H,302.6,310.1,1764,41.1,111,0,0,0,0,0,0,Healthy,None
5041,M15040,M,300.2,310.7,1533,25.4,10,0,0,0,0,0,0,Healthy,None
5042,M15041,M,300.8,310.6,1748,24.7,108,0,0,0,0,0,0,Healthy,None
5043,L15042,L,298.3,309.5,1636,35.7,13,0,0,0,0,0,0,Healthy,None
5044,M15043,M,302.6,312.8,1420,48.2,90,0,0,0,0,0,0,Healthy,None
5045,M15044,M,297.6,308.3,1496,41.9,224,0,0,0,0,0,0,Healthy,None
5046,M15045,M,301.7,312.9,1648,19.6,219,1,0,0,1,0,0,Failure Risk,Power Failure
5047,L15046,L,301.6,311.5,1411,53.8,86,0,0,0,0,0,0,Healthy,None
5048,M15047,M,298.1,308.1,1696,47.9,248,0,0,0,0,0,0,Healthy,None
5049,L15048,L,304.0,312.4,1566,41.9,72,0,0,0,0,0,0,Healthy,None
5050,M15049,M,300.5,311.7,1606,41.6,58,0,0,0,0,0,0,Healthy,None
5051,L15050,L,301.3,311.2,1795,46.7,145,0,0,0,0,0,0,Healthy,None
5052,H15051,H,296.9,305.9,1601,63.0,60,1,0,0,1,0,0,Failure Risk,Power Failure
5053,L15052,L,304.2,314.9,1550,48.7,234,1,0,0,0,1,0,Failure Risk,Overstrain Failure
5054,L15053,L,297.6,305.4,1523,42.9,23,0,0,0,0,0,0,Healthy,None
5055,L15054,L,302.0,311.6,1513,27.9,26,0,0,0,0,0,0,Healthy,None
5056,M15055,M,298.0,308.9,1593,41.6,34,0,0,0,0,0,0,Healthy,None
5057,L15056,L,298.8,308.4,1782,47.7,244,1,1,0,0,1,0,Failure Risk,"Tool Wear Failure, Overstrain Failure"
5058,L15057,L,301.6,310.9,1428,38.9,195,0,0,0,0,0,0,Healthy,None
5059,M15058,M,302.1,311.7,1414,34.8,21,0,0,0,0,0,0,Healthy,None
5060,L15059,L,297.5,305.5,1768,45.5,10,0,0,0,0,0,0,Healthy,None
5061,H15060,H,302.2,312.9,1436,30.2,123,0,0,0,0,0,0,Healthy,None
5062,H15061,H,302.1,312.0,1576,48.6,123,0,0,0,0,0,0,Healthy,None
5063,M15062,M,298.1,307.8,1432,35.7,198,0,0,0,0,0,0,Healthy,None
5064,L15063,L,303.2,312.9,1237,19.0,104,1,0,0,1,0,0,Failure Risk,Power Failure
5065,M15064,M,297.1,307.1,1573,35.5,185,0,0,0,0,0,0,Healthy,None
5066,L15065,L,298.8,309.5,1737,39.4,228,0,0,0,0,0,0,Healthy,None
5067,L15066,L,301.0,310.9,1526,45.5,97,0,0,0,0,0,0,Healthy,None
5068,L15067,L,298.3,306.9,1272,44.3,75,1,0,1,0,0,0,Failure Risk,Heat Dissipation Failure
5069,H15068,H,300.5,311.1,1557,27.2,131,0,0,0,0,0,0,Healthy,None
5070,L15069,L,300.5,311.0,1402,41.2,236,0,0,0,0,0,0,Healthy,None
5071,M15070,M,299.6,309.8,1168,34.7,193,0,0,0,0,0,0,Healthy,None
5072,M15071,M,301.7,312.8,1523,36.4,110,0,0,0,0,0,0,Healthy,None
5073,L15072,L,299.5,309.5,1630,30.1,64,0,0,0,0,0,0,Healthy,None
5074,L15073,L,300.5,311.6,1748,39.5,145,0,0,0,0,0,0,Healthy,None
5075,H15074,H,302.3,313.7,1852,71.0,58,1,0,0,1,0,0,Failure Risk,Power Failure
5076,M15075,M,301.6,312.2,1654,58.4,22,1,0,0,1,0,0,Failure Risk,Power Failure
5077,M15076,M,301.6,310.9,1705,30.1,97,0,0,0,0,0,0,Healthy,None
5078,L15077,L,297.7,307.6,1308,40.7,3,0,0,0,0,0,0,Healthy,None
5079,L15078,L,301.0,312.2,1828,36.9,180,0,0,0,0,0,0,Healthy,None
5080,L15079,L,298.2,306.7,1764,41.4,242,0,0,0,0,0,0,Healthy,None
5081,L15080,L,297.4,307.0,1472,49.1,243,1,0,0,0,1,0,Failure Risk,Overstrain Failure
5082,L15081,L,299.9,309.6,1660,38.7,233,0,0,0,0,0,0,Healthy,None
5083,H15082,H,298.2,307.3,1642,32.9,108,0,0,0,0,0,0,Healthy,None
5084,L15083,L,301.6,312.5,1801,51.4,210,1,1,0,1,0,0,Failure Risk,"Tool Wear Failure, Power Failure"
5085,L15084,L,301.6,312.0,1510,27.8,39,0,0,0,0,0,0,Healthy,None
5086,M15085,M,296.2,305.5,1404,41.9,105,0,0,0,0,0,0,Healthy,None
5087,M15086,M,298.3,308.9,1450,25.3,167,0,0,0,0,0,0,Healthy,None
5088,L15087,L,297.1,306.9,1698,29.8,178,0,0,0,0,0,0,Healthy,None
5089,M15088,M,299.1,308.2,1194,47.4,232,0,0,0,0,0,0,Healthy,None
5090,L15089,L,300.9,310.2,1168,33.3,136,0,0,0,0,0,0,Healthy,None
5091,L15090,L,299.5,309.9,1698,21.4,150,0,0,0,0,0,0,Healthy,None
5092,L15091,L,298.8,309.7,1587,32.8,140,0,0,0,0,0,0,Healthy,None
5093,H15092,H,302.6,312.1,1541,31.8,0,0,0,0,0,0,0,Healthy,None
5094,L15093,L,295.4,305.9,1304,27.5,75,0,0,0,0,0,0,Healthy,None
5095,L15094,L,302.5,314.1,1231,45.4,137,0,0,0,0,0,0,Healthy,None
5096,L15095,L,298.9,307.6,1424,24.7,154,0,0,0,0,0,0,Healthy,None
5097,H15096,H,299.8,310.2,1602,34.2,146,0,0,0,0,0,0,Healthy,None
5098,L15097,L,298.9,309.7,1433,41.3,103,0,0,0,0,0,0,Healthy,None
5099,L15098,L,303.1,313.0,1699,36.6,223,1,1,0,0,0,0,Failure Risk,Tool Wear Failure
5100,L15099,L,297.5,308.7,1367,36.0,21,0,0,0,0,0,0,Healthy,None
5101,L15100,L,300.0,312.2,1445,32.8,88,0,0,0,0,0,0,Healthy,None
5102,M15101,M,301.1,311.4,1663,27.9,10,0,0,0,0,0,0,Healthy,None
5103,M15102,M,296.8,306.6,1470,33.7,74,0,0,0,0,0,0,Healthy,None
5104,L15103,L,298.2,309.2,1479,46.5,89,0,0,0,0,0,0,Healthy,None
5105,L15104,L,299.7,310.5,1422,35.7,15,0,0,0,0,0,0,Healthy,None
5106,L15105,L,298.2,305.7,1389,41.7,127,0,0,0,0,0,0,Healthy,None
5107,L15106,L,298.4,308.4,1601,51.1,156,0,0,0,0,0,0,Healthy,None
5108,L15107,L,299.3,308.9,1624,45.9,157,0,0,0,0,0,0,Healthy,None
5109,M15108,M,301.3,311.7,1578,27.4,138,0,0,0,0,0,0,Healthy,None
5110,H15109,H,299.3,309.1,1427,44.4,56,0,0,0,0,0,0,Healthy,None
5111,H15110,H,302.2,312.1,1501,50.4,64,0,0,0,0,0,0,Healthy,None
5112,H15111,H,298.0,307.1,1823,34.2,5,0,0,0,0,0,0,Healthy,None
5113,M15112,M,297.5,308.2,1283,24.3,76,1,0,0,1,0,0,Failure Risk,Power Failure
5114,M15113,M,303.9,315.6,1875,35.6,90,0,0,0,0,0,0,Healthy,None
5115,L15114,L,298.7,307.9,1555,41.9,234,1,1,0,0,0,0,Failure Risk,Tool Wear Failure
5116,M15115,M,297.4,306.0,1505,45.9,34,0,0,0,0,0,0,Healthy,None
5117,L15116,L,296.5,306.5,1708,34.8,127,0,0,0,0,0,0,Healthy,None
5118,L15117,L,302.2,312.2,1168,19.8,116,1,0,0,1,0,0,Failure Risk,Power Failure
5119,M15118,M,299.3,310.5,1785,27.4,224,0,0,0,0,0,0,Healthy,None
5120,L15119,L,299.5,308.3,1870,43.6,58,0,0,0,0,0,0,Healthy,None
5121,L15120,L,299.7,309.2,1732,59.7,127,1,0,0,1,0,0,Failure Risk,Power Failure
5122,H15121,H,302.0,309.9,1168,39.8,13,1,0,1,0,0,0,Failure Risk,Heat Dissipation Failure
5123,L15122,L,299.6,311.0,1674,53.0,170,1,0,0,1,0,0,Failure Risk,Power Failure
5124,L15123,L,304.7,315.0,1832,29.5,173,0,0,0,0,0,0,Healthy,None
5125,H15124,H,300.3,309.8,1814,33.6,118,0,0,0,0,0,0,Healthy,None
5126,M15125,M,302.1,310.8,1285,16.8,149,1,0,0,1,0,0,Failure Risk,Power Failure
5127,M15126,M,301.6,310.4,1719,43.7,187,0,0,0,0,0,0,Healthy,None
5128,L15127,L,299.9,310.3,1859,31.2,233,0,0,0,0,0,0,Healthy,None
5129,L15128,L,298.8,307.7,1543,45.9,84,0,0,0,0,0,0,Healthy,None
5130,H15129,H,300.7,310.8,1277,35.0,129,0,0,0,0,0,0,Healthy,None
5131,M15130,M,301.0,313.0,1686,60.0,119,1,0,0,1,0,0,Failure Risk,Power Failure
5132,M15131,M,298.9,308.6,1726,57.8,68,1,0,0,1,0,0,Failure Risk,Power Failure
5133,L15132,L,300.3,309.3,1513,17.2,142,1,0,0,1,0,0,Failure Risk,Power Failure
5134,L15133,L,302.5,312.9,1324,45.9,49,0,0,0,0,0,0,Healthy,None
5135,H15134,H,304.1,312.9,1713,32.6,239,1,1,0,0,0,0,Failure Risk,Tool Wear Failure
5136,L15135,L,301.7,313.4,1400,46.4,211,1,1,0,0,0,0,Failure Risk,Tool Wear Failure
5137,M15136,M,303.7,315.1,1609,26.7,217,1,1,0,0,0,0,Failure Risk,Tool Wear Failure
5138,L15137,L,298.7,308.5,1816,54.3,183,1,0,0,1,0,0,Failure Risk,Power Failure
5139,M15138,M,301.4,310.5,1241,50.2,190,0,0,0,0,0,0,Healthy,None
5140,H15139,H,302.7,312.3,1700,26.0,215,0,0,0,0,0,0,Healthy,None
5141,M15140,M,298.2,307.9,1501,38.2,162,0,0,0,0,0,0,Healthy,None
5142,L15141,L,299.0,309.4,1505,41.6,249,1,1,0,0,0,0,Failure Risk,Tool Wear Failure
5143,M15142,M,303.5,314.5,1630,47.1,87,0,0,0,0,0,0,Healthy,None
5144,M15143,M,298.0,307.0,1399,39.9,25,0,0,0,0,0,0,Healthy,None
5145,L15144,L,297.3,308.3,1327,47.8,104,0,0,0,0,0,0,Healthy,None
5146,H15145,H,303.1,313.7,1218,39.3,124,0,0,0,0,0,0,Healthy,None
5147,M15146,M,302.4,311.9,1758,46.1,241,0,0,0,0,0,0,Healthy,None
5148,H15147,H,300.9,309.8,1471,26.5,85,0,0,0,0,0,0,Healthy,None
5149,M15148,M,299.9,310.0,1640,39.7,26,0,0,0,0,0,0,Healthy,None
5150,L15149,L,299.1,308.0,1451,51.4,18,0,0,0,0,0,0,Healthy,None
5151,L15150,L,300.6,311.6,1330,54.0,36,0,0,0,0,0,0,Healthy,None
5152,L15151,L,303.2,312.1,1654,41.7,35,0,0,0,0,0,0,Healthy,None
5153,H15152,H,300.5,311.0,1596,39.0,220,1,1,0,0,0,0,Failure Risk,Tool Wear Failure
5154,M15153,M,304.3,314.2,1495,53.5,167,0,0,0,0,0,0,Healthy,None
5155,M15154,M,298.2,307.6,1592,39.0,62,0,0,0,0,0,0,Healthy,None
5156,L15155,L,300.0,309.9,1366,51.3,38,0,0,0,0,0,0,Healthy,None
5157,L15156,L,299.3,310.4,1727,38.9,246,0,0,0,0,0,0,Healthy,None
5158,M15157,M,297.8,306.6,1769,40.4,127,0,0,0,0,0,0,Healthy,None
5159,L15158,L,299.7,309.3,1673,29.1,106,0,0,0,0,0,0,Healthy,None
5160,L15159,L,300.8,310.0,1471,27.6,139,0,0,0,0,0,0,Healthy,None
5161,M15160,M,301.0,311.0,1548,49.7,171,0,0,0,0,0,0,Healthy,None
5162,L15161,L,304.3,313.6,1818,57.1,79,1,0,0,1,0,0,Failure Risk,Power Failure
5163,L15162,L,300.9,309.1,1767,41.0,175,0,0,0,0,0,0,Healthy,None
5164,L15163,L,302.3,311.2,1894,38.4,222,0,0,0,0,0,0,Healthy,None
5165,L15164,L,300.1,311.7,1398,50.1,78,0,0,0,0,0,0,Healthy,None
5166,H15165,H,303.4,313.6,1382,43.3,160,0,0,0,0,0,0,Healthy,None
5167,L15166,L,304.8,315.0,1562,16.3,206,1,0,0,1,0,0,Failure Risk,Power Failure
5168,L15167,L,301.1,310.8,1610,49.8,31,0,0,0,0,0,0,Healthy,None
5169,L15168,L,298.0,307.9,1512,26.8,149,0,0,0,0,0,0,Healthy,None
5170,M15169,M,298.9,308.5,1468,39.9,241,0,0,0,0,0,0,Healthy,None
5171,L15170,L,300.6,311.1,1764,35.6,119,0,0,0,0,0,0,Healthy,None
5172,M15171,M,300.9,311.0,1521,33.7,5,0,0,0,0,0,0,Healthy,None
5173,L15172,L,301.4,310.2,1320,40.5,157,0,0,0,0,0,0,Healthy,None
5174,L15173,L,300.9,311.2,1341,48.8,104,0,0,0,0,0,0,Healthy,None
5175,L15174,L,300.0,307.5,1582,40.3,121,0,0,0,0,0,0,Healthy,None
5176,H15175,H,298.7,309.1,2075,54.0,144,1,0,0,1,0,0,Failure Risk,Power Failure
5177,H15176,H,300.8,309.4,1363,55.2,247,1,0,1,0,1,0,Failure Risk,"Heat Dissipation Failure, Overstrain Failure"
5178,L15177,L,303.7,313.6,1481,55.1,235,1,0,0,0,1,0,Failure Risk,Overstrain Failure
5179,M15178,M,302.0,310.8,1968,39.4,1,0,0,0,0,0,0,Healthy,None
5180,H15179,H,301.1,311.1,1451,35.3,79,0,0,0,0,0,0,Healthy,None
5181,L15180,L,302.1,312.7,1619,39.7,54,0,0,0,0,0,0,Healthy,None
5182,H15181,H,299.3,310.8,1873,51.1,110,1,0,0,1,0,0,Failure Risk,Power Failure
5183,L15182,L,299.0,307.5,1367,50.5,250,1,0,1,0,1,0,Failure Risk,"Heat Dissipation Failure, Overstrain Failure"
5184,H15183,H,298.5,309.5,1482,14.3,11,1,0,0,1,0,0,Failure Risk,Power Failure
5185,M15184,M,299.7,309.8,1451,43.0,238,1,1,0,0,0,0,Failure Risk,Tool Wear Failure
5186,H15185,H,299.2,308.7,1266,16.6,108,1,0,0,1,0,0,Failure Risk,Power Failure
5187,M15186,M,302.4,313.2,1818,39.8,139,0,0,0,0,0,0,Healthy,None
5188,L15187,L,299.0,308.8,1433,34.8,50,0,0,0,0,0,0,Healthy,None
5189,H15188,H,298.4,309.1,1381,31.7,47,0,0,0,0,0,0,Healthy,None
5190,L15189,L,303.9,312.9,1458,48.4,166,0,0,0,0,0,0,Healthy,None
5191,L15190,L,299.1,308.5,1704,33.6,208,0,0,0,0,0,0,Healthy,None
5192,M15191,M,300.3,311.2,1558,39.9,233,0,0,0,0,0,0,Healthy,None
5193,M15192,M,300.9,312.4,1396,30.8,104,0,0,0,0,0,0,Healthy,None
5194,H15193,H,297.7,307.7,1611,40.7,69,0,0,0,0,0,0,Healthy,None
5195,L15194,L,302.5,309.7,1683,49.5,118,0,0,0,0,0,0,Healthy,None
5196,M15195,M,301.3,311.1,1533,31.3,104,0,0,0,0,0,0,Healthy,None
5197,M15196,M,303.1,313.1,1495,46.3,89,0,0,0,0,0,0,Healthy,None
5198,L15197,L,298.6,308.4,1719,40.6,0,0,0,0,0,0,0,Healthy,None
5199,L15198,L,300.2,310.5,1505,40.5,143,0,0,0,0,0,0,Healthy,None
5200,L15199,L,300.1,309.6,1825,36.5,45,0,0,0,0,0,0,Healthy,None
5201,L15200,L,300.5,311.3,1402,47.7,62,0,0,0,0,0,0,Healthy,None
5202,H15201,H,297.1,305.9,1398,46.6,231,0,0,0,0,0,0,Healthy,None
5203,M15202,M,300.2,311.4,1376,38.7,58,0,0,0,0,0,0,Healthy,None
5204,M15203,M,297.1,308.7,1495,42.0,46,0,0,0,0,0,0,Healthy,None
5205,H15204,H,300.7,309.8,1538,47.4,15,0,0,0,0,0,0,Healthy,None
5206,L15205,L,295.7,304.8,1300,45.4,45,0,0,0,0,0,0,Healthy,None
5207,H15206,H,296.3,306.7,1555,37.0,79,0,0,0,0,0,0,Healthy,None
5208,L15207,L,301.6,310.4,1639,51.5,166,0,0,0,0,0,0,Healthy,None
5209,H15208,H,298.9,308.4,1275,48.6,220,0,0,0,0,0,0,Healthy,None
5210,L15209,L,298.0,309.1,1444,60.9,49,1,0,0,1,0,0,Failure Risk,Power Failure
5211,H15210,H,302.5,313.2,1639,24.5,48,0,0,0,0,0,0,Healthy,None
5212,L15211,L,300.7,312.7,1342,46.9,153,0,0,0,0,0,0,Healthy,None
5213,L15212,L,301.7,311.9,1481,51.4,221,1,0,0,0,1,0,Failure Risk,Overstrain Failure
5214,M15213,M,299.7,309.1,1732,50.0,160,1,0,0,1,0,0,Failure Risk,Power Failure
5215,L15214,L,305.4,315.5,1859,37.5,106,0,0,0,0,0,0,Healthy,None
5216,M15215,M,298.8,308.6,1616,26.5,19,0,0,0,0,0,0,Healthy,None
5217,L15216,L,303.5,313.4,1507,55.2,228,1,0,0,0,1,0,Failure Risk,Overstrain Failure
5218,M15217,M,299.9,309.9,1448,35.2,118,0,0,0,0,0,0,Healthy,None
5219,L15218,L,296.7,305.8,1701,37.1,76,0,0,0,0,0,0,Healthy,None
5220,L15219,L,301.0,311.3,1740,60.5,71,1,0,0,1,0,0,Failure Risk,Power Failure
5221,L15220,L,300.6,309.2,1330,27.4,223,1,0,1,0,0,0,Failure Risk,Heat Dissipation Failure
5222,L15221,L,297.9,307.2,1700,48.1,209,0,0,0,0,0,0,Healthy,None
5223,L15222,L,298.2,308.1,1429,32.5,236,0,0,0,0,0,0,Healthy,None
5224,L15223,L,300.0,307.7,1384,32.3,168,0,0,0,0,0,0,Healthy,None
5225,L15224,L,300.7,311.5,1510,41.7,125,0,0,0,0,0,0,Healthy,None
5226,L15225,L,295.1,303.0,1715,46.7,10,0,0,0,0,0,0,Healthy,None
5227,M15226,M,302.1,312.8,1593,49.4,54,0,0,0,0,0,0,Healthy,None
5228,H15227,H,299.0,307.7,1588,50.7,229,0,0,0,0,0,0,Healthy,None
5229,L15228,L,297.3,306.9,1601,33.0,234,0,0,0,0,0,0,Healthy,None
5230,M15229,M,301.9,312.4,1621,28.7,46,0,0,0,0,0,0,Healthy,None
5231,M15230,M,300.0,312.2,1517,36.6,126,0,0,0,0,0,0,Healthy,None
5232,L15231,L,302.4,312.5,1651,43.4,77,0,0,0,0,0,0,Healthy,None
5233,M15232,M,300.9,308.9,1419,38.0,103,0,0,0,0,0,0,Healthy,None
5234,L15233,L,300.0,311.0,1654,4.0,49,1,0,0,1,0,0,Failure Risk,Power Failure
5235,M15234,M,299.7,309.5,1691,21.9,96,0,0,0,0,0,0,Healthy,None
5236,L15235,L,301.0,311.1,1663,37.6,116,0,0,0,0,0,0,Healthy,None
5237,M15236,M,299.2,309.8,1672,48.5,104,0,0,0,0,0,0,Healthy,None
5238,M15237,M,298.3,306.1,1621,31.0,22,0,0,0,0,0,0,Healthy,None
5239,L15238,L,301.2,311.2,1748,47.3,60,0,0,0,0,0,0,Healthy,None
5240,L15239,L,299.7,309.3,1168,25.2,6,1,0,0,1,0,0,Failure Risk,Power Failure
5241,H15240,H,300.1,311.3,1690,42.5,14,0,0,0,0,0,0,Healthy,None
5242,L15241,L,302.2,312.9,1891,42.6,78,0,0,0,0,0,0,Healthy,None
5243,M15242,M,299.8,308.2,1426,44.6,8,0,0,0,0,0,0,Healthy,None
5244,H15243,H,300.0,311.3,1406,30.0,212,1,1,0,0,0,0,Failure Risk,Tool Wear Failure
5245,M15244,M,298.8,309.2,1768,24.7,164,0,0,0,0,0,0,Healthy,None
5246,M15245,M,300.9,309.4,1372,47.2,230,1,0,1,0,0,0,Failure Risk,Heat Dissipation Failure
5247,M15246,M,300.7,310.8,1418,24.9,58,0,0,0,0,0,0,Healthy,None
5248,H15247,H,301.8,312.8,1568,32.4,155,0,0,0,0,0,0,Healthy,None
5249,L15248,L,298.8,307.6,1394,53.8,107,0,0,0,0,0,0,Healthy,None
5250,L15249,L,299.1,310.5,1694,41.7,133,0,0,0,0,0,0,Healthy,None
5251,L15250,L,301.6,310.1,1396,43.7,137,0,0,0,0,0,0,Healthy,None
5252,H15251,H,300.5,309.7,1602,46.2,14,0,0,0,0,0,0,Healthy,None
5253,M15252,M,298.2,307.3,1588,45.8,117,0,0,0,0,0,0,Healthy,None
5254,L15253,L,302.6,314.0,1835,39.8,87,0,0,0,0,0,0,Healthy,None
5255,H15254,H,296.6,306.1,1746,31.1,3,0,0,0,0,0,0,Healthy,None
5256,L15255,L,301.6,310.4,1443,66.6,238,1,0,0,1,1,0,Failure Risk,"Power Failure, Overstrain Failure"
5257,L15256,L,297.5,307.9,1311,37.1,113,0,0,0,0,0,0,Healthy,None
5258,M15257,M,303.8,314.5,1687,43.3,226,1,1,0,0,0,0,Failure Risk,Tool Wear Failure
5259,L15258,L,296.9,307.6,1421,44.4,57,0,0,0,0,0,0,Healthy,None
5260,H15259,H,302.3,312.0,1477,34.7,142,0,0,0,0,0,0,Healthy,None
5261,L15260,L,299.8,310.1,1348,35.8,243,0,0,0,0,0,0,Healthy,None
5262,H15261,H,299.3,308.6,1659,54.7,164,1,0,0,1,0,0,Failure Risk,Power Failure
5263,M15262,M,300.4,312.1,1422,32.7,1,0,0,0,0,0,0,Healthy,None
5264,L15263,L,301.3,312.4,1531,44.1,174,0,0,0,0,0,0,Healthy,None
5265,H15264,H,298.2,309.3,1534,48.9,103,0,0,0,0,0,0,Healthy,None
5266,M15265,M,298.4,309.2,1570,37.9,123,0,0,0,0,0,0,Healthy,None
5267,L15266,L,301.3,311.8,1656,39.1,155,0,0,0,0,0,0,Healthy,None
5268,L15267,L,296.6,305.4,1494,49.5,68,0,0,0,0,0,0,Healthy,None
5269,H15268,H,298.8,309.4,1405,38.6,214,1,1,0,0,0,0,Failure Risk,Tool Wear Failure
5270,L15269,L,306.1,316.2,1205,19.4,200,1,0,0,1,0,0,Failure Risk,Power Failure
5271,L15270,L,298.1,309.4,1556,54.9,70,0,0,0,0,0,0,Healthy,None
5272,L15271,L,302.3,313.1,1509,30.3,67,0,0,0,0,0,0,Healthy,None
5273,L15272,L,298.8,309.4,1410,42.1,146,0,0,0,0,0,0,Healthy,None
5274,M15273,M,301.0,309.3,1549,27.0,7,0,0,0,0,0,0,Healthy,None
5275,L15274,L,301.3,311.2,1691,34.9,30,0,0,0,0,0,0,Healthy,None
5276,L15275,L,302.3,311.7,1737,35.7,13,0,0,0,0,0,0,Healthy,None
5277,L15276,L,299.6,309.9,1263,41.7,28,0,0,0,0,0,0,Healthy,None
5278,L15277,L,304.0,313.6,1473,31.3,136,0,0,0,0,0,0,Healthy,None
5279,H15278,H,298.8,308.5,1710,59.6,100,1,0,0,1,0,0,Failure Risk,Power Failure
5280,L15279,L,300.5,311.0,1823,40.2,69,0,0,0,0,0,0,Healthy,None
5281,H15280,H,300.5,310.1,1391,48.7,233,1,1,0,0,0,0,Failure Risk,Tool Wear Failure
5282,L15281,L,297.8,307.9,1784,39.9,187,0,0,0,0,0,0,Healthy,None
5283,L15282,L,299.4,307.9,1296,49.9,91,1,0,1,0,0,0,Failure Risk,Heat Dissipation Failure
5284,H15283,H,300.3,309.5,1743,19.2,44,0,0,0,0,0,0,Healthy,None
5285,L15284,L,299.1,309.8,1487,33.0,73,0,0,0,0,0,0,Healthy,None
5286,M15285,M,304.9,313.7,1817,34.8,53,0,0,0,0,0,0,Healthy,None
5287,H15286,H,298.3,309.5,1454,34.8,44,0,0,0,0,0,0,Healthy,None
5288,L15287,L,302.4,313.4,1482,45.1,2,0,0,0,0,0,0,Healthy,None
5289,L15288,L,301.7,311.4,1514,45.8,75,0,0,0,0,0,0,Healthy,None
5290,M15289,M,300.0,313.0,1262,39.3,35,0,0,0,0,0,0,Healthy,None
5291,L15290,L,298.3,309.5,1222,39.5,138,0,0,0,0,0,0,Healthy,None
5292,L15291,L,298.5,307.6,1629,64.2,200,1,1,0,1,1,0,Failure Risk,"Tool Wear Failure, Power Failure, Overstrain Failure"
5293,L15292,L,299.0,309.7,1714,43.2,133,0,0,0,0,0,0,Healthy,None
5294,L15293,L,296.4,306.5,1646,18.0,203,1,0,0,1,0,0,Failure Risk,Power Failure
5295,M15294,M,298.0,307.2,1313,47.6,237,0,0,0,0,0,0,Healthy,None
5296,L15295,L,297.0,305.9,1623,45.5,116,0,0,0,0,0,0,Healthy,None
5297,L15296,L,302.7,313.7,1360,51.5,40,0,0,0,0,0,0,Healthy,None
5298,M15297,M,301.2,310.6,1610,45.9,71,0,0,0,0,0,0,Healthy,None
5299,L15298,L,301.6,311.5,1740,31.0,168,0,0,0,0,0,0,Healthy,None
5300,L15299,L,301.2,310.3,1603,48.8,204,0,0,0,0,0,0,Healthy,None
5301,M15300,M,300.3,309.6,1800,41.0,189,0,0,0,0,0,0,Healthy,None
5302,L15301,L,302.9,312.8,1511,50.4,106,0,0,0,0,0,0,Healthy,None
5303,M15302,M,298.8,309.2,1499,55.3,136,0,0,0,0,0,0,Healthy,None
5304,H15303,H,300.2,307.6,1550,38.8,83,0,0,0,0,0,0,Healthy,None
5305,L15304,L,301.5,311.5,1297,48.7,103,0,0,0,0,0,0,Healthy,None
5306,M15305,M,297.4,306.7,1465,50.2,137,0,0,0,0,0,0,Healthy,None
5307,L15306,L,306.2,317.6,1481,41.6,40,0,0,0,0,0,0,Healthy,None
5308,L15307,L,300.1,313.0,1487,59.4,154,1,0,0,1,0,0,Failure Risk,Power Failure
5309,H15308,H,300.3,309.9,1586,50.4,180,0,0,0,0,0,0,Healthy,None
5310,H15309,H,302.5,310.8,1273,34.2,3,1,0,1,0,0,0,Failure Risk,Heat Dissipation Failure
5311,L15310,L,301.8,311.9,1332,42.6,9,0,0,0,0,0,0,Healthy,None
5312,M15311,M,300.1,309.9,1740,48.5,48,0,0,0,0,0,0,Healthy,None
5313,H15312,H,300.3,312.3,1178,59.0,146,0,0,0,0,0,0,Healthy,None
5314,H15313,H,297.0,308.7,1648,46.1,73,0,0,0,0,0,0,Healthy,None
5315,M15314,M,298.9,309.8,1471,42.9,177,0,0,0,0,0,0,Healthy,None
5316,L15315,L,301.0,310.4,1566,52.5,47,0,0,0,0,0,0,Healthy,None
5317,L15316,L,300.9,311.6,1816,37.8,123,0,0,0,0,0,0,Healthy,None
5318,H15317,H,302.4,312.7,1514,30.2,150,0,0,0,0,0,0,Healthy,None
5319,L15318,L,299.8,310.0,1649,47.0,99,0,0,0,0,0,0,Healthy,None
5320,M15319,M,297.2,305.6,1548,36.3,232,0,0,0,0,0,0,Healthy,None
5321,L15320,L,302.1,313.2,1518,66.9,136,1,0,0,1,0,0,Failure Risk,Power Failure
5322,L15321,L,302.9,313.0,1496,42.5,193,0,0,0,0,0,0,Healthy,None
5323,L15322,L,301.8,311.7,1663,47.0,18,0,0,0,0,0,0,Healthy,None
5324,H15323,H,299.7,309.1,1407,33.8,199,0,0,0,0,0,0,Healthy,None
5325,L15324,L,302.1,311.3,1335,52.5,217,1,0,0,0,1,0,Failure Risk,Overstrain Failure
5326,M15325,M,306.9,317.2,1551,39.7,125,0,0,0,0,0,0,Healthy,None
5327,L15326,L,300.2,308.5,1572,38.8,178,0,0,0,0,0,0,Healthy,None
5328,L15327,L,297.4,308.2,1211,39.0,227,0,0,0,0,0,0,Healthy,None
5329,L15328,L,298.8,307.7,1536,27.2,10,0,0,0,0,0,0,Healthy,None
5330,M15329,M,301.3,309.2,1318,37.5,2,1,0,1,0,0,0,Failure Risk,Heat Dissipation Failure
5331,L15330,L,296.8,308.6,1650,45.4,251,1,0,0,0,1,0,Failure Risk,Overstrain Failure
5332,L15331,L,300.3,309.4,1215,24.7,188,1,0,0,1,0,0,Failure Risk,Power Failure
5333,L15332,L,300.8,310.1,1882,50.1,221,1,1,0,1,1,0,Failure Risk,"Tool Wear Failure, Power Failure, Overstrain Failure"
5334,L15333,L,303.1,314.2,1477,37.3,209,0,0,0,0,0,0,Healthy,None
5335,H15334,H,302.6,314.5,1383,42.4,144,0,0,0,0,0,0,Healthy,None
5336,H15335,H,301.7,310.2,1487,17.9,114,1,0,0,1,0,0,Failure Risk,Power Failure
5337,L15336,L,295.7,304.7,1637,42.2,72,0,0,0,0,0,0,Healthy,None
5338,M15337,M,301.8,310.9,1697,29.7,29,0,0,0,0,0,0,Healthy,None
5339,H15338,H,301.4,312.3,1488,36.5,79,0,0,0,0,0,0,Healthy,None
5340,L15339,L,300.5,312.1,1280,24.5,7,1,0,0,1,0,0,Failure Risk,Power Failure
5341,H15340,H,296.5,305.4,1320,31.3,168,0,0,0,0,0,0,Healthy,None
5342,H15341,H,298.4,309.8,1589,38.4,153,0,0,0,0,0,0,Healthy,None
5343,L15342,L,297.7,307.0,1714,37.3,4,0,0,0,0,0,0,Healthy,None
5344,L15343,L,296.0,306.3,1738,48.8,68,0,0,0,0,0,0,Healthy,None
5345,H15344,H,300.0,308.7,1568,21.5,237,0,0,0,0,0,0,Healthy,None
5346,M15345,M,298.4,308.3,1711,39.5,151,0,0,0,0,0,0,Healthy,None
5347,L15346,L,305.3,315.2,1880,39.0,77,0,0,0,0,0,0,Healthy,None
5348,L15347,L,299.7,309.4,1751,35.5,124,0,0,0,0,0,0,Healthy,None
5349,L15348,L,302.6,313.0,1703,31.0,68,0,0,0,0,0,0,Healthy,None
5350,M15349,M,296.9,305.9,1393,50.9,163,0,0,0,0,0,0,Healthy,None
5351,M15350,M,298.9,308.0,1710,60.3,216,1,0,0,1,1,0,Failure Risk,"Power Failure, Overstrain Failure"
5352,H15351,H,300.2,310.6,1620,23.0,144,0,0,0,0,0,0,Healthy,None
5353,L15352,L,298.2,309.5,1654,30.9,197,0,0,0,0,0,0,Healthy,None
5354,M15353,M,299.2,309.2,1763,30.1,70,0,0,0,0,0,0,Healthy,None
5355,M15354,M,299.6,310.1,1602,37.2,173,0,0,0,0,0,0,Healthy,None
5356,L15355,L,299.5,310.3,1519,52.4,78,0,0,0,0,0,0,Healthy,None
5357,L15356,L,303.7,314.5,1346,45.2,69,0,0,0,0,0,0,Healthy,None
5358,H15357,H,300.8,309.8,1484,38.5,31,0,0,0,0,0,0,Healthy,None
5359,H15358,H,301.0,310.2,1576,40.2,59,0,0,0,0,0,0,Healthy,None
5360,L15359,L,301.1,310.4,1587,36.8,127,0,0,0,0,0,0,Healthy,None
5361,M15360,M,301.2,313.1,1581,47.3,126,0,0,0,0,0,0,Healthy,None
5362,L15361,L,299.8,310.3,1709,48.5,169,0,0,0,0,0,0,Healthy,None
5363,M15362,M,299.4,309.9,1692,45.9,39,0,0,0,0,0,0,Healthy,None
5364,M15363,M,300.3,310.7,1526,18.3,26,1,0,0,1,0,0,Failure Risk,Power Failure
5365,M15364,M,302.3,311.0,1386,40.1,103,0,0,0,0,0,0,Healthy,None
5366,H15365,H,302.3,314.2,1606,38.2,4,0,0,0,0,0,0,Healthy,None
5367,M15366,M,299.5,310.0,1940,49.8,188,1,0,0,1,0,0,Failure Risk,Power Failure
5368,L15367,L,301.5,312.2,1595,42.4,251,0,0,0,0,0,0,Healthy,None
5369,M15368,M,299.6,307.8,1485,45.5,126,0,0,0,0,0,0,Healthy,None
5370,L15369,L,300.1,310.9,1633,35.1,188,0,0,0,0,0,0,Healthy,None
5371,L15370,L,299.1,308.7,1644,49.3,207,0,0,0,0,0,0,Healthy,None
5372,L15371,L,299.6,308.3,1642,52.2,51,0,0,0,0,0,0,Healthy,None
5373,L15372,L,302.7,311.7,1783,23.9,74,0,0,0,0,0,0,Healthy,None
5374,M15373,M,300.2,308.9,1607,27.2,230,0,0,0,0,0,0,Healthy,None
5375,L15374,L,300.3,309.0,1775,47.5,88,0,0,0,0,0,0,Healthy,None
5376,M15375,M,297.1,307.2,1579,38.3,127,0,0,0,0,0,0,Healthy,None
5377,M15376,M,299.4,309.0,1808,50.2,252,1,0,0,1,1,0,Failure Risk,"Power Failure, Overstrain Failure"
5378,L15377,L,299.5,309.8,1754,42.4,65,0,0,0,0,0,0,Healthy,None
5379,H15378,H,298.3,310.0,1703,46.9,219,0,0,0,0,0,0,Healthy,None
5380,L15379,L,300.0,309.9,1679,32.6,134,0,0,0,0,0,0,Healthy,None
5381,L15380,L,299.1,306.9,1949,43.4,165,0,0,0,0,0,0,Healthy,None
5382,M15381,M,300.2,310.0,1730,43.4,178,0,0,0,0,0,0,Healthy,None
5383,L15382,L,300.2,311.4,1385,33.2,126,0,0,0,0,0,0,Healthy,None
5384,L15383,L,298.1,308.0,1582,49.9,113,0,0,0,0,0,0,Healthy,None
5385,M15384,M,299.2,310.7,1490,21.2,0,1,0,0,1,0,0,Failure Risk,Power Failure
5386,M15385,M,300.2,310.7,1907,42.1,209,0,0,0,0,0,0,Healthy,None
5387,L15386,L,302.4,310.6,1762,27.2,75,0,0,0,0,0,0,Healthy,None
5388,H15387,H,300.5,310.6,1901,29.9,244,0,0,0,0,0,0,Healthy,None
5389,M15388,M,298.7,309.0,1401,49.8,176,0,0,0,0,0,0,Healthy,None
5390,H15389,H,300.8,311.9,1735,29.1,199,0,0,0,0,0,0,Healthy,None
5391,L15390,L,303.4,315.2,1293,28.7,19,0,0,0,0,0,0,Healthy,None
5392,M15391,M,301.8,312.7,1253,45.7,98,0,0,0,0,0,0,Healthy,None
5393,H15392,H,301.1,311.5,1466,29.0,41,0,0,0,0,0,0,Healthy,None
5394,M15393,M,301.5,312.2,1808,50.1,143,1,0,0,1,0,0,Failure Risk,Power Failure
5395,M15394,M,302.9,312.7,1360,46.4,241,0,0,0,0,0,0,Healthy,None
5396,L15395,L,302.2,310.7,1534,32.3,32,0,0,0,0,0,0,Healthy,None
5397,L15396,L,301.1,311.1,1750,49.7,231,1,0,0,1,1,0,Failure Risk,"Power Failure, Overstrain Failure"
5398,L15397,L,302.1,312.5,1689,20.8,88,0,0,0,0,0,0,Healthy,None
5399,L15398,L,297.8,306.6,1934,44.7,82,1,0,0,1,0,0,Failure Risk,Power Failure
5400,H15399,H,297.0,308.3,1538,27.7,226,0,0,0,0,0,0,Healthy,None
5401,L15400,L,300.3,311.3,1458,34.8,15,0,0,0,0,0,0,Healthy,None
5402,H15401,H,300.1,308.7,1342,35.5,143,1,0,1,0,0,0,Failure Risk,Heat Dissipation Failure
5403,H15402,H,298.9,310.3,1472,52.7,175,0,0,0,0,0,0,Healthy,None
5404,L15403,L,301.7,311.4,1340,35.0,88,0,0,0,0,0,0,Healthy,None
5405,L15404,L,296.3,305.5,1216,39.2,223,0,0,0,0,0,0,Healthy,None
5406,H15405,H,298.9,310.0,1889,35.7,54,0,0,0,0,0,0,Healthy,None
5407,H15406,H,299.0,308.9,1546,30.3,235,0,0,0,0,0,0,Healthy,None
5408,L15407,L,296.7,308.6,2001,29.8,155,0,0,0,0,0,0,Healthy,None
5409,L15408,L,303.0,312.1,1387,43.1,200,0,0,0,0,0,0,Healthy,None
5410,M15409,M,297.3,305.6,1461,39.7,209,0,0,0,0,0,0,Healthy,None
5411,M15410,M,298.8,308.5,1399,47.5,150,0,0,0,0,0,0,Healthy,None
5412,L15411,L,301.8,312.6,1423,37.6,29,0,0,0,0,0,0,Healthy,None
5413,M15412,M,301.3,310.4,1694,37.9,188,0,0,0,0,0,0,Healthy,None
5414,L15413,L,297.8,306.5,1639,47.6,95,0,0,0,0,0,0,Healthy,None
5415,L15414,L,301.4,311.6,1694,36.3,87,0,0,0,0,0,0,Healthy,None
5416,L15415,L,300.6,309.1,1778,25.7,202,0,0,0,0,0,0,Healthy,None
5417,L15416,L,304.7,315.0,1736,48.4,243,1,1,0,0,1,0,Failure Risk,"Tool Wear Failure, Overstrain Failure"
5418,L15417,L,300.8,310.5,1357,33.3,124,0,0,0,0,0,0,Healthy,None
5419,L15418,L,299.7,310.2,1444,40.7,25,0,0,0,0,0,0,Healthy,None
5420,L15419,L,298.3,306.9,1559,33.8,138,0,0,0,0,0,0,Healthy,None
5421,L15420,L,298.5,309.8,2205,30.4,19,0,0,0,0,0,0,Healthy,None
5422,L15421,L,298.3,308.1,1676,21.2,43,0,0,0,0,0,0,Healthy,None
5423,H15422,H,302.7,313.5,1557,43.4,17,0,0,0,0,0,0,Healthy,None
5424,L15423,L,300.0,311.0,1658,6.4,161,1,0,0,1,0,0,Failure Risk,Power Failure
5425,L15424,L,301.1,309.9,1430,52.9,99,0,0,0,0,0,0,Healthy,None
5426,M15425,M,303.0,313.9,1584,50.2,3,0,0,0,0,0,0,Healthy,None
5427,H15426,H,295.3,303.9,1708,31.0,212,0,0,0,0,0,0,Healthy,None
5428,L15427,L,302.6,311.2,1532,55.7,89,0,0,0,0,0,0,Healthy,None
5429,M15428,M,300.1,312.1,1402,60.4,141,0,0,0,0,0,0,Healthy,None
5430,M15429,M,300.9,312.0,1524,37.3,89,0,0,0,0,0,0,Healthy,None
5431,M15430,M,298.3,310.4,1480,44.1,140,0,0,0,0,0,0,Healthy,None
5432,L15431,L,298.5,308.1,1295,41.3,89,0,0,0,0,0,0,Healthy,None
5433,M15432,M,301.0,311.1,1435,55.0,40,0,0,0,0,0,0,Healthy,None
5434,L15433,L,304.8,315.3,1288,26.2,206,0,0,0,0,0,0,Healthy,None
5435,M15434,M,302.0,312.0,1316,37.7,90,0,0,0,0,0,0,Healthy,None
5436,M15435,M,302.5,311.8,1333,49.1,184,0,0,0,0,0,0,Healthy,None
5437,L15436,L,299.6,308.7,1708,48.1,214,0,0,0,0,0,0,Healthy,None
5438,H15437,H,298.8,309.0,1804,39.6,21,0,0,0,0,0,0,Healthy,None
5439,L15438,L,298.4,307.3,1263,53.8,137,0,0,0,0,0,0,Healthy,None
5440,H15439,H,299.0,307.9,1820,42.3,196,0,0,0,0,0,0,Healthy,None
5441,L15440,L,295.9,306.3,1336,41.1,195,0,0,0,0,0,0,Healthy,None
5442,L15441,L,298.6,308.5,1671,46.9,49,0,0,0,0,0,0,Healthy,None
5443,L15442,L,298.9,309.8,1584,39.4,99,0,0,0,0,0,0,Healthy,None
5444,H15443,H,299.6,309.2,1651,40.5,15,0,0,0,0,0,0,Healthy,None
5445,L15444,L,300.3,309.7,1329,32.2,223,0,0,0,0,0,0,Healthy,None
5446,L15445,L,300.7,311.1,1213,69.0,138,0,0,0,0,0,0,Healthy,None
5447,L15446,L,300.0,309.2,1394,35.3,102,0,0,0,0,0,0,Healthy,None
5448,M15447,M,298.8,308.1,1614,47.2,224,0,0,0,0,0,0,Healthy,None
5449,M15448,M,296.1,305.5,1888,58.9,226,1,0,0,1,1,0,Failure Risk,"Power Failure, Overstrain Failure"
5450,L15449,L,298.8,308.6,1353,26.7,239,1,1,0,0,0,0,Failure Risk,Tool Wear Failure
5451,L15450,L,298.1,309.9,1520,46.1,195,0,0,0,0,0,0,Healthy,None
5452,L15451,L,300.9,309.5,1403,40.2,214,0,0,0,0,0,0,Healthy,None
5453,L15452,L,301.8,313.1,1534,57.8,66,1,0,0,1,0,0,Failure Risk,Power Failure
5454,L15453,L,301.9,312.6,1192,31.0,19,0,0,0,0,0,0,Healthy,None
5455,M15454,M,301.5,313.1,1806,32.6,192,0,0,0,0,0,0,Healthy,None
5456,L15455,L,299.7,312.8,1542,39.5,251,0,0,0,0,0,0,Healthy,None
5457,L15456,L,299.0,310.4,1702,35.1,32,0,0,0,0,0,0,Healthy,None
5458,L15457,L,298.5,309.4,1496,35.5,137,0,0,0,0,0,0,Healthy,None
5459,H15458,H,297.0,305.7,1572,60.1,235,1,0,0,1,1,0,Failure Risk,"Power Failure, Overstrain Failure"
5460,H15459,H,302.0,310.8,1740,41.3,194,0,0,0,0,0,0,Healthy,None
5461,H15460,H,299.7,310.1,1561,32.2,54,0,0,0,0,0,0,Healthy,None
5462,L15461,L,297.5,305.8,1568,36.1,159,0,0,0,0,0,0,Healthy,None
5463,L15462,L,298.3,308.9,1395,44.0,44,0,0,0,0,0,0,Healthy,None
5464,L15463,L,298.3,306.2,1442,43.3,186,0,0,0,0,0,0,Healthy,None
5465,L15464,L,300.1,311.3,1356,34.3,101,0,0,0,0,0,0,Healthy,None
5466,M15465,M,302.1,311.8,1405,23.9,30,0,0,0,0,0,0,Healthy,None
5467,M15466,M,299.3,309.4,1761,39.5,212,0,0,0,0,0,0,Healthy,None
5468,H15467,H,295.5,304.8,1861,39.2,215,0,0,0,0,0,0,Healthy,None
5469,H15468,H,299.6,307.7,1314,33.6,122,1,0,1,0,0,0,Failure Risk,Heat Dissipation Failure
5470,L15469,L,299.7,310.9,1608,52.7,87,0,0,0,0,0,0,Healthy,None
5471,M15470,M,299.6,310.9,1481,45.7,179,0,0,0,0,0,0,Healthy,None
5472,L15471,L,298.7,308.3,1788,41.3,137,0,0,0,0,0,0,Healthy,None
5473,L15472,L,300.4,311.1,1562,36.4,5,0,0,0,0,0,0,Healthy,None
5474,M15473,M,300.1,309.7,1536,57.2,219,1,0,0,1,1,0,Failure Risk,"Power Failure, Overstrain Failure"
5475,L15474,L,300.0,310.3,1404,28.6,128,0,0,0,0,0,0,Healthy,None
5476,L15475,L,300.8,311.6,1263,35.1,249,1,1,0,0,0,0,Failure Risk,Tool Wear Failure
5477,L15476,L,299.1,309.7,1674,35.5,110,0,0,0,0,0,0,Healthy,None
5478,M15477,M,299.0,310.3,1601,43.0,173,0,0,0,0,0,0,Healthy,None
5479,M15478,M,302.8,313.3,1605,46.5,107,0,0,0,0,0,0,Healthy,None
5480,L15479,L,301.1,311.1,1430,26.8,73,0,0,0,0,0,0,Healthy,None
5481,H15480,H,301.7,310.9,1511,33.2,104,0,0,0,0,0,0,Healthy,None
5482,L15481,L,302.5,312.0,1679,44.4,157,0,0,0,0,0,0,Healthy,None
5483,L15482,L,301.1,311.9,1713,33.4,116,0,0,0,0,0,0,Healthy,None
5484,M15483,M,301.9,310.4,1327,36.0,78,1,0,1,0,0,0,Failure Risk,Heat Dissipation Failure
5485,M15484,M,296.8,307.9,1424,41.7,205,1,1,0,0,0,0,Failure Risk,Tool Wear Failure
5486,H15485,H,300.4,310.1,1289,30.3,190,0,0,0,0,0,0,Healthy,None
5487,L15486,L,299.6,308.8,1574,42.7,87,0,0,0,0,0,0,Healthy,None
5488,M15487,M,303.4,312.3,1696,46.1,62,0,0,0,0,0,0,Healthy,None
5489,M15488,M,301.9,312.6,1488,40.4,73,0,0,0,0,0,0,Healthy,None
5490,H15489,H,298.7,308.7,1419,54.1,217,0,0,0,0,0,0,Healthy,None
5491,L15490,L,300.7,312.3,1477,47.2,128,0,0,0,0,0,0,Healthy,None
5492,M15491,M,300.3,309.0,1950,39.6,125,0,0,0,0,0,0,Healthy,None
5493,M15492,M,300.9,310.3,1751,36.8,19,0,0,0,0,0,0,Healthy,None
5494,L15493,L,298.0,307.9,1668,57.4,28,1,0,0,1,0,0,Failure Risk,Power Failure
5495,L15494,L,300.7,309.9,1595,33.5,161,0,0,0,0,0,0,Healthy,None
5496,L15495,L,299.5,309.5,1535,37.3,193,0,0,0,0,0,0,Healthy,None
5497,M15496,M,300.6,310.9,1375,35.9,193,0,0,0,0,0,0,Healthy,None
5498,H15497,H,298.6,309.1,1347,43.9,129,0,0,0,0,0,0,Healthy,None
5499,M15498,M,298.8,310.3,1436,62.3,199,1,0,0,1,1,0,Failure Risk,"Power Failure, Overstrain Failure"
5500,M15499,M,302.3,311.0,1367,42.4,53,0,0,0,0,0,0,Healthy,None
5501,M15500,M,297.9,308.2,1429,36.8,88,0,0,0,0,0,0,Healthy,None
5502,L15501,L,298.0,307.4,1519,41.9,17,0,0,0,0,0,0,Healthy,None
5503,L15502,L,299.9,310.3,1533,27.0,236,0,0,0,0,0,0,Healthy,None
5504,L15503,L,298.5,308.9,1426,38.1,208,1,1,0,0,0,0,Failure Risk,Tool Wear Failure
5505,L15504,L,298.2,307.2,1626,56.9,29,1,0,0,1,0,0,Failure Risk,Power Failure
5506,L15505,L,300.2,309.3,1504,46.6,7,0,0,0,0,0,0,Healthy,None
5507,M15506,M,297.0,307.5,1576,52.2,169,0,0,0,0,0,0,Healthy,None
5508,L15507,L,298.0,308.0,1404,50.0,237,1,0,0,0,1,0,Failure Risk,Overstrain Failure
5509,L15508,L,304.1,313.9,1662,33.0,156,0,0,0,0,0,0,Healthy,None
5510,L15509,L,300.9,311.6,1442,58.9,50,0,0,0,0,0,0,Healthy,None
5511,L15510,L,298.5,309.2,1825,22.4,82,0,0,0,0,0,0,Healthy,None
5512,H15511,H,300.8,310.3,1497,43.3,119,0,0,0,0,0,0,Healthy,None
5513,H15512,H,301.1,310.2,1521,19.6,100,1,0,0,1,0,0,Failure Risk,Power Failure
5514,M15513,M,302.0,310.7,1644,23.0,151,0,0,0,0,0,0,Healthy,None
5515,L15514,L,299.7,309.7,1683,49.3,209,0,0,0,0,0,0,Healthy,None
5516,M15515,M,302.0,310.6,1702,33.2,137,0,0,0,0,0,0,Healthy,None
5517,H15516,H,295.9,306.0,1855,52.3,143,1,0,0,1,0,0,Failure Risk,Power Failure
5518,M15517,M,297.9,309.1,1656,18.5,120,1,0,0,1,0,0,Failure Risk,Power Failure
5519,L15518,L,300.3,309.9,1526,39.1,49,0,0,0,0,0,0,Healthy,None
5520,M15519,M,300.7,310.2,1443,28.0,40,0,0,0,0,0,0,Healthy,None
5521,H15520,H,298.2,310.2,1514,36.7,233,0,0,0,0,0,0,Healthy,None
5522,M15521,M,300.5,312.0,1803,55.3,53,1,0,0,1,0,0,Failure Risk,Power Failure
5523,M15522,M,298.8,308.0,1289,57.7,43,0,0,0,0,0,0,Healthy,None
5524,L15523,L,299.4,309.5,1391,45.1,59,0,0,0,0,0,0,Healthy,None
5525,M15524,M,302.0,312.3,1498,24.2,68,0,0,0,0,0,0,Healthy,None
5526,L15525,L,301.8,312.0,1389,28.1,78,0,0,0,0,0,0,Healthy,None
5527,M15526,M,298.0,309.8,1464,41.6,22,0,0,0,0,0,0,Healthy,None
5528,L15527,L,297.9,308.0,1861,32.0,222,0,0,0,0,0,0,Healthy,None
5529,L15528,L,299.2,309.4,1484,46.5,93,0,0,0,0,0,0,Healthy,None
5530,L15529,L,299.9,310.6,1611,56.6,70,1,0,0,1,0,0,Failure Risk,Power Failure
5531,M15530,M,298.7,309.9,1241,30.3,19,0,0,0,0,0,0,Healthy,None
5532,L15531,L,302.1,313.0,1340,31.1,38,0,0,0,0,0,0,Healthy,None
5533,M15532,M,300.7,311.2,1704,28.3,2,0,0,0,0,0,0,Healthy,None
5534,M15533,M,300.8,309.2,1836,37.5,2,0,0,0,0,0,0,Healthy,None
5535,L15534,L,297.5,307.0,1577,40.5,158,0,0,0,0,0,0,Healthy,None
5536,L15535,L,302.3,313.1,1483,40.2,6,0,0,0,0,0,0,Healthy,None
5537,L15536,L,294.4,304.7,1626,48.9,128,0,0,0,0,0,0,Healthy,None
5538,H15537,H,301.7,312.5,1168,43.9,183,0,0,0,0,0,0,Healthy,None
5539,M15538,M,301.9,313.8,1579,39.4,154,0,0,0,0,0,0,Healthy,None
5540,L15539,L,299.1,307.9,1350,40.4,241,0,0,0,0,0,0,Healthy,None
5541,L15540,L,302.5,313.6,1680,40.8,192,0,0,0,0,0,0,Healthy,None
5542,M15541,M,299.9,309.6,1168,39.4,69,0,0,0,0,0,0,Healthy,None
5543,H15542,H,300.1,311.0,1425,33.3,211,0,0,0,0,0,0,Healthy,None
5544,H15543,H,300.7,310.7,1530,28.1,166,0,0,0,0,0,0,Healthy,None
5545,M15544,M,306.4,318.5,1401,41.4,107,0,0,0,0,0,0,Healthy,None
5546,L15545,L,302.7,312.8,1470,35.1,2,0,0,0,0,0,0,Healthy,None
5547,L15546,L,301.4,310.8,1699,45.2,186,0,0,0,0,0,0,Healthy,None
5548,L15547,L,298.2,308.6,1533,40.7,1,0,0,0,0,0,0,Healthy,None
5549,L15548,L,300.3,310.6,1371,40.1,251,0,0,0,0,0,0,Healthy,None
5550,L15549,L,298.4,309.5,1706,49.7,174,0,0,0,0,0,0,Healthy,None
5551,L15550,L,301.6,312.0,1582,26.1,95,0,0,0,0,0,0,Healthy,None
5552,L15551,L,300.3,312.8,1590,57.5,250,1,0,0,1,1,0,Failure Risk,"Power Failure, Overstrain Failure"
5553,H15552,H,297.8,307.7,1378,18.4,19,1,0,0,1,0,0,Failure Risk,Power Failure
5554,M15553,M,300.2,310.1,1168,54.4,227,1,0,0,0,1,0,Failure Risk,Overstrain Failure
5555,H15554,H,298.3,307.7,1375,42.0,26,0,0,0,0,0,0,Healthy,None
5556,M15555,M,300.3,310.4,1357,34.8,83,0,0,0,0,0,0,Healthy,None
5557,L15556,L,298.3,308.5,1428,25.4,18,0,0,0,0,0,0,Healthy,None
5558,M15557,M,300.1,310.4,1387,34.1,182,0,0,0,0,0,0,Healthy,None
5559,L15558,L,301.5,311.6,1558,38.4,62,0,0,0,0,0,0,Healthy,None
5560,M15559,M,299.9,309.3,1695,41.9,212,0,0,0,0,0,0,Healthy,None
5561,L15560,L,299.2,308.3,1730,54.3,42,1,0,0,1,0,0,Failure Risk,Power Failure
5562,H15561,H,300.4,310.0,1687,40.7,211,0,0,0,0,0,0,Healthy,None
5563,L15562,L,301.4,312.5,1377,43.2,132,0,0,0,0,0,0,Healthy,None
5564,L15563,L,297.8,309.2,1548,43.5,118,0,0,0,0,0,0,Healthy,None
5565,H15564,H,300.5,310.4,1818,36.8,147,0,0,0,0,0,0,Healthy,None
5566,L15565,L,302.6,311.7,1254,38.1,203,0,0,0,0,0,0,Healthy,None
5567,M15566,M,301.1,311.0,1779,38.9,111,0,0,0,0,0,0,Healthy,None
5568,M15567,M,300.1,312.2,1359,46.2,188,0,0,0,0,0,0,Healthy,None
5569,H15568,H,301.3,312.3,1590,31.0,189,0,0,0,0,0,0,Healthy,None
5570,H15569,H,300.9,311.5,1611,35.0,73,0,0,0,0,0,0,Healthy,None
5571,H15570,H,301.5,312.5,1571,43.5,244,1,1,0,0,0,0,Failure Risk,Tool Wear Failure
5572,L15571,L,296.0,307.5,1936,29.3,190,0,0,0,0,0,0,Healthy,None
5573,H15572,H,296.9,305.7,1484,41.1,149,0,0,0,0,0,0,Healthy,None
5574,M15573,M,302.0,311.6,1244,34.6,37,0,0,0,0,0,0,Healthy,None
5575,M15574,M,297.0,306.5,1601,45.0,91,0,0,0,0,0,0,Healthy,None
5576,L15575,L,300.8,311.4,1507,53.6,139,0,0,0,0,0,0,Healthy,None
5577,M15576,M,299.3,309.5,1637,34.6,102,0,0,0,0,0,0,Healthy,None
5578,H15577,H,298.0,308.8,1695,47.5,201,0,0,0,0,0,0,Healthy,None
5579,H15578,H,300.7,310.2,1531,42.0,239,1,1,0,0,0,0,Failure Risk,Tool Wear Failure
5580,L15579,L,300.4,311.8,1616,36.2,60,0,0,0,0,0,0,Healthy,None
5581,L15580,L,304.2,314.1,1563,40.1,98,0,0,0,0,0,0,Healthy,None
5582,L15581,L,298.8,309.5,1858,52.8,47,1,0,0,1,0,0,Failure Risk,Power Failure
5583,H15582,H,302.9,314.1,1471,38.3,235,0,0,0,0,0,0,Healthy,None
5584,M15583,M,300.7,311.8,1415,53.0,231,1,1,0,0,1,0,Failure Risk,"Tool Wear Failure, Overstrain Failure"
5585,L15584,L,298.7,309.1,1695,38.8,228,1,1,0,0,0,0,Failure Risk,Tool Wear Failure
5586,L15585,L,301.6,312.4,1371,26.0,144,0,0,0,0,0,0,Healthy,None
5587,L15586,L,301.1,312.8,1608,38.5,243,0,0,0,0,0,0,Healthy,None
5588,L15587,L,300.1,310.6,1507,25.2,218,0,0,0,0,0,0,Healthy,None
5589,H15588,H,300.5,309.8,1519,36.9,51,0,0,0,0,0,0,Healthy,None
5590,M15589,M,298.8,309.4,1974,36.5,45,0,0,0,0,0,0,Healthy,None
5591,L15590,L,298.3,308.3,1758,58.0,55,1,0,0,1,0,0,Failure Risk,Power Failure
5592,M15591,M,301.5,309.2,1720,55.9,28,1,0,0,1,0,0,Failure Risk,Power Failure
5593,L15592,L,299.6,310.1,1632,40.8,217,0,0,0,0,0,0,Healthy,None
5594,H15593,H,299.8,309.9,1414,52.0,72,0,0,0,0,0,0,Healthy,None
5595,L15594,L,300.6,311.8,1584,36.1,178,0,0,0,0,0,0,Healthy,None
5596,L15595,L,300.5,309.7,1642,25.9,126,0,0,0,0,0,0,Healthy,None
5597,L15596,L,297.1,305.6,1573,45.2,203,0,0,0,0,0,0,Healthy,None
5598,M15597,M,302.6,312.8,1554,43.6,234,0,0,0,0,0,0,Healthy,None
5599,M15598,M,300.2,310.6,1466,30.7,153,0,0,0,0,0,0,Healthy,None
5600,M15599,M,299.6,309.7,1586,31.2,224,0,0,0,0,0,0,Healthy,None
5601,L15600,L,300.9,310.9,1443,49.3,223,0,0,0,0,0,0,Healthy,None
5602,L15601,L,300.5,309.4,1663,23.3,74,0,0,0,0,0,0,Healthy,None
5603,L15602,L,301.5,311.4,1177,45.5,252,1,1,0,0,1,0,Failure Risk,"Tool Wear Failure, Overstrain Failure"
5604,M15603,M,301.1,310.8,1781,36.9,28,0,0,0,0,0,0,Healthy,None
5605,L15604,L,301.4,312.5,1303,45.5,186,0,0,0,0,0,0,Healthy,None
5606,M15605,M,302.7,313.1,1346,49.8,7,0,0,0,0,0,0,Healthy,None
5607,H15606,H,301.8,311.5,1611,31.3,24,0,0,0,0,0,0,Healthy,None
5608,H15607,H,299.7,311.4,1634,28.7,211,0,0,0,0,0,0,Healthy,None
5609,L15608,L,297.8,307.5,1910,54.5,148,1,0,0,1,0,0,Failure Risk,Power Failure
5610,L15609,L,303.3,313.9,1591,39.4,3,0,0,0,0,0,0,Healthy,None
5611,L15610,L,299.5,309.3,1530,43.2,35,0,0,0,0,0,0,Healthy,None
5612,M15611,M,299.1,310.7,1572,49.0,170,0,0,0,0,0,0,Healthy,None
5613,H15612,H,296.5,306.6,1822,30.5,220,1,1,0,0,0,0,Failure Risk,Tool Wear Failure
5614,L15613,L,300.7,310.8,1971,48.9,82,1,0,0,1,0,0,Failure Risk,Power Failure
5615,L15614,L,300.3,310.2,1504,46.3,153,0,0,0,0,0,0,Healthy,None
5616,H15615,H,297.0,307.2,1635,54.6,35,1,0,0,1,0,0,Failure Risk,Power Failure
5617,H15616,H,300.9,312.1,1524,54.4,216,0,0,0,0,0,0,Healthy,None
5618,L15617,L,299.0,309.8,1521,40.6,150,0,0,0,0,0,0,Healthy,None
5619,M15618,M,305.4,315.4,1874,47.5,229,1,0,0,1,0,0,Failure Risk,Power Failure
5620,L15619,L,298.9,310.6,1372,40.4,219,1,1,0,0,0,0,Failure Risk,Tool Wear Failure
5621,L15620,L,299.1,310.0,1168,41.4,168,0,0,0,0,0,0,Healthy,None
5622,H15621,H,298.3,307.9,1594,28.8,74,0,0,0,0,0,0,Healthy,None
5623,H15622,H,302.6,311.2,1752,37.8,92,0,0,0,0,0,0,Healthy,None
5624,M15623,M,299.3,308.9,1577,22.2,171,0,0,0,0,0,0,Healthy,None
5625,L15624,L,298.6,309.0,1627,38.6,49,0,0,0,0,0,0,Healthy,None
5626,H15625,H,301.4,312.0,1672,53.1,211,1,1,0,1,0,0,Failure Risk,"Tool Wear Failure, Power Failure"
5627,L15626,L,297.2,308.6,1557,47.7,8,0,0,0,0,0,0,Healthy,None
5628,L15627,L,301.3,310.2,1637,41.1,215,0,0,0,0,0,0,Healthy,None
5629,M15628,M,303.6,313.2,1634,38.0,174,0,0,0,0,0,0,Healthy,None
5630,L15629,L,301.1,309.9,1187,34.7,112,0,0,0,0,0,0,Healthy,None
5631,M15630,M,301.3,310.0,1558,30.9,168,0,0,0,0,0,0,Healthy,None
5632,M15631,M,301.7,311.1,1256,48.1,12,0,0,0,0,0,0,Healthy,None
5633,L15632,L,303.4,313.8,1531,24.8,185,0,0,0,0,0,0,Healthy,None
5634,L15633,L,302.4,313.2,1449,24.6,193,0,0,0,0,0,0,Healthy,None
5635,L15634,L,300.9,310.0,1723,49.0,80,0,0,0,0,0,0,Healthy,None
5636,L15635,L,301.8,311.0,1581,42.1,241,0,0,0,0,0,0,Healthy,None
5637,M15636,M,298.2,306.4,1622,40.4,185,0,0,0,0,0,0,Healthy,None
5638,H15637,H,301.6,311.8,1503,42.0,218,1,1,0,0,0,0,Failure Risk,Tool Wear Failure
5639,L15638,L,298.0,307.3,1726,59.9,101,1,0,0,1,0,0,Failure Risk,Power Failure
5640,L15639,L,299.3,311.0,1252,40.6,65,0,0,0,0,0,0,Healthy,None
5641,M15640,M,293.8,304.2,1377,42.9,160,0,0,0,0,0,0,Healthy,None
5642,H15641,H,300.8,310.6,1768,60.4,196,1,0,0,1,0,0,Failure Risk,Power Failure
5643,L15642,L,298.7,308.1,1460,39.4,77,0,0,0,0,0,0,Healthy,None
5644,L15643,L,302.2,310.7,1168,57.1,26,1,0,1,0,0,0,Failure Risk,Heat Dissipation Failure
5645,M15644,M,300.8,309.4,1798,19.1,49,0,0,0,0,0,0,Healthy,None
5646,L15645,L,302.2,311.6,1730,28.5,58,0,0,0,0,0,0,Healthy,None
5647,L15646,L,297.8,307.1,1665,33.4,99,0,0,0,0,0,0,Healthy,None
5648,M15647,M,302.1,311.1,1554,45.8,218,1,1,0,0,0,0,Failure Risk,Tool Wear Failure
5649,M15648,M,304.2,314.6,1835,57.6,77,1,0,0,1,0,0,Failure Risk,Power Failure
5650,M15649,M,301.5,312.0,1763,34.2,206,0,0,0,0,0,0,Healthy,None
5651,M15650,M,301.6,311.1,1815,49.7,154,1,0,0,1,0,0,Failure Risk,Power Failure
5652,M15651,M,300.3,312.2,1662,62.1,186,1,0,0,1,0,0,Failure Risk,Power Failure
5653,L15652,L,299.0,307.3,1559,55.5,183,1,0,0,1,0,0,Failure Risk,Power Failure
5654,L15653,L,301.5,311.6,1466,36.0,249,0,0,0,0,0,0,Healthy,None
5655,L15654,L,297.0,306.8,1310,48.6,122,0,0,0,0,0,0,Healthy,None
5656,L15655,L,299.2,308.6,1627,43.4,245,0,0,0,0,0,0,Healthy,None
5657,M15656,M,296.5,305.8,1642,33.5,71,0,0,0,0,0,0,Healthy,None
5658,H15657,H,298.6,308.6,1475,44.2,212,0,0,0,0,0,0,Healthy,None
5659,H15658,H,301.3,311.1,1647,35.3,161,0,0,0,0,0,0,Healthy,None
5660,M15659,M,301.0,310.6,1478,41.2,48,0,0,0,0,0,0,Healthy,None
5661,L15660,L,300.1,308.8,1693,26.4,219,0,0,0,0,0,0,Healthy,None
5662,L15661,L,300.3,308.7,1380,22.5,215,1,1,0,1,0,0,Failure Risk,"Tool Wear Failure, Power Failure"
5663,H15662,H,296.2,305.9,1349,37.2,144,0,0,0,0,0,0,Healthy,None
5664,M15663,M,299.3,308.9,1494,43.1,121,0,0,0,0,0,0,Healthy,None
5665,M15664,M,298.6,308.4,1686,28.8,248,1,1,0,0,0,0,Failure Risk,Tool Wear Failure
5666,M15665,M,298.7,308.6,1330,45.2,115,0,0,0,0,0,0,Healthy,None
5667,M15666,M,301.2,310.7,1725,40.4,69,0,0,0,0,0,0,Healthy,None
5668,H15667,H,298.3,308.1,1243,46.4,165,0,0,0,0,0,0,Healthy,None
5669,L15668,L,298.8,307.9,1493,49.4,210,0,0,0,0,0,0,Healthy,None
5670,M15669,M,295.8,307.3,1285,53.3,0,0,0,0,0,0,0,Healthy,None
5671,H15670,H,299.4,308.6,1168,46.0,165,0,0,0,0,0,0,Healthy,None
5672,L15671,L,297.8,307.4,1603,37.1,25,0,0,0,0,0,0,Healthy,None
5673,M15672,M,300.2,309.5,1506,41.9,196,0,0,0,0,0,0,Healthy,None
5674,L15673,L,298.1,307.4,1287,63.1,195,1,0,0,0,1,0,Failure Risk,Overstrain Failure
5675,H15674,H,300.2,310.2,1445,49.8,24,0,0,0,0,0,0,Healthy,None
5676,L15675,L,299.7,309.6,1617,40.7,108,0,0,0,0,0,0,Healthy,None
5677,M15676,M,303.3,312.8,1472,38.5,115,0,0,0,0,0,0,Healthy,None
5678,L15677,L,301.0,310.7,1502,34.1,240,1,1,0,0,0,0,Failure Risk,Tool Wear Failure
5679,M15678,M,296.3,305.6,1466,28.2,57,0,0,0,0,0,0,Healthy,None
5680,L15679,L,297.5,307.9,1433,56.9,172,0,0,0,0,0,0,Healthy,None
5681,L15680,L,300.1,312.2,1431,44.7,21,0,0,0,0,0,0,Healthy,None
5682,L15681,L,298.1,307.2,1426,27.4,175,0,0,0,0,0,0,Healthy,None
5683,H15682,H,294.1,304.5,1403,38.8,12,0,0,0,0,0,0,Healthy,None
5684,L15683,L,302.7,312.7,1355,52.6,214,1,0,0,0,1,0,Failure Risk,Overstrain Failure
5685,L15684,L,301.4,312.1,1470,35.6,96,0,0,0,0,0,0,Healthy,None
5686,M15685,M,301.0,311.7,1423,31.9,152,0,0,0,0,0,0,Healthy,None
5687,M15686,M,298.8,309.0,1346,43.5,9,0,0,0,0,0,0,Healthy,None
5688,H15687,H,300.9,310.9,1675,46.5,17,0,0,0,0,0,0,Healthy,None
5689,L15688,L,298.6,308.2,1758,35.6,54,0,0,0,0,0,0,Healthy,None
5690,M15689,M,300.4,309.6,1537,34.1,154,0,0,0,0,0,0,Healthy,None
5691,L15690,L,298.2,308.1,1549,44.6,55,0,0,0,0,0,0,Healthy,None
5692,L15691,L,303.0,311.7,1414,28.9,55,0,0,0,0,0,0,Healthy,None
5693,M15692,M,296.9,306.3,1728,34.7,48,0,0,0,0,0,0,Healthy,None
5694,M15693,M,302.5,313.6,1849,38.8,153,0,0,0,0,0,0,Healthy,None
5695,M15694,M,300.1,310.2,1508,47.3,112,0,0,0,0,0,0,Healthy,None
5696,L15695,L,299.0,309.9,1444,35.8,233,0,0,0,0,0,0,Healthy,None
5697,L15696,L,300.3,311.8,1599,45.6,115,0,0,0,0,0,0,Healthy,None
5698,L15697,L,301.5,311.3,1561,51.5,1,0,0,0,0,0,0,Healthy,None
5699,H15698,H,302.7,312.9,1448,35.0,73,0,0,0,0,0,0,Healthy,None
5700,L15699,L,300.6,310.3,1622,71.9,187,1,0,0,1,1,0,Failure Risk,"Power Failure, Overstrain Failure"
5701,L15700,L,298.2,307.4,1705,54.1,83,1,0,0,1,0,0,Failure Risk,Power Failure
5702,L15701,L,300.1,309.1,1397,42.7,37,0,0,0,0,0,0,Healthy,None
5703,M15702,M,303.6,314.4,1993,38.2,130,0,0,0,0,0,0,Healthy,None
5704,L15703,L,302.7,312.9,1263,34.5,201,0,0,0,0,0,0,Healthy,None
5705,H15704,H,301.8,313.6,1385,56.4,219,0,0,0,0,0,0,Healthy,None
5706,L15705,L,301.6,312.6,1579,42.1,210,0,0,0,0,0,0,Healthy,None
5707,H15706,H,301.4,310.7,1940,25.8,122,0,0,0,0,0,0,Healthy,None
5708,L15707,L,302.3,313.1,1437,23.0,208,1,0,0,1,0,0,Failure Risk,Power Failure
5709,M15708,M,299.1,308.8,1347,41.1,107,0,0,0,0,0,0,Healthy,None
5710,H15709,H,297.3,308.5,1636,41.3,52,0,0,0,0,0,0,Healthy,None
5711,L15710,L,300.1,309.6,1493,30.9,171,0,0,0,0,0,0,Healthy,None
5712,H15711,H,298.4,307.3,1657,25.0,126,0,0,0,0,0,0,Healthy,None
5713,L15712,L,297.9,307.1,1525,20.6,22,1,0,0,1,0,0,Failure Risk,Power Failure
5714,H15713,H,298.6,307.9,1384,32.5,27,0,0,0,0,0,0,Healthy,None
5715,M15714,M,305.0,314.2,1958,36.4,90,0,0,0,0,0,0,Healthy,None
5716,L15715,L,300.3,309.7,1168,46.8,159,0,0,0,0,0,0,Healthy,None
5717,L15716,L,300.7,311.6,1863,38.7,229,0,0,0,0,0,0,Healthy,None
5718,L15717,L,297.6,309.4,1705,50.5,203,1,0,0,1,0,0,Failure Risk,Power Failure
5719,L15718,L,296.3,305.0,1404,46.0,19,0,0,0,0,0,0,Healthy,None
5720,L15719,L,298.4,309.7,1873,45.1,133,0,0,0,0,0,0,Healthy,None
5721,L15720,L,302.9,312.4,1292,49.7,2,0,0,0,0,0,0,Healthy,None
5722,L15721,L,300.7,311.0,1718,26.3,2,0,0,0,0,0,0,Healthy,None
5723,M15722,M,301.2,309.5,1168,34.7,22,1,0,1,0,0,0,Failure Risk,Heat Dissipation Failure
5724,L15723,L,301.5,312.0,1332,63.8,72,0,0,0,0,0,0,Healthy,None
5725,L15724,L,298.8,306.8,1332,21.1,32,1,0,1,1,0,0,Failure Risk,"Heat Dissipation Failure, Power Failure"
5726,M15725,M,302.8,313.1,1403,37.1,163,0,0,0,0,0,0,Healthy,None
5727,L15726,L,298.7,309.0,1540,44.7,63,0,0,0,0,0,0,Healthy,None
5728,L15727,L,302.8,313.0,1390,21.4,139,1,0,0,1,0,0,Failure Risk,Power Failure
5729,L15728,L,300.9,310.2,1173,32.5,189,0,0,0,0,0,0,Healthy,None
5730,H15729,H,296.4,306.9,1620,59.8,25,1,0,0,1,0,0,Failure Risk,Power Failure
5731,H15730,H,298.5,308.9,1546,41.7,36,0,0,0,0,0,0,Healthy,None
5732,L15731,L,296.4,306.2,1611,34.3,113,0,0,0,0,0,0,Healthy,None
5733,M15732,M,302.3,313.0,1568,42.1,175,0,0,0,0,0,0,Healthy,None
5734,M15733,M,300.0,309.9,1708,34.3,73,0,0,0,0,0,0,Healthy,None
5735,M15734,M,295.5,306.0,1524,57.0,43,1,0,0,1,0,0,Failure Risk,Power Failure
5736,M15735,M,300.8,310.7,1719,30.2,138,0,0,0,0,0,0,Healthy,None
5737,M15736,M,298.9,309.1,1399,34.8,210,0,0,0,0,0,0,Healthy,None
5738,L15737,L,297.0,307.6,1409,25.2,196,0,0,0,0,0,0,Healthy,None
5739,L15738,L,303.4,313.0,1784,37.1,23,0,0,0,0,0,0,Healthy,None
5740,L15739,L,300.2,309.0,1780,38.3,226,0,0,0,0,0,0,Healthy,None
5741,H15740,H,299.4,309.7,1640,51.8,91,0,0,0,0,0,0,Healthy,None
5742,M15741,M,299.2,310.4,1378,29.9,93,0,0,0,0,0,0,Healthy,None
5743,H15742,H,297.0,307.3,1364,44.8,18,0,0,0,0,0,0,Healthy,None
5744,H15743,H,297.4,307.7,1775,40.9,197,0,0,0,0,0,0,Healthy,None
5745,L15744,L,302.6,312.6,1765,21.3,55,0,0,0,0,0,0,Healthy,None
5746,M15745,M,299.1,309.8,1526,32.8,48,0,0,0,0,0,0,Healthy,None
5747,M15746,M,300.0,309.8,1957,32.4,118,0,0,0,0,0,0,Healthy,None
5748,H15747,H,295.9,305.4,1620,56.7,108,1,0,0,1,0,0,Failure Risk,Power Failure
5749,H15748,H,297.4,308.5,1339,45.4,230,0,0,0,0,0,0,Healthy,None
5750,M15749,M,301.2,310.7,1488,41.4,210,0,0,0,0,0,0,Healthy,None
5751,L15750,L,300.8,311.7,1538,3.8,242,1,0,0,1,0,0,Failure Risk,Power Failure
5752,M15751,M,303.5,314.6,1553,21.1,56,1,0,0,1,0,0,Failure Risk,Power Failure
5753,L15752,L,302.7,313.3,1761,47.2,94,0,0,0,0,0,0,Healthy,None
5754,M15753,M,299.5,308.3,1366,47.7,121,0,0,0,0,0,0,Healthy,None
5755,H15754,H,300.9,310.9,1299,32.7,235,0,0,0,0,0,0,Healthy,None
5756,L15755,L,299.4,309.2,1645,40.3,10,0,0,0,0,0,0,Healthy,None
5757,M15756,M,304.1,313.6,1447,39.6,190,0,0,0,0,0,0,Healthy,None
5758,L15757,L,302.3,312.4,1971,41.7,80,0,0,0,0,0,0,Healthy,None
5759,L15758,L,300.3,311.1,1706,36.3,144,0,0,0,0,0,0,Healthy,None
5760,L15759,L,300.4,309.9,1443,48.1,113,0,0,0,0,0,0,Healthy,None
5761,M15760,M,302.9,312.7,1755,51.0,14,1,0,0,1,0,0,Failure Risk,Power Failure
5762,H15761,H,301.2,311.0,1668,30.5,197,0,0,0,0,0,0,Healthy,None
5763,H15762,H,303.1,314.3,1651,28.2,189,0,0,0,0,0,0,Healthy,None
5764,L15763,L,295.6,305.3,1516,32.1,159,0,0,0,0,0,0,Healthy,None
5765,H15764,H,300.9,309.7,1613,40.5,167,0,0,0,0,0,0,Healthy,None
5766,M15765,M,299.0,307.4,1168,43.5,138,1,0,1,0,0,0,Failure Risk,Heat Dissipation Failure
5767,L15766,L,303.5,313.9,1773,47.8,121,0,0,0,0,0,0,Healthy,None
5768,L15767,L,303.1,312.3,1168,49.6,12,0,0,0,0,0,0,Healthy,None
5769,L15768,L,300.1,310.8,1458,43.6,80,0,0,0,0,0,0,Healthy,None
5770,H15769,H,303.1,311.8,1252,42.3,27,0,0,0,0,0,0,Healthy,None
5771,M15770,M,303.6,313.1,1448,56.3,240,1,0,0,0,1,0,Failure Risk,Overstrain Failure
5772,M15771,M,300.1,308.8,1524,40.0,209,0,0,0,0,0,0,Healthy,None
5773,L15772,L,304.9,315.3,1323,45.8,155,0,0,0,0,0,0,Healthy,None
5774,M15773,M,299.9,310.5,1168,43.2,175,0,0,0,0,0,0,Healthy,None
5775,L15774,L,299.6,309.9,1575,38.3,182,0,0,0,0,0,0,Healthy,None
5776,L15775,L,301.7,310.6,1911,38.4,15,0,0,0,0,0,0,Healthy,None
5777,M15776,M,299.3,308.6,1475,53.1,35,0,0,0,0,0,0,Healthy,None
5778,L15777,L,300.2,310.4,1709,39.1,240,0,0,0,0,0,0,Healthy,None
5779,H15778,H,302.8,311.1,1807,36.5,167,0,0,0,0,0,0,Healthy,None
5780,L15779,L,300.0,309.8,1197,32.7,147,0,0,0,0,0,0,Healthy,None
5781,M15780,M,296.6,308.1,1456,44.2,230,1,1,0,0,0,0,Failure Risk,Tool Wear Failure
5782,L15781,L,300.7,310.5,1309,34.9,90,0,0,0,0,0,0,Healthy,None
5783,M15782,M,298.6,307.1,1393,43.3,231,0,0,0,0,0,0,Healthy,None
5784,L15783,L,301.7,311.1,1842,41.8,96,0,0,0,0,0,0,Healthy,None
5785,L15784,L,301.4,310.8,1578,35.8,1,0,0,0,0,0,0,Healthy,None
5786,H15785,H,302.9,315.0,1679,26.2,204,0,0,0,0,0,0,Healthy,None
5787,L15786,L,301.8,313.5,1530,29.8,1,0,0,0,0,0,0,Healthy,None
5788,H15787,H,302.2,312.9,1321,31.4,250,1,1,0,0,0,0,Failure Risk,Tool Wear Failure
5789,H15788,H,298.7,308.4,1659,30.1,127,0,0,0,0,0,0,Healthy,None
5790,L15789,L,301.6,312.8,1762,44.5,100,0,0,0,0,0,0,Healthy,None
5791,L15790,L,303.9,312.8,1594,61.1,68,1,0,0,1,0,0,Failure Risk,Power Failure
5792,M15791,M,298.6,309.7,1625,34.9,69,0,0,0,0,0,0,Healthy,None
5793,H15792,H,303.6,314.5,1316,36.2,49,0,0,0,0,0,0,Healthy,None
5794,H15793,H,298.9,308.7,1664,34.2,95,0,0,0,0,0,0,Healthy,None
5795,M15794,M,298.3,309.4,1778,48.5,175,1,0,0,1,0,0,Failure Risk,Power Failure
5796,M15795,M,300.6,310.2,1610,44.2,151,0,0,0,0,0,0,Healthy,None
5797,L15796,L,301.4,310.1,1216,39.8,208,0,0,0,0,0,0,Healthy,None
5798,H15797,H,301.8,312.8,1830,28.0,136,0,0,0,0,0,0,Healthy,None
5799,H15798,H,298.1,308.0,1368,30.4,244,0,0,0,0,0,0,Healthy,None
5800,L15799,L,300.9,311.5,1607,41.7,121,0,0,0,0,0,0,Healthy,None
5801,L15800,L,298.6,310.4,1708,42.2,167,0,0,0,0,0,0,Healthy,None
5802,L15801,L,297.0,306.3,1731,39.8,167,0,0,0,0,0,0,Healthy,None
5803,L15802,L,298.1,308.0,1215,46.6,129,0,0,0,0,0,0,Healthy,None
5804,H15803,H,298.5,310.1,1558,27.9,72,0,0,0,0,0,0,Healthy,None
5805,L15804,L,301.0,311.7,1547,43.0,133,0,0,0,0,0,0,Healthy,None
5806,L15805,L,302.3,311.6,1795,42.5,146,0,0,0,0,0,0,Healthy,None
5807,L15806,L,297.1,306.1,1620,30.5,96,0,0,0,0,0,0,Healthy,None
5808,H15807,H,300.7,310.2,1797,34.0,120,0,0,0,0,0,0,Healthy,None
5809,M15808,M,297.6,306.9,1634,46.9,18,0,0,0,0,0,0,Healthy,None
5810,L15809,L,301.3,311.5,1524,28.7,160,0,0,0,0,0,0,Healthy,None
5811,L15810,L,298.8,308.9,1572,64.4,116,1,0,0,1,0,0,Failure Risk,Power Failure
5812,H15811,H,297.9,308.2,1810,45.5,247,0,0,0,0,0,0,Healthy,None
5813,H15812,H,301.6,310.8,1305,39.4,236,0,0,0,0,0,0,Healthy,None
5814,L15813,L,298.8,308.7,1700,37.5,60,0,0,0,0,0,0,Healthy,None
5815,L15814,L,299.4,307.3,1425,47.8,29,0,0,0,0,0,0,Healthy,None
5816,L15815,L,295.6,305.7,1387,35.9,230,0,0,0,0,0,0,Healthy,None
5817,L15816,L,301.9,313.1,1721,36.3,116,0,0,0,0,0,0,Healthy,None
5818,M15817,M,301.6,310.2,1379,54.4,189,1,0,1,0,0,0,Failure Risk,Heat Dissipation Failure
5819,H15818,H,300.0,310.5,1605,35.3,140,0,0,0,0,0,0,Healthy,None
5820,L15819,L,296.9,306.3,1450,41.3,145,0,0,0,0,0,0,Healthy,None
5821,H15820,H,302.4,313.2,1168,32.5,129,0,0,0,0,0,0,Healthy,None
5822,L15821,L,298.7,308.9,1623,42.6,2,0,0,0,0,0,0,Healthy,None
5823,M15822,M,299.1,309.5,1560,45.7,133,0,0,0,0,0,0,Healthy,None
5824,M15823,M,304.6,314.7,1196,56.7,155,0,0,0,0,0,0,Healthy,None
5825,L15824,L,298.6,309.9,1412,30.7,76,0,0,0,0,0,0,Healthy,None
5826,L15825,L,301.5,311.8,1214,25.7,83,1,0,0,1,0,0,Failure Risk,Power Failure
5827,M15826,M,301.1,310.4,1668,37.4,159,0,0,0,0,0,0,Healthy,None
5828,L15827,L,300.8,310.9,1786,33.9,126,0,0,0,0,0,0,Healthy,None
5829,L15828,L,300.6,310.2,1690,39.8,59,0,0,0,0,0,0,Healthy,None
5830,M15829,M,300.8,311.0,1715,45.2,158,0,0,0,0,0,0,Healthy,None
5831,H15830,H,300.5,310.1,1445,62.4,60,1,0,0,1,0,0,Failure Risk,Power Failure
5832,L15831,L,299.9,309.2,1635,35.5,8,0,0,0,0,0,0,Healthy,None
5833,H15832,H,303.0,313.2,1536,18.1,66,1,0,0,1,0,0,Failure Risk,Power Failure
5834,L15833,L,297.4,307.5,1571,37.6,181,0,0,0,0,0,0,Healthy,None
5835,M15834,M,302.0,313.1,1709,43.5,94,0,0,0,0,0,0,Healthy,None
5836,M15835,M,301.6,311.2,1748,30.4,206,0,0,0,0,0,0,Healthy,None
5837,H15836,H,301.4,309.4,1468,42.3,67,0,0,0,0,0,0,Healthy,None
5838,L15837,L,302.2,311.8,1286,41.4,240,0,0,0,0,0,0,Healthy,None
5839,M15838,M,299.8,308.2,1504,42.6,16,0,0,0,0,0,0,Healthy,None
5840,M15839,M,296.3,306.7,1498,47.8,236,1,1,0,0,0,0,Failure Risk,Tool Wear Failure
5841,L15840,L,299.9,308.2,1588,39.2,58,0,0,0,0,0,0,Healthy,None
5842,L15841,L,298.0,307.0,1687,45.4,158,0,0,0,0,0,0,Healthy,None
5843,L15842,L,298.5,308.1,1195,22.2,220,1,0,0,1,0,0,Failure Risk,Power Failure
5844,L15843,L,297.5,309.0,1417,30.5,202,0,0,0,0,0,0,Healthy,None
5845,H15844,H,299.0,307.9,1365,36.6,188,0,0,0,0,0,0,Healthy,None
5846,L15845,L,298.8,308.8,1761,30.0,95,0,0,0,0,0,0,Healthy,None
5847,L15846,L,295.2,305.8,1500,40.1,39,0,0,0,0,0,0,Healthy,None
5848,M15847,M,301.4,312.9,1446,36.6,130,0,0,0,0,0,0,Healthy,None
5849,L15848,L,304.4,315.2,1634,35.5,177,0,0,0,0,0,0,Healthy,None
5850,M15849,M,301.2,312.3,1431,48.7,128,0,0,0,0,0,0,Healthy,None
5851,L15850,L,299.6,310.5,1535,40.8,7,0,0,0,0,0,0,Healthy,None
5852,H15851,H,299.9,308.7,1862,29.3,61,0,0,0,0,0,0,Healthy,None
5853,H15852,H,299.2,309.6,1857,34.0,191,0,0,0,0,0,0,Healthy,None
5854,H15853,H,300.2,311.0,1465,47.5,168,0,0,0,0,0,0,Healthy,None
5855,L15854,L,299.9,308.9,1505,42.0,16,0,0,0,0,0,0,Healthy,None
5856,M15855,M,298.3,307.7,1427,51.8,199,0,0,0,0,0,0,Healthy,None
5857,L15856,L,303.4,312.6,1193,48.4,42,0,0,0,0,0,0,Healthy,None
5858,L15857,L,297.0,307.8,1723,36.1,224,0,0,0,0,0,0,Healthy,None
5859,L15858,L,301.4,311.3,1971,54.2,217,1,0,0,1,1,0,Failure Risk,"Power Failure, Overstrain Failure"
5860,M15859,M,299.8,309.5,1458,55.0,1,0,0,0,0,0,0,Healthy,None
5861,L15860,L,303.8,312.5,1391,22.3,174,1,0,0,1,0,0,Failure Risk,Power Failure
5862,M15861,M,300.7,310.6,1489,40.3,59,0,0,0,0,0,0,Healthy,None
5863,L15862,L,299.3,308.7,1553,34.6,176,0,0,0,0,0,0,Healthy,None
5864,L15863,L,299.5,309.7,1334,37.4,92,0,0,0,0,0,0,Healthy,None
5865,M15864,M,300.1,309.0,1455,31.9,14,0,0,0,0,0,0,Healthy,None
5866,L15865,L,297.7,307.9,1719,30.7,252,0,0,0,0,0,0,Healthy,None
5867,M15866,M,298.5,308.1,1560,48.9,124,0,0,0,0,0,0,Healthy,None
5868,L15867,L,296.4,305.2,1765,28.4,93,0,0,0,0,0,0,Healthy,None
5869,H15868,H,298.2,306.9,1603,40.9,177,0,0,0,0,0,0,Healthy,None
5870,M15869,M,300.2,309.0,1343,26.6,235,1,1,0,0,0,0,Failure Risk,Tool Wear Failure
5871,L15870,L,300.6,310.4,1434,52.6,173,0,0,0,0,0,0,Healthy,None
5872,L15871,L,296.0,306.1,1582,40.3,203,1,1,0,0,0,0,Failure Risk,Tool Wear Failure
5873,M15872,M,299.7,310.0,1337,47.4,1,0,0,0,0,0,0,Healthy,None
5874,H15873,H,301.1,311.4,1313,41.9,123,0,0,0,0,0,0,Healthy,None
5875,L15874,L,299.7,308.9,1324,37.5,212,0,0,0,0,0,0,Healthy,None
5876,L15875,L,298.7,309.8,1630,40.7,156,0,0,0,0,0,0,Healthy,None
5877,H15876,H,299.2,308.8,1472,54.9,121,0,0,0,0,0,0,Healthy,None
5878,M15877,M,298.9,309.4,1749,31.1,156,0,0,0,0,0,0,Healthy,None
5879,L15878,L,298.7,308.5,1377,14.8,79,1,0,0,1,0,0,Failure Risk,Power Failure
5880,L15879,L,300.3,310.7,1168,32.2,114,0,0,0,0,0,0,Healthy,None
5881,L15880,L,304.6,314.4,1514,28.0,94,0,0,0,0,0,0,Healthy,None
5882,M15881,M,298.5,308.9,1832,49.6,188,1,0,0,1,0,0,Failure Risk,Power Failure
5883,L15882,L,299.4,309.4,1544,38.3,96,0,0,0,0,0,0,Healthy,None
5884,H15883,H,299.9,310.7,1292,48.2,121,0,0,0,0,0,0,Healthy,None
5885,L15884,L,298.6,307.8,1247,40.3,65,0,0,0,0,0,0,Healthy,None
5886,L15885,L,302.2,310.4,1752,40.1,43,0,0,0,0,0,0,Healthy,None
5887,M15886,M,295.3,304.3,1393,41.6,3,0,0,0,0,0,0,Healthy,None
5888,H15887,H,298.9,310.0,1813,54.7,38,1,0,0,1,0,0,Failure Risk,Power Failure
5889,H15888,H,301.6,311.4,1655,41.8,187,0,0,0,0,0,0,Healthy,None
5890,L15889,L,299.4,309.5,1400,51.0,48,0,0,0,0,0,0,Healthy,None
5891,M15890,M,298.4,307.3,1746,50.3,4,1,0,0,1,0,0,Failure Risk,Power Failure
5892,M15891,M,300.9,311.0,1372,38.4,193,0,0,0,0,0,0,Healthy,None
5893,L15892,L,301.8,310.8,1278,39.3,44,0,0,0,0,0,0,Healthy,None
5894,L15893,L,300.4,309.5,1382,36.3,59,0,0,0,0,0,0,Healthy,None
5895,L15894,L,298.4,308.0,1675,52.7,7,1,0,0,1,0,0,Failure Risk,Power Failure
5896,L15895,L,300.9,311.3,1741,30.7,49,0,0,0,0,0,0,Healthy,None
5897,H15896,H,299.2,309.8,1467,32.8,35,0,0,0,0,0,0,Healthy,None
5898,L15897,L,301.5,312.1,1203,37.3,69,0,0,0,0,0,0,Healthy,None
5899,H15898,H,303.0,311.4,1259,28.6,168,1,0,1,0,0,0,Failure Risk,Heat Dissipation Failure
5900,M15899,M,294.8,304.8,1346,34.1,9,0,0,0,0,0,0,Healthy,None
5901,M15900,M,300.2,310.0,1306,51.2,35,0,0,0,0,0,0,Healthy,None
5902,M15901,M,296.5,305.0,1585,46.4,67,0,0,0,0,0,0,Healthy,None
5903,L15902,L,304.9,314.9,1884,35.8,102,0,0,0,0,0,0,Healthy,None
5904,L15903,L,299.1,308.8,1680,47.9,141,0,0,0,0,0,0,Healthy,None
5905,L15904,L,301.5,312.0,1336,60.6,75,0,0,0,0,0,0,Healthy,None
5906,M15905,M,299.9,310.0,1413,43.1,110,0,0,0,0,0,0,Healthy,None
5907,L15906,L,298.4,307.9,1448,54.1,16,0,0,0,0,0,0,Healthy,None
5908,M15907,M,298.2,309.1,1607,48.4,20,0,0,0,0,0,0,Healthy,None
5909,L15908,L,303.2,311.0,1819,37.1,244,0,0,0,0,0,0,Healthy,None
5910,L15909,L,301.9,311.8,1454,42.0,204,1,1,0,0,0,0,Failure Risk,Tool Wear Failure
5911,L15910,L,303.9,312.1,1813,45.2,96,0,0,0,0,0,0,Healthy,None
5912,H15911,H,300.1,309.2,1914,32.6,53,0,0,0,0,0,0,Healthy,None
5913,M15912,M,300.6,311.1,1475,14.2,140,1,0,0,1,0,0,Failure Risk,Power Failure
5914,L15913,L,299.5,308.2,1470,31.7,127,0,0,0,0,0,0,Healthy,None
5915,M15914,M,299.4,308.0,1473,18.6,175,1,0,0,1,0,0,Failure Risk,Power Failure
5916,L15915,L,297.9,310.3,1549,32.6,44,0,0,0,0,0,0,Healthy,None
5917,H15916,H,300.2,308.8,1473,23.1,136,0,0,0,0,0,0,Healthy,None
5918,M15917,M,298.4,310.1,1696,48.7,54,0,0,0,0,0,0,Healthy,None
5919,L15918,L,300.9,310.7,1260,28.3,49,0,0,0,0,0,0,Healthy,None
5920,M15919,M,300.3,309.8,1442,45.4,239,0,0,0,0,0,0,Healthy,None
5921,L15920,L,300.6,311.2,1596,47.6,19,0,0,0,0,0,0,Healthy,None
5922,H15921,H,303.4,314.7,1693,46.9,107,0,0,0,0,0,0,Healthy,None
5923,L15922,L,299.9,308.8,1930,21.5,167,0,0,0,0,0,0,Healthy,None
5924,M15923,M,301.5,311.0,1307,51.1,0,0,0,0,0,0,0,Healthy,None
5925,L15924,L,304.1,314.9,1421,44.2,204,1,1,0,0,0,0,Failure Risk,Tool Wear Failure
5926,M15925,M,302.6,312.9,1168,48.0,85,0,0,0,0,0,0,Healthy,None
5927,M15926,M,302.3,313.4,1339,58.1,242,1,0,0,0,1,0,Failure Risk,Overstrain Failure
5928,M15927,M,299.4,309.9,1221,47.9,204,0,0,0,0,0,0,Healthy,None
5929,M15928,M,300.5,312.3,1444,28.3,191,0,0,0,0,0,0,Healthy,None
5930,H15929,H,297.4,307.6,1497,46.5,34,0,0,0,0,0,0,Healthy,None
5931,L15930,L,301.0,311.2,1622,25.1,123,0,0,0,0,0,0,Healthy,None
5932,L15931,L,300.5,310.8,1484,39.4,125,0,0,0,0,0,0,Healthy,None
5933,L15932,L,300.0,309.9,1622,35.0,192,0,0,0,0,0,0,Healthy,None
5934,H15933,H,302.1,312.9,1558,40.1,237,0,0,0,0,0,0,Healthy,None
5935,L15934,L,297.6,307.8,1353,25.1,247,0,0,0,0,0,0,Healthy,None
5936,M15935,M,303.3,314.1,1236,26.2,52,1,0,0,1,0,0,Failure Risk,Power Failure
5937,M15936,M,301.8,312.7,1642,35.6,224,0,0,0,0,0,0,Healthy,None
5938,L15937,L,299.9,310.3,1832,37.8,188,0,0,0,0,0,0,Healthy,None
5939,L15938,L,299.7,310.2,1991,35.8,4,0,0,0,0,0,0,Healthy,None
5940,L15939,L,301.0,310.0,1705,54.4,221,1,0,0,1,1,0,Failure Risk,"Power Failure, Overstrain Failure"
5941,L15940,L,303.0,312.4,1798,44.2,196,0,0,0,0,0,0,Healthy,None
5942,L15941,L,300.2,311.0,1620,43.9,106,0,0,0,0,0,0,Healthy,None
5943,L15942,L,300.3,311.7,1592,36.2,88,0,0,0,0,0,0,Healthy,None
5944,H15943,H,300.0,308.1,1557,26.2,187,0,0,0,0,0,0,Healthy,None
5945,H15944,H,303.6,313.0,1519,40.0,89,0,0,0,0,0,0,Healthy,None
5946,L15945,L,299.3,309.3,1646,57.9,146,1,0,0,1,0,0,Failure Risk,Power Failure
5947,L15946,L,299.9,309.0,1444,42.2,203,0,0,0,0,0,0,Healthy,None
5948,L15947,L,302.9,312.1,1511,51.0,56,0,0,0,0,0,0,Healthy,None
5949,M15948,M,300.3,310.8,1327,52.3,7,0,0,0,0,0,0,Healthy,None
5950,H15949,H,302.3,313.9,1623,45.5,201,0,0,0,0,0,0,Healthy,None
5951,L15950,L,298.2,306.2,1366,42.2,145,1,0,1,0,0,0,Failure Risk,Heat Dissipation Failure
5952,L15951,L,299.6,309.4,1544,30.2,104,0,0,0,0,0,0,Healthy,None
5953,M15952,M,303.0,313.5,1627,37.9,138,0,0,0,0,0,0,Healthy,None
5954,M15953,M,298.6,309.4,1642,36.4,189,0,0,0,0,0,0,Healthy,None
5955,L15954,L,299.7,310.0,1676,43.3,157,0,0,0,0,0,0,Healthy,None
5956,M15955,M,300.5,312.3,1499,26.0,126,0,0,0,0,0,0,Healthy,None
5957,L15956,L,298.0,308.0,1625,34.7,4,0,0,0,0,0,0,Healthy,None
5958,L15957,L,299.2,310.5,1450,44.0,215,1,1,0,0,0,0,Failure Risk,Tool Wear Failure
5959,M15958,M,300.2,309.6,1185,33.0,236,0,0,0,0,0,0,Healthy,None
5960,H15959,H,300.1,310.2,1632,30.9,76,0,0,0,0,0,0,Healthy,None
5961,L15960,L,302.6,311.4,1591,32.2,55,0,0,0,0,0,0,Healthy,None
5962,H15961,H,303.1,314.0,1719,37.3,35,0,0,0,0,0,0,Healthy,None
5963,L15962,L,298.3,308.2,1533,16.4,112,1,0,0,1,0,0,Failure Risk,Power Failure
5964,M15963,M,300.2,310.6,1251,32.6,154,0,0,0,0,0,0,Healthy,None
5965,L15964,L,301.3,311.0,1521,49.4,31,0,0,0,0,0,0,Healthy,None
5966,H15965,H,303.0,313.6,1696,43.2,141,0,0,0,0,0,0,Healthy,None
5967,H15966,H,301.4,311.8,1623,44.2,168,0,0,0,0,0,0,Healthy,None
5968,L15967,L,300.6,309.6,1511,21.9,117,1,0,0,1,0,0,Failure Risk,Power Failure
5969,H15968,H,301.3,310.4,1240,35.9,65,0,0,0,0,0,0,Healthy,None
5970,H15969,H,301.3,311.3,1354,38.9,3,0,0,0,0,0,0,Healthy,None
5971,M15970,M,298.1,308.8,1623,44.6,10,0,0,0,0,0,0,Healthy,None
5972,L15971,L,300.4,312.3,1239,51.0,105,0,0,0,0,0,0,Healthy,None
5973,H15972,H,302.9,313.2,1481,49.5,228,1,1,0,0,0,0,Failure Risk,Tool Wear Failure
5974,H15973,H,299.6,310.6,1544,34.2,47,0,0,0,0,0,0,Healthy,None
5975,L15974,L,300.3,308.7,1743,34.4,229,0,0,0,0,0,0,Healthy,None
5976,H15975,H,299.5,311.5,1647,54.0,164,1,0,0,1,0,0,Failure Risk,Power Failure
5977,L15976,L,295.4,306.0,1710,36.4,140,0,0,0,0,0,0,Healthy,None
5978,L15977,L,300.0,310.0,1592,29.3,200,1,1,0,0,0,0,Failure Risk,Tool Wear Failure
5979,M15978,M,300.6,310.4,1386,37.9,41,0,0,0,0,0,0,Healthy,None
5980,M15979,M,299.0,307.9,1428,53.4,154,0,0,0,0,0,0,Healthy,None
5981,M15980,M,297.7,306.9,1371,31.0,65,0,0,0,0,0,0,Healthy,None
5982,L15981,L,298.2,310.1,1643,35.8,46,0,0,0,0,0,0,Healthy,None
5983,H15982,H,301.5,310.5,1413,31.5,218,0,0,0,0,0,0,Healthy,None
5984,L15983,L,303.9,312.9,1467,49.5,75,0,0,0,0,0,0,Healthy,None
5985,L15984,L,302.8,312.1,1542,42.8,11,0,0,0,0,0,0,Healthy,None
5986,L15985,L,297.3,306.1,1831,49.2,194,1,0,0,1,0,0,Failure Risk,Power Failure
5987,M15986,M,301.7,311.7,1655,55.5,25,1,0,0,1,0,0,Failure Risk,Power Failure
5988,H15987,H,298.7,309.8,1399,25.0,206,0,0,0,0,0,0,Healthy,None
5989,M15988,M,298.8,308.2,1565,32.5,154,0,0,0,0,0,0,Healthy,None
5990,H15989,H,299.1,307.7,1833,35.7,242,0,0,0,0,0,0,Healthy,None
5991,L15990,L,301.4,311.7,1648,40.7,108,0,0,0,0,0,0,Healthy,None
5992,M15991,M,301.9,311.8,1251,45.0,162,0,0,0,0,0,0,Healthy,None
5993,L15992,L,299.8,310.8,1374,35.1,12,0,0,0,0,0,0,Healthy,None
5994,L15993,L,299.8,309.3,1360,33.1,126,0,0,0,0,0,0,Healthy,None
5995,L15994,L,300.9,310.6,1795,49.5,245,1,0,0,1,1,0,Failure Risk,"Power Failure, Overstrain Failure"
5996,M15995,M,301.1,311.0,1762,45.4,55,0,0,0,0,0,0,Healthy,None
5997,M15996,M,302.4,312.5,1426,43.1,196,0,0,0,0,0,0,Healthy,None
5998,M15997,M,297.4,307.0,1422,18.8,170,1,0,0,1,0,0,Failure Risk,Power Failure
5999,L15998,L,300.0,309.4,1545,51.9,117,0,0,0,0,0,0,Healthy,None
6000,L15999,L,297.9,306.0,1551,41.8,208,0,0,0,0,0,0,Healthy,None
6001,M16000,M,299.9,309.3,1365,38.4,249,1,1,0,0,0,0,Failure Risk,Tool Wear Failure
6002,L16001,L,299.5,310.2,1493,31.9,82,0,0,0,0,0,0,Healthy,None
6003,H16002,H,299.9,310.8,1277,33.7,83,0,0,0,0,0,0,Healthy,None
6004,M16003,M,298.4,307.9,1765,31.2,58,0,0,0,0,0,0,Healthy,None
6005,L16004,L,297.0,308.3,1222,20.2,214,1,1,0,1,0,0,Failure Risk,"Tool Wear Failure, Power Failure"
6006,H16005,H,295.8,305.8,1220,31.9,250,0,0,0,0,0,0,Healthy,None
6007,M16006,M,299.7,308.4,1615,24.2,11,0,0,0,0,0,0,Healthy,None
6008,L16007,L,299.1,307.4,1316,39.4,223,1,0,1,0,0,0,Failure Risk,Heat Dissipation Failure
6009,M16008,M,298.6,309.8,1448,28.6,156,0,0,0,0,0,0,Healthy,None
6010,L16009,L,302.6,312.2,1549,47.2,4,0,0,0,0,0,0,Healthy,None
6011,H16010,H,298.3,307.1,1658,23.5,176,0,0,0,0,0,0,Healthy,None
6012,H16011,H,302.8,310.5,1498,51.8,191,0,0,0,0,0,0,Healthy,None
6013,H16012,H,303.2,312.8,1856,48.3,114,1,0,0,1,0,0,Failure Risk,Power Failure
6014,M16013,M,296.1,306.5,1537,29.4,42,0,0,0,0,0,0,Healthy,None
6015,L16014,L,300.2,309.5,1751,39.1,65,0,0,0,0,0,0,Healthy,None
6016,M16015,M,299.2,308.1,1587,31.5,133,0,0,0,0,0,0,Healthy,None
6017,L16016,L,294.2,303.7,1919,45.7,212,1,0,0,1,0,0,Failure Risk,Power Failure
6018,M16017,M,297.1,308.3,1727,57.8,98,1,0,0,1,0,0,Failure Risk,Power Failure
6019,M16018,M,301.5,310.1,1545,51.7,14,0,0,0,0,0,0,Healthy,None
6020,L16019,L,304.0,313.4,1650,33.2,145,0,0,0,0,0,0,Healthy,None
6021,L16020,L,301.8,313.0,1491,41.1,48,0,0,0,0,0,0,Healthy,None
6022,H16021,H,300.6,311.1,1489,55.1,174,0,0,0,0,0,0,Healthy,None
6023,H16022,H,300.0,310.2,1304,45.2,1,0,0,0,0,0,0,Healthy,None
6024,L16023,L,303.4,312.8,1393,50.0,132,0,0,0,0,0,0,Healthy,None
6025,L16024,L,304.3,314.3,1906,46.4,36,1,0,0,1,0,0,Failure Risk,Power Failure
6026,L16025,L,298.8,308.3,1322,40.8,232,0,0,0,0,0,0,Healthy,None
6027,H16026,H,296.0,305.1,1420,39.3,5,0,0,0,0,0,0,Healthy,None
6028,L16027,L,295.8,304.7,1521,28.0,242,0,0,0,0,0,0,Healthy,None
6029,M16028,M,302.6,313.4,1527,32.4,41,0,0,0,0,0,0,Healthy,None
6030,L16029,L,299.9,309.8,1606,31.1,250,0,0,0,0,0,0,Healthy,None
6031,M16030,M,300.4,310.7,1454,36.5,50,0,0,0,0,0,0,Healthy,None
6032,L16031,L,296.4,306.6,1617,41.0,210,0,0,0,0,0,0,Healthy,None
6033,M16032,M,298.5,308.9,1742,38.9,15,0,0,0,0,0,0,Healthy,None
6034,L16033,L,299.4,309.1,1764,42.1,203,0,0,0,0,0,0,Healthy,None
6035,M16034,M,300.4,309.9,1490,46.6,215,1,1,0,0,0,0,Failure Risk,Tool Wear Failure
6036,L16035,L,299.2,308.4,1647,35.9,72,0,0,0,0,0,0,Healthy,None
6037,M16036,M,297.9,306.5,1332,47.3,66,0,0,0,0,0,0,Healthy,None
6038,H16037,H,298.4,307.3,1408,51.3,80,0,0,0,0,0,0,Healthy,None
6039,L16038,L,302.4,312.0,1327,44.1,29,0,0,0,0,0,0,Healthy,None
6040,H16039,H,300.5,308.9,1529,34.6,26,0,0,0,0,0,0,Healthy,None
6041,M16040,M,301.2,309.8,1384,49.4,87,0,0,0,0,0,0,Healthy,None
6042,L16041,L,298.2,309.2,1265,44.8,169,0,0,0,0,0,0,Healthy,None
6043,L16042,L,294.1,304.3,1468,46.1,63,0,0,0,0,0,0,Healthy,None
6044,L16043,L,299.0,308.5,1228,55.2,177,0,0,0,0,0,0,Healthy,None
6045,M16044,M,298.3,310.6,1775,47.0,38,0,0,0,0,0,0,Healthy,None
6046,M16045,M,300.7,309.1,1438,55.6,134,0,0,0,0,0,0,Healthy,None
6047,L16046,L,306.6,317.6,1714,38.5,72,0,0,0,0,0,0,Healthy,None
6048,M16047,M,301.4,311.3,1449,35.7,143,0,0,0,0,0,0,Healthy,None
6049,H16048,H,305.5,316.3,1324,51.4,55,0,0,0,0,0,0,Healthy,None
6050,H16049,H,301.1,311.2,1748,30.2,10,0,0,0,0,0,0,Healthy,None
6051,M16050,M,298.7,306.8,1553,58.7,136,1,0,0,1,0,0,Failure Risk,Power Failure
6052,H16051,H,300.7,310.8,1875,52.9,0,1,0,0,1,0,0,Failure Risk,Power Failure
6053,M16052,M,303.6,313.9,1454,40.9,43,0,0,0,0,0,0,Healthy,None
6054,L16053,L,303.7,311.5,1458,51.9,34,0,0,0,0,0,0,Healthy,None
6055,H16054,H,298.8,310.7,1717,46.6,83,0,0,0,0,0,0,Healthy,None
6056,L16055,L,300.5,310.8,1719,27.2,178,0,0,0,0,0,0,Healthy,None
6057,L16056,L,297.1,307.8,1565,31.9,7,0,0,0,0,0,0,Healthy,None
6058,L16057,L,301.6,310.4,2135,42.8,70,1,0,0,1,0,0,Failure Risk,Power Failure
6059,H16058,H,303.1,313.8,1487,41.6,36,0,0,0,0,0,0,Healthy,None
6060,H16059,H,300.1,311.2,1310,53.0,100,0,0,0,0,0,0,Healthy,None
6061,L16060,L,298.7,309.0,1358,43.0,211,0,0,0,0,0,0,Healthy,None
6062,L16061,L,300.7,310.7,1488,27.4,132,0,0,0,0,0,0,Healthy,None
6063,L16062,L,300.8,309.9,1809,34.6,203,1,1,0,0,0,0,Failure Risk,Tool Wear Failure
6064,M16063,M,300.2,310.0,1504,47.4,20,0,0,0,0,0,0,Healthy,None
6065,L16064,L,300.4,309.9,1818,22.0,211,0,0,0,0,0,0,Healthy,None
6066,M16065,M,299.7,310.3,1615,26.0,4,0,0,0,0,0,0,Healthy,None
6067,L16066,L,302.0,311.2,1731,36.3,22,0,0,0,0,0,0,Healthy,None
6068,L16067,L,301.5,312.1,1607,49.2,184,0,0,0,0,0,0,Healthy,None
6069,L16068,L,298.0,307.2,1605,37.9,70,0,0,0,0,0,0,Healthy,None
6070,L16069,L,298.0,307.7,1672,44.6,64,0,0,0,0,0,0,Healthy,None
6071,H16070,H,299.5,310.1,1436,40.0,152,0,0,0,0,0,0,Healthy,None
6072,L16071,L,301.5,310.8,1438,38.6,146,0,0,0,0,0,0,Healthy,None
6073,L16072,L,300.3,311.0,1600,33.5,1,0,0,0,0,0,0,Healthy,None
6074,L16073,L,298.7,309.3,1885,48.3,139,1,0,0,1,0,0,Failure Risk,Power Failure
6075,L16074,L,300.5,310.2,1262,27.6,169,0,0,0,0,0,0,Healthy,None
6076,L16075,L,299.3,310.5,1174,37.7,24,0,0,0,0,0,0,Healthy,None
6077,L16076,L,301.8,311.9,1490,51.3,123,0,0,0,0,0,0,Healthy,None
6078,M16077,M,300.7,311.8,1722,32.4,223,0,0,0,0,0,0,Healthy,None
6079,M16078,M,299.4,311.2,1547,24.6,251,0,0,0,0,0,0,Healthy,None
6080,L16079,L,300.5,310.3,1328,19.0,175,1,0,0,1,0,0,Failure Risk,Power Failure
6081,L16080,L,302.6,313.2,1552,46.6,234,1,1,0,0,0,0,Failure Risk,Tool Wear Failure
6082,H16081,H,298.9,308.3,1227,47.3,81,0,0,0,0,0,0,Healthy,None
6083,L16082,L,300.8,309.8,1650,36.6,125,0,0,0,0,0,0,Healthy,None
6084,L16083,L,299.9,309.7,1482,27.4,158,0,0,0,0,0,0,Healthy,None
6085,L16084,L,300.9,309.5,1523,38.6,185,0,0,0,0,0,0,Healthy,None
6086,L16085,L,298.7,307.8,1614,51.7,60,0,0,0,0,0,0,Healthy,None
6087,M16086,M,300.2,310.8,1574,27.4,43,0,0,0,0,0,0,Healthy,None
6088,L16087,L,302.2,311.7,1441,50.5,8,0,0,0,0,0,0,Healthy,None
6089,M16088,M,298.1,308.8,1723,23.2,148,0,0,0,0,0,0,Healthy,None
6090,L16089,L,297.3,307.6,1680,28.7,181,0,0,0,0,0,0,Healthy,None
6091,L16090,L,297.4,309.3,1220,41.1,102,0,0,0,0,0,0,Healthy,None
6092,M16091,M,297.7,308.2,1496,49.4,198,0,0,0,0,0,0,Healthy,None
6093,L16092,L,301.2,312.3,1344,54.6,140,0,0,0,0,0,0,Healthy,None
6094,M16093,M,297.2,307.6,1311,49.8,211,0,0,0,0,0,0,Healthy,None
6095,L16094,L,299.4,309.7,1633,55.4,140,1,0,0,1,0,0,Failure Risk,Power Failure
6096,M16095,M,301.2,312.4,1462,41.8,51,0,0,0,0,0,0,Healthy,None
6097,L16096,L,300.8,311.5,1512,33.8,27,0,0,0,0,0,0,Healthy,None
6098,H16097,H,299.2,309.4,1418,51.7,100,0,0,0,0,0,0,Healthy,None
6099,L16098,L,300.4,310.6,1604,53.5,88,0,0,0,0,0,0,Healthy,None
6100,H16099,H,300.2,310.7,1659,49.2,173,0,0,0,0,0,0,Healthy,None
6101,L16100,L,299.6,308.9,1926,46.1,175,1,0,0,1,0,0,Failure Risk,Power Failure
6102,M16101,M,299.6,308.9,1505,53.8,108,0,0,0,0,0,0,Healthy,None
6103,L16102,L,304.5,315.9,1278,43.4,217,0,0,0,0,0,0,Healthy,None
6104,H16103,H,301.6,313.5,1447,39.8,235,0,0,0,0,0,0,Healthy,None
6105,L16104,L,305.0,314.1,1689,47.2,224,1,0,0,0,0,1,Failure Risk,Random Failure
6106,L16105,L,299.0,308.3,1399,44.7,103,0,0,0,0,0,0,Healthy,None
6107,L16106,L,299.8,310.9,1272,48.8,167,0,0,0,0,0,0,Healthy,None
6108,L16107,L,297.3,307.8,1403,38.7,246,0,0,0,0,0,0,Healthy,None
6109,L16108,L,298.4,309.1,1442,49.0,53,0,0,0,0,0,0,Healthy,None
6110,H16109,H,303.8,314.7,1344,48.5,154,0,0,0,0,0,0,Healthy,None
6111,H16110,H,299.0,308.8,1576,42.1,78,0,0,0,0,0,0,Healthy,None
6112,L16111,L,303.8,314.1,1523,32.6,130,0,0,0,0,0,0,Healthy,None
6113,H16112,H,297.5,307.8,1679,52.3,92,1,0,0,1,0,0,Failure Risk,Power Failure
6114,M16113,M,297.9,307.0,1458,28.0,94,0,0,0,0,0,0,Healthy,None
6115,L16114,L,299.3,309.6,1637,30.5,58,0,0,0,0,0,0,Healthy,None
6116,M16115,M,299.9,311.1,1449,41.7,231,1,1,0,0,0,0,Failure Risk,Tool Wear Failure
6117,M16116,M,301.8,311.5,1335,15.2,118,1,0,0,1,0,0,Failure Risk,Power Failure
6118,H16117,H,300.9,311.1,1440,55.3,119,0,0,0,0,0,0,Healthy,None
6119,L16118,L,299.2,309.4,1248,40.1,17,0,0,0,0,0,0,Healthy,None
6120,M16119,M,299.7,309.4,1858,55.2,151,1,0,0,1,0,0,Failure Risk,Power Failure
6121,L16120,L,299.4,310.1,1563,57.9,60,1,0,0,1,0,0,Failure Risk,Power Failure
6122,L16121,L,298.2,307.5,1395,38.5,230,0,0,0,0,0,0,Healthy,None
6123,L16122,L,298.2,309.5,1470,53.4,124,0,0,0,0,0,0,Healthy,None
6124,H16123,H,302.1,312.7,1168,29.5,117,0,0,0,0,0,0,Healthy,None
6125,H16124,H,296.3,305.4,1794,44.3,184,0,0,0,0,0,0,Healthy,None
6126,M16125,M,303.2,314.9,1777,35.3,43,0,0,0,0,0,0,Healthy,None
6127,M16126,M,299.3,309.5,1557,46.9,174,0,0,0,0,0,0,Healthy,None
6128,L16127,L,298.5,307.8,1595,48.7,199,0,0,0,0,0,0,Healthy,None
6129,L16128,L,301.5,312.6,1311,38.4,220,0,0,0,0,0,0,Healthy,None
6130,L16129,L,303.0,313.5,1324,45.4,111,0,0,0,0,0,0,Healthy,None
6131,L16130,L,302.2,310.4,1234,49.4,164,1,0,1,0,0,0,Failure Risk,Heat Dissipation Failure
6132,M16131,M,301.0,310.5,1509,41.9,36,0,0,0,0,0,0,Healthy,None
6133,M16132,M,302.2,312.5,1727,65.1,72,1,0,0,1,0,0,Failure Risk,Power Failure
6134,L16133,L,296.6,304.4,1469,38.6,172,0,0,0,0,0,0,Healthy,None
6135,L16134,L,299.0,309.1,1600,56.4,157,1,0,0,1,0,0,Failure Risk,Power Failure
6136,L16135,L,298.2,308.4,1713,51.3,142,1,0,0,1,0,0,Failure Risk,Power Failure
6137,L16136,L,302.4,311.2,1247,21.6,231,1,0,0,1,0,0,Failure Risk,Power Failure
6138,H16137,H,299.2,309.5,1868,54.8,203,1,0,0,1,0,0,Failure Risk,Power Failure
6139,M16138,M,301.7,311.7,1745,50.6,115,1,0,0,1,0,0,Failure Risk,Power Failure
6140,H16139,H,301.1,309.9,1629,41.1,124,0,0,0,0,0,0,Healthy,None
6141,L16140,L,298.3,309.2,1703,43.7,232,0,0,0,0,0,0,Healthy,None
6142,L16141,L,298.8,309.6,1711,44.9,154,0,0,0,0,0,0,Healthy,None
6143,L16142,L,302.6,312.3,1590,53.6,46,0,0,0,0,0,0,Healthy,None
6144,H16143,H,298.4,308.2,1793,35.9,46,0,0,0,0,0,0,Healthy,None
6145,M16144,M,300.2,310.9,1456,55.7,158,0,0,0,0,0,0,Healthy,None
6146,L16145,L,298.4,308.2,1620,29.3,204,0,0,0,0,0,0,Healthy,None
6147,M16146,M,299.4,307.5,1774,22.6,14,0,0,0,0,0,0,Healthy,None
6148,L16147,L,299.9,310.4,1168,45.9,181,0,0,0,0,0,0,Healthy,None
6149,M16148,M,298.4,307.6,1616,52.5,196,0,0,0,0,0,0,Healthy,None
6150,H16149,H,298.1,307.7,1667,38.2,41,0,0,0,0,0,0,Healthy,None
6151,M16150,M,300.6,312.1,1232,17.6,118,1,0,0,1,0,0,Failure Risk,Power Failure
6152,M16151,M,298.3,308.2,1588,25.2,61,0,0,0,0,0,0,Healthy,None
6153,L16152,L,298.4,308.4,1395,44.3,24,0,0,0,0,0,0,Healthy,None
6154,L16153,L,298.1,308.6,1609,39.9,11,0,0,0,0,0,0,Healthy,None
6155,L16154,L,299.8,310.3,1520,52.7,240,1,1,0,0,1,0,Failure Risk,"Tool Wear Failure, Overstrain Failure"
6156,L16155,L,301.9,311.0,1368,40.7,8,0,0,0,0,0,0,Healthy,None
6157,M16156,M,303.0,312.9,1736,32.7,124,0,0,0,0,0,0,Healthy,None
6158,M16157,M,298.5,308.5,1463,43.1,89,0,0,0,0,0,0,Healthy,None
6159,L16158,L,304.3,314.6,1586,50.1,36,0,0,0,0,0,0,Healthy,None
6160,H16159,H,298.0,308.3,1773,53.4,136,1,0,0,1,0,0,Failure Risk,Power Failure
6161,L16160,L,302.2,314.8,1373,38.9,196,0,0,0,0,0,0,Healthy,None
6162,L16161,L,298.6,307.4,1539,40.7,182,0,0,0,0,0,0,Healthy,None
6163,L16162,L,298.3,309.3,1449,47.7,45,0,0,0,0,0,0,Healthy,None
6164,L16163,L,298.5,309.7,1489,32.6,198,0,0,0,0,0,0,Healthy,None
6165,L16164,L,299.9,310.4,1923,47.3,168,1,0,0,1,0,0,Failure Risk,Power Failure
6166,L16165,L,301.2,310.5,1619,37.7,94,0,0,0,0,0,0,Healthy,None
6167,L16166,L,301.3,313.0,1594,39.3,235,1,1,0,0,0,0,Failure Risk,Tool Wear Failure
6168,H16167,H,298.1,305.9,1631,40.0,100,0,0,0,0,0,0,Healthy,None
6169,L16168,L,298.0,307.3,1615,41.3,6,0,0,0,0,0,0,Healthy,None
6170,L16169,L,298.2,309.4,1211,58.9,132,0,0,0,0,0,0,Healthy,None
6171,L16170,L,299.8,309.4,1949,35.4,179,0,0,0,0,0,0,Healthy,None
6172,M16171,M,299.6,311.2,1275,35.9,124,0,0,0,0,0,0,Healthy,None
6173,L16172,L,298.1,306.6,1848,54.3,208,1,1,0,1,1,0,Failure Risk,"Tool Wear Failure, Power Failure, Overstrain Failure"
6174,H16173,H,300.5,309.4,1648,44.4,202,0,0,0,0,0,0,Healthy,None
6175,M16174,M,304.5,314.0,1570,47.6,164,0,0,0,0,0,0,Healthy,None
6176,M16175,M,299.0,309.4,1483,29.8,59,0,0,0,0,0,0,Healthy,None
6177,M16176,M,299.1,308.9,2004,42.4,35,0,0,0,0,0,0,Healthy,None
6178,L16177,L,301.1,310.6,1646,48.0,218,0,0,0,0,0,0,Healthy,None
6179,L16178,L,298.9,310.3,1541,33.3,0,0,0,0,0,0,0,Healthy,None
6180,L16179,L,301.3,312.8,1442,46.2,249,1,0,0,0,1,0,Failure Risk,Overstrain Failure
6181,M16180,M,298.6,308.2,1420,38.0,128,0,0,0,0,0,0,Healthy,None
6182,L16181,L,303.7,312.0,1547,33.6,205,0,0,0,0,0,0,Healthy,None
6183,L16182,L,300.7,308.5,1371,50.0,244,1,0,1,0,1,0,Failure Risk,"Heat Dissipation Failure, Overstrain Failure"
6184,H16183,H,298.8,309.0,1659,51.3,187,0,0,0,0,0,0,Healthy,None
6185,L16184,L,298.8,309.5,1422,41.3,219,0,0,0,0,0,0,Healthy,None
6186,H16185,H,299.0,309.1,1717,44.5,40,0,0,0,0,0,0,Healthy,None
6187,M16186,M,302.7,312.6,1713,53.1,192,1,0,0,1,0,0,Failure Risk,Power Failure
6188,L16187,L,297.5,306.7,1528,36.1,135,0,0,0,0,0,0,Healthy,None
6189,L16188,L,298.7,309.4,1641,43.5,236,0,0,0,0,0,0,Healthy,None
6190,L16189,L,298.9,310.6,1650,36.2,40,0,0,0,0,0,0,Healthy,None
6191,M16190,M,300.0,307.8,1276,29.9,174,1,0,1,0,0,0,Failure Risk,Heat Dissipation Failure
6192,M16191,M,299.5,309.4,1847,36.1,122,0,0,0,0,0,0,Healthy,None
6193,M16192,M,297.0,306.0,1492,28.9,106,0,0,0,0,0,0,Healthy,None
6194,H16193,H,299.2,307.7,1662,44.2,89,0,0,0,0,0,0,Healthy,None
6195,M16194,M,299.8,308.7,1667,32.4,163,0,0,0,0,0,0,Healthy,None
6196,L16195,L,298.7,309.1,1168,26.2,92,1,0,0,1,0,0,Failure Risk,Power Failure
6197,L16196,L,301.4,311.8,1420,47.4,103,0,0,0,0,0,0,Healthy,None
6198,H16197,H,301.8,313.3,1688,46.7,108,0,0,0,0,0,0,Healthy,None
6199,L16198,L,299.8,309.8,1549,36.7,240,0,0,0,0,0,0,Healthy,None
6200,L16199,L,300.5,308.7,1661,47.0,3,0,0,0,0,0,0,Healthy,None
6201,M16200,M,295.7,305.5,1554,32.0,169,0,0,0,0,0,0,Healthy,None
6202,L16201,L,299.2,307.8,1758,36.3,1,0,0,0,0,0,0,Healthy,None
6203,H16202,H,302.0,310.8,1558,44.0,249,1,1,0,0,0,0,Failure Risk,Tool Wear Failure
6204,M16203,M,299.2,309.8,1792,50.2,221,1,0,0,1,0,0,Failure Risk,Power Failure
6205,L16204,L,298.5,308.7,1362,36.2,46,0,0,0,0,0,0,Healthy,None
6206,H16205,H,304.6,315.2,1515,34.1,147,0,0,0,0,0,0,Healthy,None
6207,L16206,L,303.6,313.2,1431,49.7,29,0,0,0,0,0,0,Healthy,None
6208,L16207,L,300.9,311.7,1607,46.1,81,0,0,0,0,0,0,Healthy,None
6209,L16208,L,302.3,311.9,1488,41.5,29,0,0,0,0,0,0,Healthy,None
6210,L16209,L,295.5,306.6,1496,51.7,109,0,0,0,0,0,0,Healthy,None
6211,L16210,L,298.4,308.7,1411,59.3,98,0,0,0,0,0,0,Healthy,None
6212,L16211,L,299.1,308.9,1455,43.6,0,0,0,0,0,0,0,Healthy,None
6213,L16212,L,299.5,309.7,1536,34.2,57,0,0,0,0,0,0,Healthy,None
6214,L16213,L,299.0,309.0,1176,44.9,66,0,0,0,0,0,0,Healthy,None
6215,M16214,M,294.9,306.5,1168,31.9,22,0,0,0,0,0,0,Healthy,None
6216,H16215,H,300.8,311.0,1548,52.3,250,1,0,0,0,1,0,Failure Risk,Overstrain Failure
6217,L16216,L,301.1,311.1,1168,33.1,172,0,0,0,0,0,0,Healthy,None
6218,L16217,L,303.2,313.0,1503,38.1,231,0,0,0,0,0,0,Healthy,None
6219,L16218,L,298.4,309.2,1470,31.7,149,0,0,0,0,0,0,Healthy,None
6220,L16219,L,298.3,309.0,1635,41.8,48,0,0,0,0,0,0,Healthy,None
6221,M16220,M,294.6,304.3,1417,42.2,118,0,0,0,0,0,0,Healthy,None
6222,M16221,M,299.4,308.2,1818,47.4,252,1,0,0,1,0,0,Failure Risk,Power Failure
6223,L16222,L,301.8,310.9,1689,41.2,175,0,0,0,0,0,0,Healthy,None
6224,L16223,L,298.8,308.6,1267,40.5,62,0,0,0,0,0,0,Healthy,None
6225,L16224,L,304.3,315.6,1487,34.3,47,0,0,0,0,0,0,Healthy,None
6226,M16225,M,299.5,309.2,1811,37.2,43,0,0,0,0,0,0,Healthy,None
6227,L16226,L,300.3,309.7,1413,26.2,50,0,0,0,0,0,0,Healthy,None
6228,H16227,H,297.3,305.5,1528,53.8,189,0,0,0,0,0,0,Healthy,None
6229,M16228,M,300.6,312.1,1789,39.1,239,0,0,0,0,0,0,Healthy,None
6230,L16229,L,296.0,306.6,1441,56.2,206,1,0,0,0,1,0,Failure Risk,Overstrain Failure
6231,M16230,M,301.4,312.2,1739,38.8,124,0,0,0,0,0,0,Healthy,None
6232,H16231,H,301.4,312.4,1375,21.2,40,1,0,0,1,0,0,Failure Risk,Power Failure
6233,M16232,M,302.7,312.5,1168,35.5,207,0,0,0,0,0,0,Healthy,None
6234,L16233,L,298.0,308.1,1757,40.0,154,0,0,0,0,0,0,Healthy,None
6235,L16234,L,300.3,311.8,1616,40.6,223,0,0,0,0,0,0,Healthy,None
6236,H16235,H,301.1,311.3,1628,46.7,97,0,0,0,0,0,0,Healthy,None
6237,M16236,M,300.9,311.5,1342,41.7,56,0,0,0,0,0,0,Healthy,None
6238,M16237,M,298.3,309.2,1356,36.7,169,0,0,0,0,0,0,Healthy,None
6239,H16238,H,295.2,305.8,1743,30.9,11,0,0,0,0,0,0,Healthy,None
6240,H16239,H,300.7,310.6,1581,36.0,209,0,0,0,0,0,0,Healthy,None
6241,H16240,H,299.7,309.7,1516,46.0,81,0,0,0,0,0,0,Healthy,None
6242,L16241,L,298.9,309.7,1577,48.5,59,0,0,0,0,0,0,Healthy,None
6243,M16242,M,301.5,312.3,1808,33.3,63,0,0,0,0,0,0,Healthy,None
6244,M16243,M,299.9,311.1,1667,50.0,3,0,0,0,0,0,0,Healthy,None
6245,M16244,M,297.4,308.0,1453,45.6,225,0,0,0,0,0,0,Healthy,None
6246,M16245,M,296.1,306.7,1286,31.2,166,0,0,0,0,0,0,Healthy,None
6247,L16246,L,297.7,307.3,1643,42.4,146,0,0,0,0,0,0,Healthy,None
6248,M16247,M,304.8,314.2,1372,43.7,106,0,0,0,0,0,0,Healthy,None
6249,M16248,M,301.4,312.2,1326,29.5,189,0,0,0,0,0,0,Healthy,None
6250,L16249,L,300.4,309.8,1773,26.5,172,0,0,0,0,0,0,Healthy,None
6251,L16250,L,299.6,309.6,1694,44.7,60,0,0,0,0,0,0,Healthy,None
6252,L16251,L,299.5,310.9,1607,35.5,243,0,0,0,0,0,0,Healthy,None
6253,L16252,L,302.3,313.5,1316,55.0,158,0,0,0,0,0,0,Healthy,None
6254,L16253,L,299.0,309.3,1858,57.0,176,1,0,0,1,0,0,Failure Risk,Power Failure
6255,L16254,L,301.2,310.9,1722,44.7,158,0,0,0,0,0,0,Healthy,None
6256,M16255,M,299.3,309.2,1483,49.4,41,0,0,0,0,0,0,Healthy,None
6257,M16256,M,303.9,314.8,1445,29.9,175,0,0,0,0,0,0,Healthy,None
6258,M16257,M,301.5,311.5,1552,26.8,19,0,0,0,0,0,0,Healthy,None
6259,H16258,H,302.5,311.9,1452,38.6,111,0,0,0,0,0,0,Healthy,None
6260,L16259,L,298.8,310.0,1933,27.3,211,0,0,0,0,0,0,Healthy,None
6261,L16260,L,302.1,312.3,1468,43.0,95,0,0,0,0,0,0,Healthy,None
6262,H16261,H,299.4,308.8,1346,32.2,19,0,0,0,0,0,0,Healthy,None
6263,L16262,L,300.2,310.7,1822,41.9,15,0,0,0,0,0,0,Healthy,None
6264,H16263,H,303.3,314.3,1436,38.3,250,1,1,0,0,0,0,Failure Risk,Tool Wear Failure
6265,H16264,H,297.9,306.9,1678,46.3,56,0,0,0,0,0,0,Healthy,None
6266,M16265,M,300.4,310.2,1658,43.2,18,0,0,0,0,0,0,Healthy,None
6267,H16266,H,300.9,310.7,1527,36.0,222,0,0,0,0,0,0,Healthy,None
6268,L16267,L,301.0,311.5,1363,26.5,12,0,0,0,0,0,0,Healthy,None
6269,L16268,L,299.1,309.7,1529,41.6,246,0,0,0,0,0,0,Healthy,None
6270,M16269,M,304.2,313.6,1328,22.7,19,1,0,0,1,0,0,Failure Risk,Power Failure
6271,L16270,L,297.4,305.9,1533,52.3,106,0,0,0,0,0,0,Healthy,None
6272,H16271,H,302.9,313.9,1676,45.2,75,0,0,0,0,0,0,Healthy,None
6273,L16272,L,302.4,311.3,1845,48.3,176,1,0,0,1,0,0,Failure Risk,Power Failure
6274,M16273,M,303.8,314.1,1343,30.4,238,0,0,0,0,0,0,Healthy,None
6275,M16274,M,296.8,306.7,1493,43.5,153,0,0,0,0,0,0,Healthy,None
6276,M16275,M,298.3,308.5,1444,33.4,34,0,0,0,0,0,0,Healthy,None
6277,L16276,L,303.0,314.7,1586,41.5,168,0,0,0,0,0,0,Healthy,None
6278,L16277,L,296.2,309.2,1265,30.1,137,0,0,0,0,0,0,Healthy,None
6279,H16278,H,296.8,305.2,1371,39.2,75,1,0,1,0,0,0,Failure Risk,Heat Dissipation Failure
6280,L16279,L,299.0,310.0,1235,26.4,245,1,0,0,1,0,0,Failure Risk,Power Failure
6281,H16280,H,300.4,310.2,1280,38.4,23,0,0,0,0,0,0,Healthy,None
6282,M16281,M,303.2,314.2,1419,23.7,200,0,0,0,0,0,0,Healthy,None
6283,M16282,M,299.6,310.6,1837,57.3,247,1,0,0,1,1,0,Failure Risk,"Power Failure, Overstrain Failure"
6284,M16283,M,298.8,310.2,1600,41.6,68,0,0,0,0,0,0,Healthy,None
6285,L16284,L,300.6,310.9,1549,40.1,158,0,0,0,0,0,0,Healthy,None
6286,M16285,M,300.9,310.0,1779,46.7,181,0,0,0,0,0,0,Healthy,None
6287,H16286,H,300.9,311.8,1606,27.1,57,0,0,0,0,0,0,Healthy,None
6288,L16287,L,299.6,309.7,1623,32.3,97,0,0,0,0,0,0,Healthy,None
6289,H16288,H,296.1,305.9,1453,45.3,59,0,0,0,0,0,0,Healthy,None
6290,L16289,L,298.2,307.7,1423,41.6,108,0,0,0,0,0,0,Healthy,None
6291,L16290,L,302.8,313.8,1303,32.9,10,0,0,0,0,0,0,Healthy,None
6292,L16291,L,300.4,312.0,1430,46.4,72,0,0,0,0,0,0,Healthy,None
6293,H16292,H,299.4,308.2,1487,43.0,213,0,0,0,0,0,0,Healthy,None
6294,L16293,L,302.2,312.8,1599,45.0,39,0,0,0,0,0,0,Healthy,None
6295,H16294,H,297.7,307.3,1531,43.9,182,0,0,0,0,0,0,Healthy,None
6296,H16295,H,299.5,308.0,1472,33.3,174,0,0,0,0,0,0,Healthy,None
6297,L16296,L,300.3,310.4,1374,39.2,219,0,0,0,0,0,0,Healthy,None
6298,L16297,L,299.1,308.3,1609,21.6,188,0,0,0,0,0,0,Healthy,None
6299,M16298,M,300.2,308.6,1448,34.9,207,0,0,0,0,0,0,Healthy,None
6300,L16299,L,299.6,308.8,1601,37.6,73,0,0,0,0,0,0,Healthy,None
6301,M16300,M,297.2,306.2,1195,46.2,33,0,0,0,0,0,0,Healthy,None
6302,L16301,L,300.4,309.8,1598,45.1,61,0,0,0,0,0,0,Healthy,None
6303,L16302,L,297.3,306.0,1671,32.6,78,0,0,0,0,0,0,Healthy,None
6304,M16303,M,300.3,309.9,1648,32.3,209,0,0,0,0,0,0,Healthy,None
6305,L16304,L,302.7,312.0,1502,52.9,172,0,0,0,0,0,0,Healthy,None
6306,L16305,L,299.4,309.8,1701,37.1,94,0,0,0,0,0,0,Healthy,None
6307,L16306,L,297.7,308.3,1310,41.1,4,0,0,0,0,0,0,Healthy,None
6308,L16307,L,299.7,310.0,1522,47.8,50,0,0,0,0,0,0,Healthy,None
6309,M16308,M,298.3,308.1,1503,39.2,96,0,0,0,0,0,0,Healthy,None
6310,H16309,H,301.2,310.9,1723,38.5,57,0,0,0,0,0,0,Healthy,None
6311,L16310,L,299.7,308.9,1176,36.9,122,0,0,0,0,0,0,Healthy,None
6312,M16311,M,303.4,312.6,1348,35.0,92,0,0,0,0,0,0,Healthy,None
6313,M16312,M,302.3,313.0,1850,41.4,2,0,0,0,0,0,0,Healthy,None
6314,L16313,L,299.7,307.9,1168,22.0,22,1,0,1,1,0,0,Failure Risk,"Heat Dissipation Failure, Power Failure"
6315,L16314,L,301.4,311.3,1683,36.4,9,0,0,0,0,0,0,Healthy,None
6316,H16315,H,299.2,308.9,1412,45.3,46,0,0,0,0,0,0,Healthy,None
6317,M16316,M,300.1,310.7,1583,44.2,31,0,0,0,0,0,0,Healthy,None
6318,M16317,M,299.3,307.9,1791,54.0,120,1,0,0,1,0,0,Failure Risk,Power Failure
6319,M16318,M,301.5,311.5,1590,48.3,47,0,0,0,0,0,0,Healthy,None
6320,L16319,L,302.9,313.2,1794,44.0,154,0,0,0,0,0,0,Healthy,None
6321,M16320,M,301.6,309.7,1449,40.3,252,0,0,0,0,0,0,Healthy,None
6322,M16321,M,301.8,310.7,1473,35.5,35,0,0,0,0,0,0,Healthy,None
6323,M16322,M,301.8,311.7,1678,45.0,87,0,0,0,0,0,0,Healthy,None
6324,L16323,L,301.1,311.6,1459,43.2,53,0,0,0,0,0,0,Healthy,None
6325,L16324,L,297.7,307.9,1644,36.3,19,0,0,0,0,0,0,Healthy,None
6326,L16325,L,303.4,314.0,1749,31.4,130,0,0,0,0,0,0,Healthy,None
6327,H16326,H,303.6,312.5,1693,39.5,196,0,0,0,0,0,0,Healthy,None
6328,L16327,L,299.5,307.9,1255,51.4,130,1,0,1,0,0,0,Failure Risk,Heat Dissipation Failure
6329,L16328,L,299.3,309.4,1476,41.1,167,0,0,0,0,0,0,Healthy,None
6330,L16329,L,301.2,310.0,1588,40.3,250,0,0,0,0,0,0,Healthy,None
6331,L16330,L,301.1,310.2,1494,44.2,59,0,0,0,0,0,0,Healthy,None
6332,M16331,M,299.6,310.5,1552,44.8,197,0,0,0,0,0,0,Healthy,None
6333,M16332,M,297.5,307.7,1590,42.5,206,0,0,0,0,0,0,Healthy,None
6334,M16333,M,300.6,310.0,1443,39.6,122,0,0,0,0,0,0,Healthy,None
6335,L16334,L,301.1,310.4,1503,35.0,197,0,0,0,0,0,0,Healthy,None
6336,M16335,M,301.5,312.1,1326,49.9,22,0,0,0,0,0,0,Healthy,None
6337,L16336,L,300.7,310.9,1452,35.8,187,0,0,0,0,0,0,Healthy,None
6338,L16337,L,299.5,308.3,1264,55.6,29,0,0,0,0,0,0,Healthy,None
6339,L16338,L,302.0,310.1,1558,41.5,166,0,0,0,0,0,0,Healthy,None
6340,L16339,L,300.1,312.0,1503,40.5,167,0,0,0,0,0,0,Healthy,None
6341,L16340,L,299.1,307.9,1374,47.5,47,0,0,0,0,0,0,Healthy,None
6342,M16341,M,299.6,310.1,1857,33.5,212,0,0,0,0,0,0,Healthy,None
6343,M16342,M,296.5,308.0,1494,45.7,44,0,0,0,0,0,0,Healthy,None
6344,H16343,H,299.6,309.7,1589,41.1,36,0,0,0,0,0,0,Healthy,None
6345,L16344,L,301.4,310.8,1423,44.1,149,0,0,0,0,0,0,Healthy,None
6346,L16345,L,300.7,309.3,1463,33.2,51,0,0,0,0,0,0,Healthy,None
6347,L16346,L,303.0,311.6,1596,33.1,1,0,0,0,0,0,0,Healthy,None
6348,H16347,H,299.5,309.9,1478,21.9,13,1,0,0,1,0,0,Failure Risk,Power Failure
6349,M16348,M,301.0,312.5,1538,35.5,17,0,0,0,0,0,0,Healthy,None
6350,M16349,M,301.6,311.2,1682,35.0,113,0,0,0,0,0,0,Healthy,None
6351,L16350,L,304.7,314.1,1445,33.4,177,0,0,0,0,0,0,Healthy,None
6352,M16351,M,300.3,311.0,1299,38.9,14,0,0,0,0,0,0,Healthy,None
6353,L16352,L,297.9,307.2,1264,40.6,36,0,0,0,0,0,0,Healthy,None
6354,M16353,M,301.7,312.0,1795,44.9,129,0,0,0,0,0,0,Healthy,None
6355,H16354,H,303.7,313.7,1704,45.6,118,0,0,0,0,0,0,Healthy,None
6356,H16355,H,299.4,309.0,1655,46.4,106,0,0,0,0,0,0,Healthy,None
6357,M16356,M,301.7,311.7,1459,46.9,83,0,0,0,0,0,0,Healthy,None
6358,L16357,L,302.5,314.3,1299,42.7,73,0,0,0,0,0,0,Healthy,None
6359,H16358,H,302.0,312.6,1487,40.5,68,0,0,0,0,0,0,Healthy,None
6360,M16359,M,300.3,311.4,1521,49.2,31,0,0,0,0,0,0,Healthy,None
6361,L16360,L,298.6,307.7,1335,46.9,193,0,0,0,0,0,0,Healthy,None
6362,L16361,L,299.8,310.9,1274,25.3,235,1,0,0,1,0,0,Failure Risk,Power Failure
6363,L16362,L,300.9,311.5,1228,38.3,240,0,0,0,0,0,0,Healthy,None
6364,L16363,L,301.8,310.3,1655,22.1,56,0,0,0,0,0,0,Healthy,None
6365,L16364,L,300.7,311.2,1322,22.0,245,1,0,0,1,0,0,Failure Risk,Power Failure
6366,M16365,M,299.2,308.7,1593,35.0,60,0,0,0,0,0,0,Healthy,None
6367,L16366,L,301.1,309.6,1466,38.7,4,0,0,0,0,0,0,Healthy,None
6368,L16367,L,301.7,311.8,1643,35.8,84,0,0,0,0,0,0,Healthy,None
6369,M16368,M,300.8,311.3,1598,22.4,145,0,0,0,0,0,0,Healthy,None
6370,H16369,H,298.3,308.5,1496,47.7,47,0,0,0,0,0,0,Healthy,None
6371,M16370,M,299.6,309.5,1561,33.0,39,0,0,0,0,0,0,Healthy,None
6372,L16371,L,301.9,311.6,1518,44.8,67,0,0,0,0,0,0,Healthy,None
6373,H16372,H,297.2,309.7,1427,33.3,95,0,0,0,0,0,0,Healthy,None
6374,H16373,H,295.8,304.6,1713,35.1,227,0,0,0,0,0,0,Healthy,None
6375,L16374,L,303.0,313.9,1462,44.3,55,0,0,0,0,0,0,Healthy,None
6376,L16375,L,301.0,311.0,1522,36.5,131,0,0,0,0,0,0,Healthy,None
6377,M16376,M,301.2,310.3,1284,41.7,144,0,0,0,0,0,0,Healthy,None
6378,H16377,H,297.8,307.8,1587,42.7,51,0,0,0,0,0,0,Healthy,None
6379,H16378,H,301.5,310.1,1428,25.9,124,0,0,0,0,0,0,Healthy,None
6380,H16379,H,300.6,310.0,1452,44.7,190,0,0,0,0,0,0,Healthy,None
6381,M16380,M,296.8,306.8,1387,30.7,169,0,0,0,0,0,0,Healthy,None
6382,M16381,M,302.8,311.2,1515,29.0,160,0,0,0,0,0,0,Healthy,None
6383,L16382,L,300.3,310.8,1178,32.8,213,0,0,0,0,0,0,Healthy,None
6384,L16383,L,299.2,308.2,1660,48.1,17,0,0,0,0,0,0,Healthy,None
6385,L16384,L,299.2,307.7,1531,24.2,154,0,0,0,0,0,0,Healthy,None
6386,M16385,M,296.0,304.9,1454,46.4,127,0,0,0,0,0,0,Healthy,None
6387,M16386,M,301.2,313.4,1260,43.4,206,1,1,0,0,0,0,Failure Risk,Tool Wear Failure
6388,M16387,M,300.5,308.5,1615,40.7,188,0,0,0,0,0,0,Healthy,None
6389,L16388,L,299.6,310.0,1424,42.4,24,0,0,0,0,0,0,Healthy,None
6390,M16389,M,302.6,311.8,1771,37.1,60,0,0,0,0,0,0,Healthy,None
6391,L16390,L,297.2,306.8,1625,46.8,137,0,0,0,0,0,0,Healthy,None
6392,L16391,L,298.8,309.4,1812,35.8,79,0,0,0,0,0,0,Healthy,None
6393,M16392,M,298.3,308.9,1562,23.9,131,0,0,0,0,0,0,Healthy,None
6394,M16393,M,299.4,308.7,1730,39.2,127,0,0,0,0,0,0,Healthy,None
6395,H16394,H,300.1,308.7,1620,47.9,158,0,0,0,0,0,0,Healthy,None
6396,L16395,L,300.9,311.5,1457,44.9,250,1,0,0,0,1,0,Failure Risk,Overstrain Failure
6397,L16396,L,299.3,309.9,1571,58.0,252,1,0,0,1,1,0,Failure Risk,"Power Failure, Overstrain Failure"
6398,L16397,L,298.2,307.9,1388,37.5,31,0,0,0,0,0,0,Healthy,None
6399,L16398,L,303.4,313.8,1908,38.4,151,0,0,0,0,0,0,Healthy,None
6400,H16399,H,304.8,314.4,1519,37.7,58,0,0,0,0,0,0,Healthy,None
6401,M16400,M,300.3,309.5,1542,32.3,145,0,0,0,0,0,0,Healthy,None
6402,H16401,H,298.5,308.5,1607,35.3,223,0,0,0,0,0,0,Healthy,None
6403,L16402,L,303.0,313.5,1343,29.7,116,0,0,0,0,0,0,Healthy,None
6404,H16403,H,297.1,307.4,1774,17.3,91,1,0,0,1,0,0,Failure Risk,Power Failure
6405,L16404,L,299.3,309.8,1354,34.3,202,0,0,0,0,0,0,Healthy,None
6406,H16405,H,298.6,307.8,1313,40.2,199,0,0,0,0,0,0,Healthy,None
6407,L16406,L,297.7,309.3,1508,46.2,192,0,0,0,0,0,0,Healthy,None
6408,L16407,L,299.4,309.1,1309,34.3,117,0,0,0,0,0,0,Healthy,None
6409,M16408,M,298.3,308.2,1817,34.4,129,0,0,0,0,0,0,Healthy,None
6410,H16409,H,300.0,308.7,1496,50.2,148,0,0,0,0,0,0,Healthy,None
6411,L16410,L,300.1,309.9,1168,26.8,240,1,1,0,1,0,0,Failure Risk,"Tool Wear Failure, Power Failure"
6412,L16411,L,298.8,309.3,1573,38.4,123,0,0,0,0,0,0,Healthy,None
6413,H16412,H,299.3,310.1,1637,49.5,115,0,0,0,0,0,0,Healthy,None
6414,L16413,L,299.5,311.1,1462,33.0,210,0,0,0,0,0,0,Healthy,None
6415,L16414,L,301.6,312.1,1295,24.8,169,1,0,0,1,0,0,Failure Risk,Power Failure
6416,L16415,L,299.7,310.0,1519,56.9,221,1,0,0,1,1,0,Failure Risk,"Power Failure, Overstrain Failure"
6417,L16416,L,301.6,311.2,1451,47.9,244,1,0,0,0,1,0,Failure Risk,Overstrain Failure
6418,H16417,H,301.2,310.5,1363,48.2,126,0,0,0,0,0,0,Healthy,None
6419,M16418,M,301.1,312.1,1347,39.1,103,0,0,0,0,0,0,Healthy,None
6420,M16419,M,302.8,313.8,1565,46.3,152,0,0,0,0,0,0,Healthy,None
6421,H16420,H,297.8,306.7,1699,15.3,52,1,0,0,1,0,0,Failure Risk,Power Failure
6422,L16421,L,299.1,309.8,1620,35.7,136,0,0,0,0,0,0,Healthy,None
6423,L16422,L,303.5,314.2,1228,49.4,169,0,0,0,0,0,0,Healthy,None
6424,L16423,L,299.5,308.4,1648,26.2,243,0,0,0,0,0,0,Healthy,None
6425,L16424,L,294.4,304.9,1676,36.7,27,0,0,0,0,0,0,Healthy,None
6426,L16425,L,299.6,308.6,1787,43.2,164,0,0,0,0,0,0,Healthy,None
6427,H16426,H,300.3,307.9,1367,32.2,60,1,0,1,0,0,0,Failure Risk,Heat Dissipation Failure
6428,M16427,M,294.8,304.6,1527,40.1,58,0,0,0,0,0,0,Healthy,None
6429,L16428,L,302.7,313.0,1639,43.8,159,0,0,0,0,0,0,Healthy,None
6430,M16429,M,298.6,308.5,1443,43.0,168,0,0,0,0,0,0,Healthy,None
6431,M16430,M,300.7,313.6,1636,36.0,74,0,0,0,0,0,0,Healthy,None
6432,H16431,H,299.5,309.9,1533,31.8,248,0,0,0,0,0,0,Healthy,None
6433,H16432,H,297.4,307.5,1386,43.9,113,0,0,0,0,0,0,Healthy,None
6434,M16433,M,297.9,308.3,1401,43.4,212,0,0,0,0,0,0,Healthy,None
6435,M16434,M,298.1,307.7,1761,42.9,125,0,0,0,0,0,0,Healthy,None
6436,M16435,M,302.2,313.1,1359,41.1,151,0,0,0,0,0,0,Healthy,None
6437,M16436,M,299.7,310.1,1328,43.4,64,0,0,0,0,0,0,Healthy,None
6438,L16437,L,299.0,309.3,1599,48.7,207,1,1,0,0,0,0,Failure Risk,Tool Wear Failure
6439,L16438,L,298.1,307.5,1532,43.1,115,0,0,0,0,0,0,Healthy,None
6440,M16439,M,302.4,310.8,1303,41.0,87,1,0,1,0,0,0,Failure Risk,Heat Dissipation Failure
6441,L16440,L,302.9,312.4,1445,34.8,9,0,0,0,0,0,0,Healthy,None
6442,L16441,L,302.4,312.7,1391,53.7,223,1,1,0,0,1,0,Failure Risk,"Tool Wear Failure, Overstrain Failure"
6443,M16442,M,301.0,310.6,1423,28.9,91,0,0,0,0,0,0,Healthy,None
6444,L16443,L,300.6,310.9,1989,38.0,49,0,0,0,0,0,0,Healthy,None
6445,M16444,M,297.6,307.4,1483,35.0,96,0,0,0,0,0,0,Healthy,None
6446,M16445,M,299.5,309.9,1380,21.9,251,1,1,0,1,0,0,Failure Risk,"Tool Wear Failure, Power Failure"
6447,H16446,H,298.6,307.6,1899,43.5,62,0,0,0,0,0,0,Healthy,None
6448,L16447,L,296.3,306.5,1696,38.0,229,0,0,0,0,0,0,Healthy,None
6449,L16448,L,302.1,311.5,1667,40.3,85,0,0,0,0,0,0,Healthy,None
6450,M16449,M,298.6,307.1,1388,38.2,192,0,0,0,0,0,0,Healthy,None
6451,H16450,H,302.4,312.2,1751,47.5,98,0,0,0,0,0,0,Healthy,None
6452,H16451,H,301.8,313.3,1684,48.7,57,0,0,0,0,0,0,Healthy,None
6453,L16452,L,301.1,309.6,1564,29.1,236,0,0,0,0,0,0,Healthy,None
6454,L16453,L,301.2,311.3,1230,57.5,203,1,1,0,0,1,0,Failure Risk,"Tool Wear Failure, Overstrain Failure"
6455,H16454,H,298.8,309.6,1534,37.6,247,0,0,0,0,0,0,Healthy,None
6456,L16455,L,303.7,316.0,1847,45.8,45,0,0,0,0,0,0,Healthy,None
6457,M16456,M,300.1,309.6,1577,41.8,88,0,0,0,0,0,0,Healthy,None
6458,L16457,L,300.6,310.0,1470,41.0,27,0,0,0,0,0,0,Healthy,None
6459,L16458,L,298.7,307.5,1497,45.5,119,0,0,0,0,0,0,Healthy,None
6460,L16459,L,298.1,309.2,1509,53.1,208,1,1,0,0,1,0,Failure Risk,"Tool Wear Failure, Overstrain Failure"
6461,L16460,L,301.0,310.1,1394,47.7,207,0,0,0,0,0,0,Healthy,None
6462,M16461,M,300.4,310.0,1530,37.6,223,1,1,0,0,0,0,Failure Risk,Tool Wear Failure
6463,H16462,H,298.4,306.6,1796,39.2,58,0,0,0,0,0,0,Healthy,None
6464,L16463,L,297.1,308.0,1775,34.4,236,0,0,0,0,0,0,Healthy,None
6465,H16464,H,297.5,308.7,1402,47.1,3,0,0,0,0,0,0,Healthy,None
6466,L16465,L,302.4,313.2,1766,45.8,110,0,0,0,0,0,0,Healthy,None
6467,M16466,M,298.8,307.2,1674,36.6,123,0,0,0,0,0,0,Healthy,None
6468,L16467,L,299.3,309.9,1651,53.1,168,1,0,0,1,0,0,Failure Risk,Power Failure
6469,H16468,H,302.9,311.2,1615,50.6,112,0,0,0,0,0,0,Healthy,None
6470,M16469,M,297.8,307.9,1371,58.1,59,0,0,0,0,0,0,Healthy,None
6471,M16470,M,298.5,308.7,1465,32.2,61,0,0,0,0,0,0,Healthy,None
6472,H16471,H,298.5,308.8,1687,39.0,10,0,0,0,0,0,0,Healthy,None
6473,M16472,M,303.2,313.7,1321,38.1,19,0,0,0,0,0,0,Healthy,None
6474,H16473,H,304.0,314.0,1351,65.8,217,1,1,0,1,1,0,Failure Risk,"Tool Wear Failure, Power Failure, Overstrain Failure"
6475,M16474,M,301.5,309.5,1592,40.1,134,0,0,0,0,0,0,Healthy,None
6476,H16475,H,301.6,312.1,1396,52.5,94,0,0,0,0,0,0,Healthy,None
6477,M16476,M,298.8,308.9,1685,50.2,61,0,0,0,0,0,0,Healthy,None
6478,L16477,L,303.9,313.0,1402,39.2,134,0,0,0,0,0,0,Healthy,None
6479,M16478,M,300.5,308.9,1581,40.5,118,0,0,0,0,0,0,Healthy,None
6480,L16479,L,301.7,313.2,1596,45.2,63,0,0,0,0,0,0,Healthy,None
6481,M16480,M,299.8,311.0,1451,52.5,185,0,0,0,0,0,0,Healthy,None
6482,L16481,L,299.5,310.2,1495,38.3,131,0,0,0,0,0,0,Healthy,None
6483,M16482,M,303.3,312.6,1416,35.0,199,0,0,0,0,0,0,Healthy,None
6484,L16483,L,301.1,308.6,1534,49.2,242,1,1,0,0,1,0,Failure Risk,"Tool Wear Failure, Overstrain Failure"
6485,L16484,L,302.9,313.7,1365,28.6,141,0,0,0,0,0,0,Healthy,None
6486,L16485,L,300.5,310.9,1497,42.5,248,0,0,0,0,0,0,Healthy,None
6487,H16486,H,298.3,307.9,1671,50.5,85,0,0,0,0,0,0,Healthy,None
6488,L16487,L,298.8,309.9,1334,44.3,150,0,0,0,0,0,0,Healthy,None
6489,L16488,L,300.2,311.0,1450,34.4,88,0,0,0,0,0,0,Healthy,None
6490,M16489,M,298.7,308.9,1630,30.1,35,0,0,0,0,0,0,Healthy,None
6491,M16490,M,297.8,307.8,1168,51.8,244,1,1,0,0,1,0,Failure Risk,"Tool Wear Failure, Overstrain Failure"
6492,L16491,L,302.4,312.5,1870,38.3,240,0,0,0,0,0,0,Healthy,None
6493,L16492,L,298.9,309.6,1725,31.1,89,0,0,0,0,0,0,Healthy,None
6494,L16493,L,300.3,309.4,1262,51.3,23,0,0,0,0,0,0,Healthy,None
6495,H16494,H,300.6,311.0,1168,47.9,81,0,0,0,0,0,0,Healthy,None
6496,L16495,L,298.8,307.9,1543,29.6,20,0,0,0,0,0,0,Healthy,None
6497,L16496,L,302.9,314.2,1337,64.9,62,1,0,0,1,0,0,Failure Risk,Power Failure
6498,L16497,L,297.8,308.3,1710,34.6,46,0,0,0,0,0,0,Healthy,None
6499,L16498,L,300.5,309.8,1608,47.8,68,0,0,0,0,0,0,Healthy,None
6500,M16499,M,300.5,310.6,1560,59.7,14,1,0,0,1,0,0,Failure Risk,Power Failure
6501,L16500,L,299.9,309.0,1435,48.8,158,0,0,0,0,0,0,Healthy,None
6502,L16501,L,297.4,308.9,1824,42.6,217,1,1,0,0,0,0,Failure Risk,Tool Wear Failure
6503,L16502,L,301.7,313.3,1672,25.8,3,0,0,0,0,0,0,Healthy,None
6504,L16503,L,301.5,312.2,1645,60.2,126,1,0,0,1,0,0,Failure Risk,Power Failure
6505,L16504,L,298.6,310.2,1752,48.6,131,0,0,0,0,0,0,Healthy,None
6506,H16505,H,301.4,311.6,1355,26.0,171,0,0,0,0,0,0,Healthy,None
6507,M16506,M,300.7,311.5,1767,55.3,113,1,0,0,1,0,0,Failure Risk,Power Failure
6508,H16507,H,297.4,308.6,1490,40.6,188,0,0,0,0,0,0,Healthy,None
6509,H16508,H,298.3,308.3,1597,37.3,190,0,0,0,0,0,0,Healthy,None
6510,M16509,M,302.3,312.4,1509,34.3,82,0,0,0,0,0,0,Healthy,None
6511,L16510,L,300.6,311.5,1201,41.7,153,0,0,0,0,0,0,Healthy,None
6512,M16511,M,298.9,309.5,1709,48.0,177,0,0,0,0,0,0,Healthy,None
6513,H16512,H,298.3,307.5,1211,35.1,160,0,0,0,0,0,0,Healthy,None
6514,M16513,M,299.0,306.8,1364,41.3,131,1,0,1,0,0,0,Failure Risk,Heat Dissipation Failure
6515,M16514,M,299.1,308.9,1456,73.5,184,1,0,0,1,1,0,Failure Risk,"Power Failure, Overstrain Failure"
6516,L16515,L,298.3,306.2,1188,44.7,238,1,0,1,0,0,0,Failure Risk,Heat Dissipation Failure
6517,H16516,H,296.5,305.5,1340,49.6,61,0,0,0,0,0,0,Healthy,None
6518,M16517,M,302.3,311.4,1581,30.5,101,0,0,0,0,0,0,Healthy,None
6519,H16518,H,301.9,311.3,1475,26.6,87,0,0,0,0,0,0,Healthy,None
6520,L16519,L,297.5,308.3,1490,54.5,222,1,0,0,0,1,0,Failure Risk,Overstrain Failure
6521,L16520,L,300.3,311.3,1374,51.7,161,0,0,0,0,0,0,Healthy,None
6522,L16521,L,298.2,308.7,1546,57.0,125,1,0,0,1,0,0,Failure Risk,Power Failure
6523,M16522,M,299.5,310.1,1479,39.2,33,0,0,0,0,0,0,Healthy,None
6524,L16523,L,299.3,310.0,1244,52.4,129,0,0,0,0,0,0,Healthy,None
6525,L16524,L,299.1,306.6,1502,14.7,42,1,0,0,1,0,0,Failure Risk,Power Failure
6526,H16525,H,304.0,314.0,1315,45.4,71,0,0,0,0,0,0,Healthy,None
6527,L16526,L,299.1,307.3,1698,50.2,176,0,0,0,0,0,0,Healthy,None
6528,H16527,H,298.4,308.9,1467,33.2,20,0,0,0,0,0,0,Healthy,None
6529,L16528,L,298.5,306.4,1989,50.5,139,1,0,0,1,0,0,Failure Risk,Power Failure
6530,H16529,H,302.1,311.9,1711,38.2,35,0,0,0,0,0,0,Healthy,None
6531,M16530,M,296.7,307.2,1514,39.2,122,0,0,0,0,0,0,Healthy,None
6532,H16531,H,298.5,307.4,1641,37.4,0,0,0,0,0,0,0,Healthy,None
6533,H16532,H,302.9,313.9,1168,55.7,251,1,1,0,0,1,0,Failure Risk,"Tool Wear Failure, Overstrain Failure"
6534,L16533,L,300.5,311.0,1710,35.5,169,0,0,0,0,0,0,Healthy,None
6535,L16534,L,300.4,310.8,1391,34.3,102,0,0,0,0,0,0,Healthy,None
6536,L16535,L,304.3,315.0,1554,31.5,143,0,0,0,0,0,0,Healthy,None
6537,M16536,M,300.5,310.1,1407,36.4,48,0,0,0,0,0,0,Healthy,None
6538,H16537,H,298.6,308.8,1426,41.9,5,0,0,0,0,0,0,Healthy,None
6539,L16538,L,299.4,309.4,1505,46.3,123,0,0,0,0,0,0,Healthy,None
6540,M16539,M,297.7,307.7,1551,32.5,224,0,0,0,0,0,0,Healthy,None
6541,L16540,L,302.5,311.8,1533,43.7,234,1,1,0,0,0,0,Failure Risk,Tool Wear Failure
6542,H16541,H,301.1,309.9,1537,46.1,12,0,0,0,0,0,0,Healthy,None
6543,H16542,H,302.2,311.9,1247,30.8,172,0,0,0,0,0,0,Healthy,None
6544,L16543,L,302.4,312.0,1955,40.6,8,0,0,0,0,0,0,Healthy,None
6545,L16544,L,299.2,308.5,1579,39.2,226,0,0,0,0,0,0,Healthy,None
6546,L16545,L,298.1,309.0,1616,40.7,155,0,0,0,0,0,0,Healthy,None
6547,M16546,M,299.9,308.7,1477,34.8,191,0,0,0,0,0,0,Healthy,None
6548,M16547,M,298.3,308.1,1381,38.7,161,0,0,0,0,0,0,Healthy,None
6549,L16548,L,300.3,311.5,1565,40.3,159,0,0,0,0,0,0,Healthy,None
6550,L16549,L,302.3,313.2,1589,58.5,118,1,0,0,1,0,0,Failure Risk,Power Failure
6551,L16550,L,299.7,310.9,1771,40.4,192,0,0,0,0,0,0,Healthy,None
6552,M16551,M,300.3,309.7,1909,53.3,102,1,0,0,1,0,0,Failure Risk,Power Failure
6553,M16552,M,299.8,310.6,1802,54.0,88,1,0,0,1,0,0,Failure Risk,Power Failure
6554,L16553,L,301.6,310.5,1221,26.9,179,1,0,0,1,0,0,Failure Risk,Power Failure
6555,M16554,M,298.7,308.4,1455,37.1,73,0,0,0,0,0,0,Healthy,None
6556,M16555,M,295.6,305.4,1598,54.0,193,1,0,0,1,0,0,Failure Risk,Power Failure
6557,L16556,L,300.9,310.3,1466,41.8,131,0,0,0,0,0,0,Healthy,None
6558,L16557,L,302.0,311.6,1530,38.8,24,0,0,0,0,0,0,Healthy,None
6559,M16558,M,300.9,310.4,1168,47.4,79,0,0,0,0,0,0,Healthy,None
6560,H16559,H,298.7,307.7,1701,50.6,62,1,0,0,1,0,0,Failure Risk,Power Failure
6561,L16560,L,297.7,308.6,1202,39.7,39,0,0,0,0,0,0,Healthy,None
6562,L16561,L,301.0,310.8,1256,37.2,107,0,0,0,0,0,0,Healthy,None
6563,L16562,L,300.3,310.5,1356,16.6,68,1,0,0,1,0,0,Failure Risk,Power Failure
6564,M16563,M,299.7,309.9,1520,40.5,183,0,0,0,0,0,0,Healthy,None
6565,L16564,L,303.6,313.7,1247,36.2,150,0,0,0,0,0,0,Healthy,None
6566,L16565,L,298.1,308.2,1348,30.0,83,0,0,0,0,0,0,Healthy,None
6567,M16566,M,303.6,313.3,1743,38.0,130,0,0,0,0,0,0,Healthy,None
6568,M16567,M,300.1,311.5,1517,35.9,127,0,0,0,0,0,0,Healthy,None
6569,L16568,L,296.3,307.1,1615,41.7,64,0,0,0,0,0,0,Healthy,None
6570,L16569,L,299.6,309.6,1316,37.2,237,0,0,0,0,0,0,Healthy,None
6571,M16570,M,301.9,311.5,1528,44.4,125,0,0,0,0,0,0,Healthy,None
6572,L16571,L,299.3,309.2,1513,41.7,50,0,0,0,0,0,0,Healthy,None
6573,L16572,L,297.1,307.5,1395,52.6,247,1,0,0,0,1,0,Failure Risk,Overstrain Failure
6574,H16573,H,299.7,311.2,1528,34.7,24,0,0,0,0,0,0,Healthy,None
6575,L16574,L,298.3,306.9,1199,57.6,207,1,0,1,0,1,0,Failure Risk,"Heat Dissipation Failure, Overstrain Failure"
6576,M16575,M,301.0,311.7,1616,50.6,40,0,0,0,0,0,0,Healthy,None
6577,H16576,H,301.5,312.6,1466,54.7,4,0,0,0,0,0,0,Healthy,None
6578,L16577,L,297.9,306.4,1491,42.5,227,0,0,0,0,0,0,Healthy,None
6579,L16578,L,298.6,308.4,1690,37.2,191,0,0,0,0,0,0,Healthy,None
6580,M16579,M,301.5,310.4,1615,34.7,133,0,0,0,0,0,0,Healthy,None
6581,H16580,H,298.3,308.7,1481,57.3,75,0,0,0,0,0,0,Healthy,None
6582,H16581,H,297.8,307.4,1338,50.9,45,0,0,0,0,0,0,Healthy,None
6583,M16582,M,297.6,307.5,1775,30.0,150,0,0,0,0,0,0,Healthy,None
6584,L16583,L,300.7,310.3,1298,49.7,109,0,0,0,0,0,0,Healthy,None
6585,M16584,M,300.6,311.3,1650,31.8,165,0,0,0,0,0,0,Healthy,None
6586,L16585,L,298.6,308.8,1252,43.2,132,0,0,0,0,0,0,Healthy,None
6587,L16586,L,300.0,310.2,1702,48.2,60,0,0,0,0,0,0,Healthy,None
6588,L16587,L,303.1,313.3,1718,54.4,129,1,0,0,1,0,0,Failure Risk,Power Failure
6589,L16588,L,298.1,308.7,1195,42.4,2,0,0,0,0,0,0,Healthy,None
6590,M16589,M,296.1,305.8,1618,38.7,232,0,0,0,0,0,0,Healthy,None
6591,L16590,L,300.9,312.6,1603,40.4,134,0,0,0,0,0,0,Healthy,None
6592,L16591,L,299.8,308.6,1663,50.6,89,0,0,0,0,0,0,Healthy,None
6593,L16592,L,298.6,306.9,1603,47.8,203,0,0,0,0,0,0,Healthy,None
6594,H16593,H,301.3,309.5,1365,39.8,177,1,0,1,0,0,0,Failure Risk,Heat Dissipation Failure
6595,M16594,M,301.7,309.6,1499,21.6,187,1,0,0,1,0,0,Failure Risk,Power Failure
6596,L16595,L,295.6,306.3,1835,15.9,236,1,0,0,1,0,0,Failure Risk,Power Failure
6597,L16596,L,298.7,309.3,1339,42.2,192,0,0,0,0,0,0,Healthy,None
6598,L16597,L,304.6,315.8,1595,28.3,192,0,0,0,0,0,0,Healthy,None
6599,H16598,H,301.2,310.1,1744,34.8,96,0,0,0,0,0,0,Healthy,None
6600,M16599,M,301.4,312.1,1360,37.8,61,0,0,0,0,0,0,Healthy,None
6601,M16600,M,302.3,312.4,1284,60.6,53,0,0,0,0,0,0,Healthy,None
6602,M16601,M,300.0,310.2,1311,41.2,244,0,0,0,0,0,0,Healthy,None
6603,L16602,L,301.6,312.2,1608,47.1,230,0,0,0,0,0,0,Healthy,None
6604,H16603,H,301.4,310.6,1309,45.0,251,1,1,0,0,0,0,Failure Risk,Tool Wear Failure
6605,M16604,M,301.1,313.7,1513,16.0,52,1,0,0,1,0,0,Failure Risk,Power Failure
6606,L16605,L,299.4,310.7,1783,36.0,8,0,0,0,0,0,0,Healthy,None
6607,L16606,L,300.3,309.8,1528,27.9,128,0,0,0,0,0,0,Healthy,None
6608,M16607,M,298.8,307.7,1398,57.1,142,0,0,0,0,0,0,Healthy,None
6609,H16608,H,300.0,309.9,1560,22.0,88,0,0,0,0,0,0,Healthy,None
6610,L16609,L,297.7,307.9,1525,35.8,107,0,0,0,0,0,0,Healthy,None
6611,H16610,H,298.4,309.5,1619,37.4,35,0,0,0,0,0,0,Healthy,None
6612,M16611,M,299.4,308.2,1827,30.2,137,0,0,0,0,0,0,Healthy,None
6613,L16612,L,298.1,308.4,1609,41.0,118,0,0,0,0,0,0,Healthy,None
6614,L16613,L,299.0,307.5,1902,39.6,49,0,0,0,0,0,0,Healthy,None
6615,L16614,L,299.7,310.1,1619,41.6,158,0,0,0,0,0,0,Healthy,None
6616,M16615,M,300.8,310.7,1400,45.0,242,0,0,0,0,0,0,Healthy,None
6617,L16616,L,301.9,313.8,1947,42.3,211,0,0,0,0,0,0,Healthy,None
6618,L16617,L,299.1,307.6,1515,43.8,68,0,0,0,0,0,0,Healthy,None
6619,M16618,M,302.7,314.1,1349,51.0,219,0,0,0,0,0,0,Healthy,None
6620,M16619,M,301.9,310.2,1953,23.7,97,0,0,0,0,0,0,Healthy,None
6621,L16620,L,301.0,309.7,1406,46.9,102,0,0,0,0,0,0,Healthy,None
6622,L16621,L,300.3,308.6,1399,29.6,101,0,0,0,0,0,0,Healthy,None
6623,L16622,L,300.6,310.9,1439,33.6,15,0,0,0,0,0,0,Healthy,None
6624,M16623,M,302.4,311.2,1567,41.2,78,0,0,0,0,0,0,Healthy,None
6625,H16624,H,302.4,311.1,1704,44.1,232,1,1,0,0,0,0,Failure Risk,Tool Wear Failure
6626,L16625,L,302.7,312.9,1168,45.2,230,1,1,0,0,0,0,Failure Risk,Tool Wear Failure
6627,H16626,H,300.1,310.6,1703,30.6,41,0,0,0,0,0,0,Healthy,None
6628,M16627,M,301.1,311.1,1438,56.1,153,0,0,0,0,0,0,Healthy,None
6629,M16628,M,302.7,312.5,1464,35.9,157,0,0,0,0,0,0,Healthy,None
6630,M16629,M,298.8,310.6,1845,32.9,1,0,0,0,0,0,0,Healthy,None
6631,L16630,L,299.4,309.5,1576,27.4,194,0,0,0,0,0,0,Healthy,None
6632,L16631,L,300.0,310.8,1618,26.4,210,0,0,0,0,0,0,Healthy,None
6633,M16632,M,301.8,311.9,1529,26.1,183,0,0,0,0,0,0,Healthy,None
6634,M16633,M,301.8,310.7,1674,43.1,151,0,0,0,0,0,0,Healthy,None
6635,M16634,M,299.5,310.0,1827,46.0,194,0,0,0,0,0,0,Healthy,None
6636,L16635,L,297.0,306.3,1168,31.4,39,0,0,0,0,0,0,Healthy,None
6637,H16636,H,300.5,310.4,1732,28.7,190,0,0,0,0,0,0,Healthy,None
6638,M16637,M,298.2,308.5,1814,37.9,196,0,0,0,0,0,0,Healthy,None
6639,L16638,L,297.0,305.1,1627,41.0,58,0,0,0,0,0,0,Healthy,None
6640,L16639,L,297.5,305.9,1416,42.6,223,1,1,0,0,0,0,Failure Risk,Tool Wear Failure
6641,M16640,M,300.7,311.6,1331,30.5,60,0,0,0,0,0,0,Healthy,None
6642,M16641,M,302.7,312.0,1960,38.3,179,0,0,0,0,0,0,Healthy,None
6643,L16642,L,300.1,309.5,1376,55.5,222,1,0,0,0,1,0,Failure Risk,Overstrain Failure
6644,H16643,H,300.4,310.6,1809,28.2,75,0,0,0,0,0,0,Healthy,None
6645,L16644,L,302.4,312.0,1607,39.7,234,0,0,0,0,0,0,Healthy,None
6646,L16645,L,296.9,307.3,1904,44.9,35,0,0,0,0,0,0,Healthy,None
6647,H16646,H,301.0,310.9,1481,30.4,227,0,0,0,0,0,0,Healthy,None
6648,H16647,H,300.0,310.2,1250,46.1,30,0,0,0,0,0,0,Healthy,None
6649,M16648,M,301.1,310.4,1538,26.7,224,1,1,0,0,0,0,Failure Risk,Tool Wear Failure
6650,H16649,H,299.0,309.2,1271,46.3,122,0,0,0,0,0,0,Healthy,None
6651,L16650,L,298.4,309.5,2017,40.4,6,0,0,0,0,0,0,Healthy,None
6652,H16651,H,300.3,309.7,1650,25.9,122,0,0,0,0,0,0,Healthy,None
6653,L16652,L,303.3,314.2,1677,46.8,217,0,0,0,0,0,0,Healthy,None
6654,L16653,L,301.7,311.6,1677,31.1,89,0,0,0,0,0,0,Healthy,None
6655,L16654,L,299.0,309.7,1413,38.5,19,0,0,0,0,0,0,Healthy,None
6656,L16655,L,297.3,307.4,1514,46.2,97,0,0,0,0,0,0,Healthy,None
6657,L16656,L,296.6,306.6,1557,30.5,160,0,0,0,0,0,0,Healthy,None
6658,L16657,L,302.6,312.9,1885,34.8,210,0,0,0,0,0,0,Healthy,None
6659,L16658,L,298.1,309.3,1330,51.1,144,0,0,0,0,0,0,Healthy,None
6660,L16659,L,299.3,309.5,1407,19.5,234,1,0,0,1,0,0,Failure Risk,Power Failure
6661,M16660,M,302.6,313.1,1473,54.0,228,1,0,0,0,1,0,Failure Risk,Overstrain Failure
6662,L16661,L,296.8,306.4,1417,25.5,5,0,0,0,0,0,0,Healthy,None
6663,L16662,L,303.0,314.6,1276,33.1,122,0,0,0,0,0,0,Healthy,None
6664,M16663,M,299.5,310.1,1168,42.8,85,0,0,0,0,0,0,Healthy,None
6665,H16664,H,297.7,307.8,1210,46.0,229,0,0,0,0,0,0,Healthy,None
6666,M16665,M,299.5,309.4,1734,43.0,246,0,0,0,0,0,0,Healthy,None
6667,L16666,L,298.6,309.6,1536,40.5,80,0,0,0,0,0,0,Healthy,None
6668,M16667,M,300.9,310.3,1687,35.7,147,0,0,0,0,0,0,Healthy,None
6669,L16668,L,298.7,306.9,1433,55.5,105,0,0,0,0,0,0,Healthy,None
6670,L16669,L,296.2,306.3,1520,47.7,169,0,0,0,0,0,0,Healthy,None
6671,L16670,L,299.6,310.8,1826,51.6,190,1,0,0,1,0,0,Failure Risk,Power Failure
6672,H16671,H,297.3,308.9,1815,35.8,40,0,0,0,0,0,0,Healthy,None
6673,L16672,L,300.4,310.3,1706,17.0,217,1,0,0,1,0,0,Failure Risk,Power Failure
6674,L16673,L,297.6,307.6,1574,50.1,91,0,0,0,0,0,0,Healthy,None
6675,L16674,L,299.0,309.5,1630,43.5,113,0,0,0,0,0,0,Healthy,None
6676,H16675,H,300.4,310.1,1604,41.8,108,0,0,0,0,0,0,Healthy,None
6677,M16676,M,299.6,310.1,1508,34.4,199,0,0,0,0,0,0,Healthy,None
6678,L16677,L,300.5,310.4,1465,36.6,234,1,1,0,0,0,0,Failure Risk,Tool Wear Failure
6679,M16678,M,301.4,312.4,1738,34.1,134,0,0,0,0,0,0,Healthy,None
6680,M16679,M,297.7,308.4,1306,40.4,198,0,0,0,0,0,0,Healthy,None
6681,M16680,M,299.9,310.7,1804,28.8,156,0,0,0,0,0,0,Healthy,None
6682,L16681,L,293.3,303.1,1488,47.5,66,0,0,0,0,0,0,Healthy,None
6683,H16682,H,300.5,312.4,1302,60.2,143,0,0,0,0,0,0,Healthy,None
6684,L16683,L,299.4,309.9,1440,34.1,76,0,0,0,0,0,0,Healthy,None
6685,M16684,M,298.0,308.2,1381,24.2,49,1,0,0,1,0,0,Failure Risk,Power Failure
6686,L16685,L,300.6,309.8,1434,39.0,81,0,0,0,0,0,0,Healthy,None
6687,L16686,L,302.3,312.2,1431,43.1,43,0,0,0,0,0,0,Healthy,None
6688,L16687,L,299.0,309.1,1424,44.5,204,0,0,0,0,0,0,Healthy,None
6689,M16688,M,298.1,307.3,1482,55.9,30,0,0,0,0,0,0,Healthy,None
6690,L16689,L,300.3,310.0,1526,48.1,66,0,0,0,0,0,0,Healthy,None
6691,M16690,M,297.3,307.1,1674,22.1,221,0,0,0,0,0,0,Healthy,None
6692,L16691,L,298.7,308.8,1494,27.8,2,0,0,0,0,0,0,Healthy,None
6693,M16692,M,302.4,310.6,1596,44.0,89,0,0,0,0,0,0,Healthy,None
6694,H16693,H,300.1,310.0,1539,35.5,193,0,0,0,0,0,0,Healthy,None
6695,M16694,M,296.2,305.8,1634,55.0,102,1,0,0,1,0,0,Failure Risk,Power Failure
6696,M16695,M,296.4,306.4,1546,30.7,225,1,1,0,0,0,0,Failure Risk,Tool Wear Failure
6697,M16696,M,300.3,311.3,1422,49.5,101,0,0,0,0,0,0,Healthy,None
6698,L16697,L,301.7,313.8,1373,33.6,204,1,1,0,0,0,0,Failure Risk,Tool Wear Failure
6699,H16698,H,296.8,307.5,1575,42.6,74,0,0,0,0,0,0,Healthy,None
6700,L16699,L,300.9,309.7,1765,31.8,100,0,0,0,0,0,0,Healthy,None
6701,M16700,M,302.7,312.4,1496,45.5,6,0,0,0,0,0,0,Healthy,None
6702,M16701,M,303.8,314.4,1412,50.6,234,0,0,0,0,0,0,Healthy,None
6703,L16702,L,300.7,311.2,1492,42.5,26,0,0,0,0,0,0,Healthy,None
6704,L16703,L,301.0,312.0,1437,58.9,6,0,0,0,0,0,0,Healthy,None
6705,L16704,L,295.7,305.6,1418,32.9,7,0,0,0,0,0,0,Healthy,None
6706,H16705,H,304.2,313.8,1279,41.0,99,0,0,0,0,0,0,Healthy,None
6707,H16706,H,298.8,310.6,1494,48.4,41,0,0,0,0,0,0,Healthy,None
6708,M16707,M,298.1,308.2,1580,30.6,220,0,0,0,0,0,0,Healthy,None
6709,M16708,M,299.5,308.5,1344,40.6,84,0,0,0,0,0,0,Healthy,None
6710,H16709,H,303.0,314.5,1380,46.6,153,0,0,0,0,0,0,Healthy,None
6711,L16710,L,304.4,312.9,1368,49.2,60,1,0,1,0,0,0,Failure Risk,Heat Dissipation Failure
6712,L16711,L,300.3,306.8,1289,51.3,19,1,0,1,0,0,0,Failure Risk,Heat Dissipation Failure
6713,M16712,M,302.0,312.8,1366,31.4,220,0,0,0,0,0,0,Healthy,None
6714,H16713,H,300.1,311.0,1502,42.9,78,0,0,0,0,0,0,Healthy,None
6715,H16714,H,297.9,308.3,1297,27.0,86,0,0,0,0,0,0,Healthy,None
6716,L16715,L,303.0,311.7,1513,32.8,78,0,0,0,0,0,0,Healthy,None
6717,L16716,L,298.8,308.7,1412,38.3,50,0,0,0,0,0,0,Healthy,None
6718,L16717,L,303.1,312.8,1371,51.3,73,0,0,0,0,0,0,Healthy,None
6719,L16718,L,302.6,312.1,1605,45.2,129,0,0,0,0,0,0,Healthy,None
6720,L16719,L,301.2,312.6,1423,40.4,239,0,0,0,0,0,0,Healthy,None
6721,M16720,M,303.7,312.7,1453,44.4,115,0,0,0,0,0,0,Healthy,None
6722,L16721,L,304.5,314.8,1770,45.2,127,0,0,0,0,0,0,Healthy,None
6723,H16722,H,299.6,310.8,1373,43.7,29,0,0,0,0,0,0,Healthy,None
6724,L16723,L,298.4,308.8,1818,34.3,228,0,0,0,0,0,0,Healthy,None
6725,M16724,M,296.3,307.5,1475,30.5,90,0,0,0,0,0,0,Healthy,None
6726,L16725,L,304.5,315.1,1334,37.8,144,0,0,0,0,0,0,Healthy,None
6727,L16726,L,299.1,309.5,1438,32.1,194,0,0,0,0,0,0,Healthy,None
6728,L16727,L,302.3,312.7,1550,46.2,199,0,0,0,0,0,0,Healthy,None
6729,H16728,H,298.5,309.1,1762,55.1,170,1,0,0,1,0,0,Failure Risk,Power Failure
6730,H16729,H,303.1,312.7,1680,45.6,100,0,0,0,0,0,0,Healthy,None
6731,L16730,L,298.6,307.3,1549,22.1,48,0,0,0,0,0,0,Healthy,None
6732,L16731,L,297.6,308.6,1763,33.7,3,0,0,0,0,0,0,Healthy,None
6733,H16732,H,299.6,310.8,1201,40.2,215,0,0,0,0,0,0,Healthy,None
6734,L16733,L,298.9,309.2,1582,25.8,28,0,0,0,0,0,0,Healthy,None
6735,L16734,L,301.2,310.7,1593,40.3,199,0,0,0,0,0,0,Healthy,None
6736,M16735,M,299.9,308.3,1595,44.6,161,0,0,0,0,0,0,Healthy,None
6737,H16736,H,301.3,311.4,1249,53.9,239,0,0,0,0,0,0,Healthy,None
6738,L16737,L,299.4,308.1,1355,58.0,136,0,0,0,0,0,0,Healthy,None
6739,L16738,L,298.7,307.2,1508,28.2,185,0,0,0,0,0,0,Healthy,None
6740,H16739,H,298.8,308.8,1737,38.8,80,0,0,0,0,0,0,Healthy,None
6741,L16740,L,304.1,313.3,1880,39.0,73,0,0,0,0,0,0,Healthy,None
6742,L16741,L,300.5,310.8,1419,32.9,151,0,0,0,0,0,0,Healthy,None
6743,M16742,M,296.0,305.8,1303,41.0,183,0,0,0,0,0,0,Healthy,None
6744,H16743,H,299.0,308.4,1684,39.2,236,0,0,0,0,0,0,Healthy,None
6745,L16744,L,300.2,308.5,2005,46.1,213,1,0,0,1,0,0,Failure Risk,Power Failure
6746,H16745,H,303.7,312.8,1736,53.4,80,1,0,0,1,0,0,Failure Risk,Power Failure
6747,M16746,M,302.1,311.3,1403,41.3,222,0,0,0,0,0,0,Healthy,None
6748,L16747,L,298.2,307.0,2050,35.1,107,0,0,0,0,0,0,Healthy,None
6749,H16748,H,304.8,314.5,1660,29.8,188,0,0,0,0,0,0,Healthy,None
6750,L16749,L,299.9,308.8,1396,60.2,200,1,1,0,0,1,0,Failure Risk,"Tool Wear Failure, Overstrain Failure"
6751,L16750,L,302.5,312.3,1884,49.0,206,1,1,0,1,0,0,Failure Risk,"Tool Wear Failure, Power Failure"
6752,M16751,M,297.7,307.9,1382,44.0,190,0,0,0,0,0,0,Healthy,None
6753,L16752,L,295.2,304.4,1426,38.4,169,0,0,0,0,0,0,Healthy,None
6754,L16753,L,297.2,307.6,1668,56.0,114,1,0,0,1,0,0,Failure Risk,Power Failure
6755,L16754,L,293.5,302.1,1533,38.4,221,0,0,0,0,0,0,Healthy,None
6756,L16755,L,304.2,313.1,1544,23.1,16,0,0,0,0,0,0,Healthy,None
6757,H16756,H,300.4,310.3,1544,42.6,198,0,0,0,0,0,0,Healthy,None
6758,M16757,M,298.2,308.9,1737,27.8,237,0,0,0,0,0,0,Healthy,None
6759,H16758,H,300.9,311.8,1168,42.7,236,0,0,0,0,0,0,Healthy,None
6760,L16759,L,300.4,312.0,1588,53.3,89,0,0,0,0,0,0,Healthy,None
6761,L16760,L,301.2,310.8,1486,23.4,244,0,0,0,0,0,0,Healthy,None
6762,L16761,L,302.4,312.3,1403,31.1,193,0,0,0,0,0,0,Healthy,None
6763,L16762,L,299.4,308.4,1402,48.6,47,0,0,0,0,0,0,Healthy,None
6764,L16763,L,298.2,306.9,1168,35.1,220,0,0,0,0,0,0,Healthy,None
6765,M16764,M,301.7,311.9,1395,44.1,112,0,0,0,0,0,0,Healthy,None
6766,H16765,H,301.6,310.8,1768,44.1,197,0,0,0,0,0,0,Healthy,None
6767,H16766,H,300.2,311.4,1686,48.8,160,0,0,0,0,0,0,Healthy,None
6768,L16767,L,304.4,312.9,1503,33.6,37,0,0,0,0,0,0,Healthy,None
6769,H16768,H,299.1,309.6,1285,14.7,0,1,0,0,1,0,0,Failure Risk,Power Failure
6770,L16769,L,298.2,307.2,1685,43.9,54,0,0,0,0,0,0,Healthy,None
6771,L16770,L,300.8,310.0,1772,24.5,182,0,0,0,0,0,0,Healthy,None
6772,H16771,H,298.7,309.2,1723,49.3,137,0,0,0,0,0,0,Healthy,None
6773,M16772,M,301.0,310.3,1364,39.6,115,0,0,0,0,0,0,Healthy,None
6774,L16773,L,298.3,307.8,1383,37.1,54,0,0,0,0,0,0,Healthy,None
6775,L16774,L,299.2,308.4,1834,46.8,94,0,0,0,0,0,0,Healthy,None
6776,L16775,L,303.8,315.6,1321,22.8,124,1,0,0,1,0,0,Failure Risk,Power Failure
6777,M16776,M,299.2,308.6,1623,38.0,23,0,0,0,0,0,0,Healthy,None
6778,L16777,L,298.4,308.5,1219,44.4,199,0,0,0,0,0,0,Healthy,None
6779,H16778,H,302.3,312.1,1484,42.5,27,0,0,0,0,0,0,Healthy,None
6780,L16779,L,297.9,308.1,1642,35.2,91,0,0,0,0,0,0,Healthy,None
6781,L16780,L,298.6,308.0,1532,35.3,239,0,0,0,0,0,0,Healthy,None
6782,L16781,L,301.2,311.0,1631,55.3,107,1,0,0,1,0,0,Failure Risk,Power Failure
6783,M16782,M,301.9,312.3,1318,49.0,50,0,0,0,0,0,0,Healthy,None
6784,L16783,L,302.4,311.5,1391,33.4,125,0,0,0,0,0,0,Healthy,None
6785,M16784,M,298.5,309.6,1624,53.3,173,1,0,0,1,0,0,Failure Risk,Power Failure
6786,H16785,H,301.2,312.4,1662,47.5,199,0,0,0,0,0,0,Healthy,None
6787,H16786,H,299.1,309.7,1577,44.8,156,0,0,0,0,0,0,Healthy,None
6788,H16787,H,298.8,308.9,1707,45.2,146,0,0,0,0,0,0,Healthy,None
6789,H16788,H,302.4,309.4,1241,28.7,92,1,0,1,0,0,0,Failure Risk,Heat Dissipation Failure
6790,M16789,M,298.9,309.3,1454,54.9,122,0,0,0,0,0,0,Healthy,None
6791,H16790,H,300.6,310.2,1864,49.4,206,1,0,0,1,0,0,Failure Risk,Power Failure
6792,L16791,L,300.3,310.1,1767,42.4,222,0,0,0,0,0,0,Healthy,None
6793,L16792,L,297.9,306.0,1651,42.4,4,0,0,0,0,0,0,Healthy,None
6794,L16793,L,301.9,312.4,1510,39.1,176,0,0,0,0,0,0,Healthy,None
6795,L16794,L,301.1,309.7,1723,34.4,91,0,0,0,0,0,0,Healthy,None
6796,L16795,L,296.0,306.1,1614,45.3,54,0,0,0,0,0,0,Healthy,None
6797,H16796,H,300.6,311.5,1266,32.1,45,0,0,0,0,0,0,Healthy,None
6798,L16797,L,298.5,308.0,1716,41.5,142,0,0,0,0,0,0,Healthy,None
6799,L16798,L,302.2,313.4,1382,41.0,249,0,0,0,0,0,0,Healthy,None
6800,M16799,M,297.1,306.4,1673,43.8,199,0,0,0,0,0,0,Healthy,None
6801,L16800,L,299.3,309.9,1248,49.3,227,1,0,0,0,1,0,Failure Risk,Overstrain Failure
6802,L16801,L,300.7,309.4,1824,44.0,223,0,0,0,0,0,0,Healthy,None
6803,L16802,L,300.1,311.1,1488,46.9,166,0,0,0,0,0,0,Healthy,None
6804,L16803,L,301.5,312.4,1339,20.8,230,1,0,0,1,0,0,Failure Risk,Power Failure
6805,L16804,L,297.0,307.5,1414,44.6,149,0,0,0,0,0,0,Healthy,None
6806,M16805,M,303.3,312.9,1477,40.7,61,0,0,0,0,0,0,Healthy,None
6807,M16806,M,301.1,309.7,1536,43.7,196,0,0,0,0,0,0,Healthy,None
6808,L16807,L,302.7,312.3,1773,34.8,73,0,0,0,0,0,0,Healthy,None
6809,L16808,L,301.7,312.8,1550,51.4,243,1,0,0,0,1,0,Failure Risk,Overstrain Failure
6810,L16809,L,300.0,310.1,1168,42.5,158,0,0,0,0,0,0,Healthy,None
6811,M16810,M,297.4,305.8,1317,32.6,164,1,0,1,0,0,0,Failure Risk,Heat Dissipation Failure
6812,L16811,L,298.9,307.8,2031,34.4,150,0,0,0,0,0,0,Healthy,None
6813,L16812,L,303.2,314.5,1562,48.9,223,0,0,0,0,0,0,Healthy,None
6814,M16813,M,302.8,313.3,1708,39.2,215,0,0,0,0,0,0,Healthy,None
6815,L16814,L,298.8,307.6,1482,40.0,131,0,0,0,0,0,0,Healthy,None
6816,L16815,L,294.4,302.6,1358,38.0,244,1,0,1,0,0,0,Failure Risk,Heat Dissipation Failure
6817,L16816,L,299.6,309.0,1451,50.0,42,0,0,0,0,0,0,Healthy,None
6818,H16817,H,299.4,307.5,1560,44.8,37,0,0,0,0,0,0,Healthy,None
6819,H16818,H,299.5,309.3,1455,28.2,142,0,0,0,0,0,0,Healthy,None
6820,M16819,M,301.1,313.6,1881,30.3,10,0,0,0,0,0,0,Healthy,None
6821,L16820,L,301.8,310.2,1427,40.0,24,0,0,0,0,0,0,Healthy,None
6822,M16821,M,302.0,311.8,1349,33.6,153,0,0,0,0,0,0,Healthy,None
6823,H16822,H,300.9,312.2,1682,18.6,245,1,0,0,1,0,0,Failure Risk,Power Failure
6824,H16823,H,296.4,307.1,1704,32.6,38,0,0,0,0,0,0,Healthy,None
6825,L16824,L,299.3,309.2,1543,37.2,55,0,0,0,0,0,0,Healthy,None
6826,H16825,H,304.6,314.5,1430,36.0,178,0,0,0,0,0,0,Healthy,None
6827,L16826,L,300.7,309.5,1197,47.1,100,0,0,0,0,0,0,Healthy,None
6828,L16827,L,300.7,310.4,1756,17.9,99,1,0,0,1,0,0,Failure Risk,Power Failure
6829,M16828,M,300.7,310.9,1693,32.4,160,0,0,0,0,0,0,Healthy,None
6830,L16829,L,300.8,311.9,1459,47.9,111,0,0,0,0,0,0,Healthy,None
6831,H16830,H,295.2,304.6,1548,33.4,107,0,0,0,0,0,0,Healthy,None
6832,L16831,L,299.5,309.3,1497,28.0,147,0,0,0,0,0,0,Healthy,None
6833,M16832,M,299.9,309.0,1829,33.3,241,0,0,0,0,0,0,Healthy,None
6834,H16833,H,302.6,312.8,1352,44.4,51,0,0,0,0,0,0,Healthy,None
6835,H16834,H,300.1,310.9,1427,37.5,33,0,0,0,0,0,0,Healthy,None
6836,L16835,L,296.7,307.3,1409,32.8,44,0,0,0,0,0,0,Healthy,None
6837,L16836,L,300.9,309.7,1593,44.8,75,0,0,0,0,0,0,Healthy,None
6838,M16837,M,298.4,308.5,1548,43.7,99,0,0,0,0,0,0,Healthy,None
6839,L16838,L,297.6,306.9,1573,27.5,3,0,0,0,0,0,0,Healthy,None
6840,H16839,H,298.3,309.3,1380,40.9,12,0,0,0,0,0,0,Healthy,None
6841,H16840,H,301.1,310.9,1803,27.1,58,0,0,0,0,0,0,Healthy,None
6842,L16841,L,302.5,311.0,1456,51.6,66,0,0,0,0,0,0,Healthy,None
6843,L16842,L,301.0,310.8,1750,52.2,180,1,0,0,1,0,0,Failure Risk,Power Failure
6844,L16843,L,301.3,311.8,2099,37.2,248,0,0,0,0,0,0,Healthy,None
6845,H16844,H,300.9,311.1,1381,50.5,144,0,0,0,0,0,0,Healthy,None
6846,L16845,L,300.2,309.7,1599,32.5,198,0,0,0,0,0,0,Healthy,None
6847,L16846,L,301.4,310.8,1514,38.6,121,0,0,0,0,0,0,Healthy,None
6848,L16847,L,295.2,304.2,1901,34.2,44,0,0,0,0,0,0,Healthy,None
6849,M16848,M,300.2,309.8,1487,39.8,46,0,0,0,0,0,0,Healthy,None
6850,L16849,L,297.9,307.0,1582,40.7,205,0,0,0,0,0,0,Healthy,None
6851,L16850,L,302.3,313.3,1578,40.0,95,0,0,0,0,0,0,Healthy,None
6852,H16851,H,299.7,308.8,1520,39.1,111,0,0,0,0,0,0,Healthy,None
6853,H16852,H,300.1,310.2,1673,41.3,240,0,0,0,0,0,0,Healthy,None
6854,M16853,M,297.0,307.1,1554,52.4,153,0,0,0,0,0,0,Healthy,None
6855,L16854,L,302.0,312.9,1624,20.1,158,1,0,0,1,0,0,Failure Risk,Power Failure
6856,L16855,L,301.3,312.4,1576,59.0,111,1,0,0,1,0,0,Failure Risk,Power Failure
6857,M16856,M,301.1,311.8,1429,36.5,123,0,0,0,0,0,0,Healthy,None
6858,L16857,L,298.4,308.8,1489,39.2,158,0,0,0,0,0,0,Healthy,None
6859,H16858,H,298.5,307.5,1637,53.2,207,1,0,0,1,0,0,Failure Risk,Power Failure
6860,M16859,M,300.4,309.3,1636,46.0,59,0,0,0,0,0,0,Healthy,None
6861,L16860,L,298.6,307.8,1760,45.3,0,0,0,0,0,0,0,Healthy,None
6862,H16861,H,300.9,311.7,1870,52.3,173,1,0,0,1,0,0,Failure Risk,Power Failure
6863,H16862,H,295.7,305.8,1444,38.4,33,0,0,0,0,0,0,Healthy,None
6864,L16863,L,299.0,309.9,1562,49.1,217,1,1,0,0,0,0,Failure Risk,Tool Wear Failure
6865,M16864,M,303.6,314.6,1503,27.5,181,0,0,0,0,0,0,Healthy,None
6866,L16865,L,300.9,310.2,1339,44.1,186,0,0,0,0,0,0,Healthy,None
6867,L16866,L,300.3,310.3,1639,45.6,93,0,0,0,0,0,0,Healthy,None
6868,L16867,L,304.0,314.0,1677,51.3,40,1,0,0,1,0,0,Failure Risk,Power Failure
6869,M16868,M,295.3,305.0,1345,47.0,50,0,0,0,0,0,0,Healthy,None
6870,H16869,H,298.4,307.9,1470,42.0,4,0,0,0,0,0,0,Healthy,None
6871,M16870,M,299.2,310.4,1453,36.9,87,0,0,0,0,0,0,Healthy,None
6872,L16871,L,301.7,311.8,1267,36.7,137,0,0,0,0,0,0,Healthy,None
6873,M16872,M,301.8,311.8,1531,36.8,165,0,0,0,0,0,0,Healthy,None
6874,L16873,L,298.3,307.5,1333,27.2,162,0,0,0,0,0,0,Healthy,None
6875,H16874,H,302.0,312.7,1566,57.3,193,1,0,0,1,0,0,Failure Risk,Power Failure
6876,L16875,L,299.2,308.2,1586,49.9,220,0,0,0,0,0,0,Healthy,None
6877,L16876,L,302.4,312.9,1608,42.5,146,0,0,0,0,0,0,Healthy,None
6878,L16877,L,297.9,308.4,1616,48.1,165,0,0,0,0,0,0,Healthy,None
6879,M16878,M,299.8,309.4,1812,47.5,180,1,0,0,1,0,0,Failure Risk,Power Failure
6880,L16879,L,299.0,309.3,1393,30.2,119,0,0,0,0,0,0,Healthy,None
6881,M16880,M,302.1,312.3,1402,46.3,233,0,0,0,0,0,0,Healthy,None
6882,L16881,L,299.0,309.0,1655,52.6,49,1,0,0,1,0,0,Failure Risk,Power Failure
6883,L16882,L,299.9,309.9,1514,33.3,77,0,0,0,0,0,0,Healthy,None
6884,L16883,L,301.0,311.1,1739,24.8,91,0,0,0,0,0,0,Healthy,None
6885,H16884,H,301.1,311.2,1638,28.5,161,0,0,0,0,0,0,Healthy,None
6886,H16885,H,301.8,311.9,1881,39.0,131,0,0,0,0,0,0,Healthy,None
6887,L16886,L,300.4,309.3,1521,27.9,60,0,0,0,0,0,0,Healthy,None
6888,L16887,L,299.2,309.0,1272,38.3,110,0,0,0,0,0,0,Healthy,None
6889,L16888,L,299.3,309.6,1598,33.5,88,0,0,0,0,0,0,Healthy,None
6890,M16889,M,300.1,310.2,1525,40.0,244,1,1,0,0,0,0,Failure Risk,Tool Wear Failure
6891,L16890,L,300.5,311.5,1633,35.0,246,0,0,0,0,0,0,Healthy,None
6892,H16891,H,299.7,310.3,1656,39.6,246,1,1,0,0,0,0,Failure Risk,Tool Wear Failure
6893,H16892,H,300.0,309.1,1442,46.0,197,0,0,0,0,0,0,Healthy,None
6894,L16893,L,297.0,306.8,1357,30.5,219,0,0,0,0,0,0,Healthy,None
6895,L16894,L,301.3,311.0,1511,42.8,101,0,0,0,0,0,0,Healthy,None
6896,H16895,H,300.4,310.4,1168,31.6,136,0,0,0,0,0,0,Healthy,None
6897,H16896,H,302.0,312.0,1552,39.9,179,0,0,0,0,0,0,Healthy,None
6898,L16897,L,300.0,310.6,1465,39.2,81,0,0,0,0,0,0,Healthy,None
6899,L16898,L,296.5,306.7,1692,43.5,246,0,0,0,0,0,0,Healthy,None
6900,L16899,L,299.3,310.5,1182,41.8,158,0,0,0,0,0,0,Healthy,None
6901,L16900,L,299.6,309.8,1539,52.3,85,0,0,0,0,0,0,Healthy,None
6902,L16901,L,301.5,310.7,1820,39.7,67,0,0,0,0,0,0,Healthy,None
6903,L16902,L,295.9,305.4,1658,33.8,160,0,0,0,0,0,0,Healthy,None
6904,M16903,M,300.1,310.7,1713,49.2,99,0,0,0,0,0,0,Healthy,None
6905,L16904,L,301.0,309.4,1598,43.3,245,1,1,0,0,0,0,Failure Risk,Tool Wear Failure
6906,L16905,L,298.7,307.4,1240,48.8,58,0,0,0,0,0,0,Healthy,None
6907,L16906,L,300.1,310.1,1567,38.8,162,0,0,0,0,0,0,Healthy,None
6908,H16907,H,298.7,309.7,1611,27.0,12,0,0,0,0,0,0,Healthy,None
6909,H16908,H,298.5,309.8,1344,62.2,78,0,0,0,0,0,0,Healthy,None
6910,L16909,L,299.2,309.0,1515,34.0,188,0,0,0,0,0,0,Healthy,None
6911,L16910,L,298.6,309.7,1168,28.5,96,1,0,0,1,0,0,Failure Risk,Power Failure
6912,H16911,H,301.4,311.5,1478,47.1,219,0,0,0,0,0,0,Healthy,None
6913,L16912,L,298.5,307.0,1459,30.6,47,0,0,0,0,0,0,Healthy,None
6914,L16913,L,298.2,308.2,1789,36.1,97,0,0,0,0,0,0,Healthy,None
6915,L16914,L,303.5,312.9,1430,41.2,165,0,0,0,0,0,0,Healthy,None
6916,L16915,L,301.9,312.8,1490,38.6,192,0,0,0,0,0,0,Healthy,None
6917,L16916,L,296.3,306.3,1523,36.4,53,0,0,0,0,0,0,Healthy,None
6918,H16917,H,298.5,307.2,1432,55.7,158,0,0,0,0,0,0,Healthy,None
6919,M16918,M,300.5,309.0,1666,38.9,48,0,0,0,0,0,0,Healthy,None
6920,L16919,L,300.6,310.6,1181,31.1,208,0,0,0,0,0,0,Healthy,None
6921,H16920,H,297.0,304.6,1741,49.7,149,1,0,0,1,0,0,Failure Risk,Power Failure
6922,L16921,L,302.3,311.8,1535,32.8,223,0,0,0,0,0,0,Healthy,None
6923,L16922,L,301.7,311.9,1770,38.9,156,0,0,0,0,0,0,Healthy,None
6924,M16923,M,301.0,309.9,1168,31.0,192,0,0,0,0,0,0,Healthy,None
6925,M16924,M,302.7,313.7,1168,42.1,47,0,0,0,0,0,0,Healthy,None
6926,L16925,L,300.9,312.1,1485,40.4,91,0,0,0,0,0,0,Healthy,None
6927,L16926,L,300.9,309.9,1628,39.7,104,0,0,0,0,0,0,Healthy,None
6928,M16927,M,303.1,312.8,1438,41.5,193,0,0,0,0,0,0,Healthy,None
6929,M16928,M,302.2,313.2,1642,48.1,24,0,0,0,0,0,0,Healthy,None
6930,M16929,M,298.3,308.3,1713,47.0,20,0,0,0,0,0,0,Healthy,None
6931,L16930,L,301.3,309.9,1657,29.7,228,0,0,0,0,0,0,Healthy,None
6932,L16931,L,298.7,308.6,1556,33.3,25,0,0,0,0,0,0,Healthy,None
6933,L16932,L,301.0,310.1,1555,49.2,103,0,0,0,0,0,0,Healthy,None
6934,L16933,L,301.0,312.1,1427,32.2,128,0,0,0,0,0,0,Healthy,None
6935,H16934,H,297.2,307.8,1528,44.9,159,0,0,0,0,0,0,Healthy,None
6936,L16935,L,299.8,309.5,1354,48.3,72,0,0,0,0,0,0,Healthy,None
6937,L16936,L,300.5,310.6,1397,23.7,173,1,0,0,1,0,0,Failure Risk,Power Failure
6938,M16937,M,299.1,307.8,1630,36.0,240,1,1,0,0,0,0,Failure Risk,Tool Wear Failure
6939,L16938,L,300.6,309.8,1455,48.1,4,0,0,0,0,0,0,Healthy,None
6940,L16939,L,301.6,313.2,1405,38.5,167,0,0,0,0,0,0,Healthy,None
6941,H16940,H,299.9,310.0,1618,36.0,144,0,0,0,0,0,0,Healthy,None
6942,H16941,H,300.4,311.3,1606,48.2,52,0,0,0,0,0,0,Healthy,None
6943,M16942,M,302.8,313.0,1499,50.9,220,0,0,0,0,0,0,Healthy,None
6944,L16943,L,300.9,312.2,1511,33.3,107,0,0,0,0,0,0,Healthy,None
6945,M16944,M,300.4,308.4,1612,57.5,82,1,0,0,1,0,0,Failure Risk,Power Failure
6946,M16945,M,298.1,307.9,1711,22.3,103,0,0,0,0,0,0,Healthy,None
6947,L16946,L,301.3,312.9,1573,25.1,28,0,0,0,0,0,0,Healthy,None
6948,L16947,L,300.7,311.7,1324,35.5,114,0,0,0,0,0,0,Healthy,None
6949,H16948,H,302.6,313.9,1498,36.7,75,0,0,0,0,0,0,Healthy,None
6950,L16949,L,300.1,310.1,1465,37.1,135,0,0,0,0,0,0,Healthy,None
6951,M16950,M,296.4,305.9,1349,34.7,106,0,0,0,0,0,0,Healthy,None
6952,L16951,L,296.6,305.6,1627,32.8,42,0,0,0,0,0,0,Healthy,None
6953,L16952,L,301.5,310.4,1640,37.8,222,1,1,0,0,0,0,Failure Risk,Tool Wear Failure
6954,L16953,L,298.9,309.7,1667,34.2,142,0,0,0,0,0,0,Healthy,None
6955,H16954,H,300.9,311.4,1360,46.8,161,0,0,0,0,0,0,Healthy,None
6956,L16955,L,300.2,310.1,1566,40.3,89,0,0,0,0,0,0,Healthy,None
6957,M16956,M,299.7,310.2,1536,37.8,125,0,0,0,0,0,0,Healthy,None
6958,M16957,M,299.8,309.9,1593,39.3,162,0,0,0,0,0,0,Healthy,None
6959,M16958,M,298.3,309.3,1561,51.0,220,1,1,0,0,0,0,Failure Risk,Tool Wear Failure
6960,H16959,H,300.0,311.0,1535,35.2,160,0,0,0,0,0,0,Healthy,None
6961,M16960,M,298.8,307.7,1514,27.4,96,0,0,0,0,0,0,Healthy,None
6962,L16961,L,299.3,309.6,1736,30.3,227,1,1,0,0,0,0,Failure Risk,Tool Wear Failure
6963,H16962,H,299.4,307.7,1383,37.7,20,0,0,0,0,0,0,Healthy,None
6964,M16963,M,299.5,309.6,1507,44.8,221,1,1,0,0,0,0,Failure Risk,Tool Wear Failure
6965,L16964,L,301.8,312.4,1731,48.7,146,0,0,0,0,0,0,Healthy,None
6966,L16965,L,299.7,308.4,1392,56.3,95,0,0,0,0,0,0,Healthy,None
6967,H16966,H,302.0,311.6,1401,47.3,241,0,0,0,0,0,0,Healthy,None
6968,L16967,L,303.1,313.1,1669,31.3,0,0,0,0,0,0,0,Healthy,None
6969,M16968,M,301.7,311.9,1283,38.0,178,0,0,0,0,0,0,Healthy,None
6970,L16969,L,301.1,310.8,1656,18.6,160,1,0,0,1,0,0,Failure Risk,Power Failure
6971,L16970,L,300.7,309.5,1450,36.9,25,0,0,0,0,0,0,Healthy,None
6972,M16971,M,301.7,311.6,1611,34.0,169,0,0,0,0,0,0,Healthy,None
6973,L16972,L,300.2,308.5,1319,17.1,53,1,0,1,1,0,0,Failure Risk,"Heat Dissipation Failure, Power Failure"
6974,L16973,L,302.0,311.8,1750,60.9,44,1,0,0,1,0,0,Failure Risk,Power Failure
6975,M16974,M,301.2,310.8,1320,36.3,154,0,0,0,0,0,0,Healthy,None
6976,L16975,L,299.3,309.2,1667,19.1,50,1,0,0,1,0,0,Failure Risk,Power Failure
6977,M16976,M,301.8,311.2,1327,37.3,27,0,0,0,0,0,0,Healthy,None
6978,H16977,H,300.2,308.7,1861,56.3,211,1,0,0,1,0,0,Failure Risk,Power Failure
6979,M16978,M,299.8,309.4,1525,58.9,7,1,0,0,1,0,0,Failure Risk,Power Failure
6980,L16979,L,299.0,309.9,1887,40.6,89,0,0,0,0,0,0,Healthy,None
6981,L16980,L,300.3,311.6,1391,41.0,158,0,0,0,0,0,0,Healthy,None
6982,M16981,M,302.0,314.4,1458,52.1,4,0,0,0,0,0,0,Healthy,None
6983,H16982,H,301.8,313.5,1754,38.5,10,0,0,0,0,0,0,Healthy,None
6984,H16983,H,300.7,309.5,1282,44.6,84,0,0,0,0,0,0,Healthy,None
6985,H16984,H,301.2,310.8,1412,48.3,199,0,0,0,0,0,0,Healthy,None
6986,L16985,L,302.5,312.5,1626,29.3,153,0,0,0,0,0,0,Healthy,None
6987,L16986,L,299.7,309.6,1355,55.2,121,0,0,0,0,0,0,Healthy,None
6988,L16987,L,297.8,307.9,1631,31.3,187,0,0,0,0,0,0,Healthy,None
6989,L16988,L,302.6,315.0,1568,33.7,45,0,0,0,0,0,0,Healthy,None
6990,L16989,L,298.9,307.8,1267,41.0,139,0,0,0,0,0,0,Healthy,None
6991,H16990,H,298.6,307.9,1711,49.3,234,0,0,0,0,0,0,Healthy,None
6992,L16991,L,296.4,308.0,1312,46.7,12,0,0,0,0,0,0,Healthy,None
6993,L16992,L,301.1,310.5,1676,39.5,201,1,1,0,0,0,0,Failure Risk,Tool Wear Failure
6994,L16993,L,296.8,307.2,1560,42.8,115,0,0,0,0,0,0,Healthy,None
6995,H16994,H,298.5,309.5,1456,50.6,92,0,0,0,0,0,0,Healthy,None
6996,M16995,M,301.2,311.7,1340,40.1,7,0,0,0,0,0,0,Healthy,None
6997,M16996,M,301.4,311.6,1596,32.0,169,0,0,0,0,0,0,Healthy,None
6998,H16997,H,298.7,309.6,1381,34.0,244,0,0,0,0,0,0,Healthy,None
6999,L16998,L,299.7,308.8,1754,49.0,101,1,0,0,1,0,0,Failure Risk,Power Failure
7000,M16999,M,298.3,307.8,1760,32.0,192,0,0,0,0,0,0,Healthy,None
7001,L17000,L,298.9,309.4,1831,24.5,136,0,0,0,0,0,0,Healthy,None
7002,L17001,L,300.5,308.4,1588,37.0,131,0,0,0,0,0,0,Healthy,None
7003,H17002,H,299.0,310.4,1465,39.3,96,0,0,0,0,0,0,Healthy,None
7004,M17003,M,299.5,309.8,1484,48.5,54,0,0,0,0,0,0,Healthy,None
7005,L17004,L,297.1,307.3,1471,25.6,105,0,0,0,0,0,0,Healthy,None
7006,L17005,L,302.3,310.7,1582,43.4,243,1,1,0,0,0,0,Failure Risk,Tool Wear Failure
7007,M17006,M,301.0,309.7,1616,51.4,212,0,0,0,0,0,0,Healthy,None
7008,L17007,L,301.6,311.2,1758,31.9,122,0,0,0,0,0,0,Healthy,None
7009,L17008,L,302.6,313.4,1541,40.8,70,0,0,0,0,0,0,Healthy,None
7010,L17009,L,298.3,306.2,1286,18.7,54,1,0,1,1,0,0,Failure Risk,"Heat Dissipation Failure, Power Failure"
7011,L17010,L,299.3,310.1,1465,48.6,95,0,0,0,0,0,0,Healthy,None
7012,H17011,H,296.2,305.8,1816,47.9,56,1,0,0,1,0,0,Failure Risk,Power Failure
7013,L17012,L,306.3,316.1,1259,39.8,184,0,0,0,0,0,0,Healthy,None
7014,L17013,L,299.7,310.0,1670,26.9,166,0,0,0,0,0,0,Healthy,None
7015,M17014,M,302.1,312.4,1468,46.6,155,0,0,0,0,0,0,Healthy,None
7016,H17015,H,297.5,306.8,1379,37.6,153,0,0,0,0,0,0,Healthy,None
7017,L17016,L,302.0,312.6,1608,12.5,248,1,0,0,1,0,0,Failure Risk,Power Failure
7018,L17017,L,303.7,311.4,1817,47.7,100,1,0,0,1,0,0,Failure Risk,Power Failure
7019,L17018,L,299.9,309.4,1598,51.5,97,0,0,0,0,0,0,Healthy,None
7020,M17019,M,298.0,308.2,1491,53.3,72,0,0,0,0,0,0,Healthy,None
7021,M17020,M,299.7,309.4,1306,27.4,69,0,0,0,0,0,0,Healthy,None
7022,H17021,H,295.5,303.7,1520,21.0,21,1,0,0,1,0,0,Failure Risk,Power Failure
7023,H17022,H,299.9,310.7,1299,35.9,200,1,1,0,0,0,0,Failure Risk,Tool Wear Failure
7024,M17023,M,301.6,310.4,1482,45.1,238,0,0,0,0,0,0,Healthy,None
7025,M17024,M,299.9,309.8,1526,30.7,172,0,0,0,0,0,0,Healthy,None
7026,L17025,L,299.4,309.6,1168,24.2,142,1,0,0,1,0,0,Failure Risk,Power Failure
7027,L17026,L,301.1,311.1,1786,47.2,192,0,0,0,0,0,0,Healthy,None
7028,H17027,H,301.2,312.4,1316,36.6,95,0,0,0,0,0,0,Healthy,None
7029,L17028,L,296.7,306.6,1504,46.2,238,0,0,0,0,0,0,Healthy,None
7030,L17029,L,300.2,310.6,1633,40.2,145,0,0,0,0,0,0,Healthy,None
7031,M17030,M,304.9,314.8,1772,38.4,10,0,0,0,0,0,0,Healthy,None
7032,L17031,L,297.3,307.9,1396,39.4,226,0,0,0,0,0,0,Healthy,None
7033,M17032,M,299.8,311.2,1168,36.5,96,0,0,0,0,0,0,Healthy,None
7034,M17033,M,303.9,314.0,1731,35.5,131,0,0,0,0,0,0,Healthy,None
7035,L17034,L,302.2,313.0,1314,29.1,33,0,0,0,0,0,0,Healthy,None
7036,H17035,H,299.0,310.5,1602,44.8,47,0,0,0,0,0,0,Healthy,None
7037,L17036,L,300.4,311.8,1613,52.4,82,0,0,0,0,0,0,Healthy,None
7038,L17037,L,300.0,309.6,1168,35.0,47,0,0,0,0,0,0,Healthy,None
7039,M17038,M,298.5,309.5,1248,58.5,75,0,0,0,0,0,0,Healthy,None
7040,M17039,M,299.9,310.1,1455,43.7,39,0,0,0,0,0,0,Healthy,None
7041,M17040,M,299.4,310.5,1168,42.6,186,0,0,0,0,0,0,Healthy,None
7042,L17041,L,300.2,310.8,1298,46.5,227,0,0,0,0,0,0,Healthy,None
7043,M17042,M,298.5,308.8,1559,49.7,175,0,0,0,0,0,0,Healthy,None
7044,L17043,L,297.4,307.8,1522,35.5,40,0,0,0,0,0,0,Healthy,None
7045,H17044,H,299.9,310.2,1592,45.5,149,0,0,0,0,0,0,Healthy,None
7046,L17045,L,303.4,313.7,1618,50.4,110,0,0,0,0,0,0,Healthy,None
7047,M17046,M,300.2,310.0,1236,36.2,63,0,0,0,0,0,0,Healthy,None
7048,L17047,L,299.3,309.0,1308,40.0,203,0,0,0,0,0,0,Healthy,None
7049,L17048,L,301.5,313.3,1674,32.4,48,0,0,0,0,0,0,Healthy,None
7050,L17049,L,299.7,310.2,1810,35.1,117,0,0,0,0,0,0,Healthy,None
7051,H17050,H,303.7,313.1,1364,36.5,182,0,0,0,0,0,0,Healthy,None
7052,M17051,M,300.0,309.7,1584,31.0,91,0,0,0,0,0,0,Healthy,None
7053,H17052,H,301.4,312.5,1682,39.4,14,0,0,0,0,0,0,Healthy,None
7054,L17053,L,298.5,307.8,1580,43.3,131,0,0,0,0,0,0,Healthy,None
7055,L17054,L,301.0,309.5,1493,44.2,135,0,0,0,0,0,0,Healthy,None
7056,L17055,L,300.6,309.2,1423,32.0,222,0,0,0,0,0,0,Healthy,None
7057,H17056,H,299.9,308.2,1893,34.0,126,0,0,0,0,0,0,Healthy,None
7058,L17057,L,299.0,307.7,1555,48.4,59,0,0,0,0,0,0,Healthy,None
7059,H17058,H,298.7,307.5,1607,34.0,126,0,0,0,0,0,0,Healthy,None
7060,H17059,H,300.6,312.0,1596,48.2,89,0,0,0,0,0,0,Healthy,None
7061,H17060,H,301.3,311.3,1392,32.7,130,0,0,0,0,0,0,Healthy,None
7062,M17061,M,299.7,309.3,1547,43.7,230,1,1,0,0,0,0,Failure Risk,Tool Wear Failure
7063,M17062,M,300.6,309.2,1480,47.4,134,0,0,0,0,0,0,Healthy,None
7064,M17063,M,299.9,309.8,1477,13.8,78,1,0,0,1,0,0,Failure Risk,Power Failure
7065,L17064,L,300.2,308.5,1594,48.6,211,1,1,0,0,0,0,Failure Risk,Tool Wear Failure
7066,M17065,M,299.6,309.2,1374,52.9,144,0,0,0,0,0,0,Healthy,None
7067,L17066,L,300.0,312.1,1322,36.9,123,0,0,0,0,0,0,Healthy,None
7068,L17067,L,305.4,316.1,1627,43.4,223,0,0,0,0,0,0,Healthy,None
7069,L17068,L,300.6,310.4,1442,31.7,9,0,0,0,0,0,0,Healthy,None
7070,L17069,L,301.3,312.0,1476,43.6,79,0,0,0,0,0,0,Healthy,None
7071,L17070,L,300.9,310.4,1192,64.4,111,0,0,0,0,0,0,Healthy,None
7072,L17071,L,299.5,308.7,1710,18.3,25,1,0,0,1,0,0,Failure Risk,Power Failure
7073,M17072,M,302.6,314.3,1631,35.0,21,0,0,0,0,0,0,Healthy,None
7074,L17073,L,299.4,308.3,1664,47.9,142,0,0,0,0,0,0,Healthy,None
7075,M17074,M,302.1,311.7,1607,52.5,57,0,0,0,0,0,0,Healthy,None
7076,L17075,L,299.3,309.6,1266,26.3,251,1,0,0,1,0,0,Failure Risk,Power Failure
7077,M17076,M,298.1,307.2,1578,33.7,59,0,0,0,0,0,0,Healthy,None
7078,M17077,M,300.7,311.4,1428,34.3,75,0,0,0,0,0,0,Healthy,None
7079,M17078,M,297.8,307.5,1365,33.5,166,0,0,0,0,0,0,Healthy,None
7080,M17079,M,301.1,311.8,1627,38.8,130,0,0,0,0,0,0,Healthy,None
7081,L17080,L,297.6,308.2,1834,25.9,187,0,0,0,0,0,0,Healthy,None
7082,M17081,M,299.4,309.2,1805,37.5,180,0,0,0,0,0,0,Healthy,None
7083,L17082,L,297.1,308.8,1649,30.7,151,0,0,0,0,0,0,Healthy,None
7084,L17083,L,305.6,314.9,1532,39.3,182,0,0,0,0,0,0,Healthy,None
7085,M17084,M,296.7,308.0,1499,33.0,1,0,0,0,0,0,0,Healthy,None
7086,L17085,L,300.0,311.2,1376,38.3,195,0,0,0,0,0,0,Healthy,None
7087,M17086,M,302.3,314.1,1489,29.7,150,0,0,0,0,0,0,Healthy,None
7088,M17087,M,302.1,312.3,1700,49.4,125,0,0,0,0,0,0,Healthy,None
7089,L17088,L,301.7,310.9,1864,36.8,58,0,0,0,0,0,0,Healthy,None
7090,L17089,L,299.4,311.5,1391,40.1,56,0,0,0,0,0,0,Healthy,None
7091,L17090,L,302.7,312.4,1180,38.6,214,1,1,0,0,0,0,Failure Risk,Tool Wear Failure
7092,H17091,H,301.8,311.0,1442,40.1,199,0,0,0,0,0,0,Healthy,None
7093,M17092,M,300.4,310.2,1699,40.0,169,0,0,0,0,0,0,Healthy,None
7094,L17093,L,300.5,309.5,1908,48.0,107,1,0,0,1,0,0,Failure Risk,Power Failure
7095,L17094,L,299.4,309.9,1772,37.2,139,0,0,0,0,0,0,Healthy,None
7096,M17095,M,298.2,307.6,1768,32.9,200,1,1,0,0,0,0,Failure Risk,Tool Wear Failure
7097,H17096,H,302.5,312.2,1385,40.4,74,0,0,0,0,0,0,Healthy,None
7098,L17097,L,302.6,313.6,1390,33.9,236,1,1,0,0,0,0,Failure Risk,Tool Wear Failure
7099,L17098,L,298.2,308.8,1301,39.3,222,1,1,0,0,0,0,Failure Risk,Tool Wear Failure
7100,H17099,H,299.7,309.7,1418,29.6,0,0,0,0,0,0,0,Healthy,None
7101,L17100,L,299.7,309.9,1701,50.4,98,0,0,0,0,0,0,Healthy,None
7102,L17101,L,299.9,309.9,1828,32.3,53,0,0,0,0,0,0,Healthy,None
7103,H17102,H,300.1,309.7,1599,51.9,247,0,0,0,0,0,0,Healthy,None
7104,M17103,M,301.9,311.9,1492,39.4,42,0,0,0,0,0,0,Healthy,None
7105,L17104,L,298.5,309.0,1347,48.5,189,0,0,0,0,0,0,Healthy,None
7106,L17105,L,298.3,308.2,1517,32.4,142,0,0,0,0,0,0,Healthy,None
7107,L17106,L,302.5,312.9,1574,20.5,6,1,0,0,1,0,0,Failure Risk,Power Failure
7108,L17107,L,299.1,308.3,1276,23.7,155,1,0,0,1,0,0,Failure Risk,Power Failure
7109,H17108,H,297.5,306.9,1702,64.8,239,1,0,0,1,1,0,Failure Risk,"Power Failure, Overstrain Failure"
7110,L17109,L,299.0,308.3,1462,34.1,5,0,0,0,0,0,0,Healthy,None
7111,M17110,M,299.3,308.7,1692,50.9,19,1,0,0,1,0,0,Failure Risk,Power Failure
7112,H17111,H,303.1,314.4,1536,27.2,87,0,0,0,0,0,0,Healthy,None
7113,L17112,L,301.8,312.5,1591,41.8,169,0,0,0,0,0,0,Healthy,None
7114,L17113,L,302.3,311.2,1412,43.4,227,0,0,0,0,0,0,Healthy,None
7115,M17114,M,301.6,312.0,1476,68.1,37,1,0,0,1,0,0,Failure Risk,Power Failure
7116,H17115,H,301.9,311.5,1652,36.9,189,0,0,0,0,0,0,Healthy,None
7117,H17116,H,298.6,307.9,1514,33.0,75,0,0,0,0,0,0,Healthy,None
7118,L17117,L,299.6,308.1,1340,43.5,2,1,0,1,0,0,0,Failure Risk,Heat Dissipation Failure
7119,M17118,M,298.0,309.0,1557,30.8,155,0,0,0,0,0,0,Healthy,None
7120,M17119,M,299.6,308.2,1607,44.1,11,0,0,0,0,0,0,Healthy,None
7121,H17120,H,301.4,311.3,1783,39.5,246,0,0,0,0,0,0,Healthy,None
7122,L17121,L,300.3,309.4,1744,32.5,79,0,0,0,0,0,0,Healthy,None
7123,M17122,M,302.6,313.4,1526,44.9,171,0,0,0,0,0,0,Healthy,None
7124,H17123,H,297.7,307.4,1440,41.1,14,0,0,0,0,0,0,Healthy,None
7125,L17124,L,301.0,310.9,1497,47.5,117,0,0,0,0,0,0,Healthy,None
7126,L17125,L,297.5,307.4,1444,56.4,54,0,0,0,0,0,0,Healthy,None
7127,L17126,L,300.2,310.5,1628,35.0,94,0,0,0,0,0,0,Healthy,None
7128,L17127,L,301.5,311.5,1724,35.9,244,0,0,0,0,0,0,Healthy,None
7129,L17128,L,299.6,309.6,1759,26.7,212,0,0,0,0,0,0,Healthy,None
7130,H17129,H,301.1,310.6,1464,45.2,81,0,0,0,0,0,0,Healthy,None
7131,L17130,L,298.1,306.5,1446,33.6,175,0,0,0,0,0,0,Healthy,None
7132,L17131,L,296.7,305.6,1462,43.4,5,0,0,0,0,0,0,Healthy,None
7133,M17132,M,301.1,311.8,1192,51.5,63,0,0,0,0,0,0,Healthy,None
7134,L17133,L,303.5,313.2,1322,33.2,208,0,0,0,0,0,0,Healthy,None
7135,L17134,L,298.0,307.3,1531,35.3,214,0,0,0,0,0,0,Healthy,None
7136,M17135,M,302.4,311.0,1605,50.0,34,0,0,0,0,0,0,Healthy,None
7137,H17136,H,300.1,308.4,1625,47.0,209,0,0,0,0,0,0,Healthy,None
7138,M17137,M,297.3,306.6,1398,46.0,10,0,0,0,0,0,0,Healthy,None
7139,M17138,M,297.7,308.6,1450,36.1,22,0,0,0,0,0,0,Healthy,None
7140,L17139,L,300.0,309.4,1489,25.8,56,0,0,0,0,0,0,Healthy,None
7141,H17140,H,299.2,309.6,1469,33.0,80,0,0,0,0,0,0,Healthy,None
7142,L17141,L,297.4,306.8,1661,30.0,69,0,0,0,0,0,0,Healthy,None
7143,M17142,M,296.6,307.2,1303,45.8,215,0,0,0,0,0,0,Healthy,None
7144,L17143,L,298.3,307.9,1332,42.8,113,0,0,0,0,0,0,Healthy,None
7145,H17144,H,300.4,309.2,1484,34.1,164,0,0,0,0,0,0,Healthy,None
7146,M17145,M,300.0,309.7,1293,35.8,62,0,0,0,0,0,0,Healthy,None
7147,M17146,M,299.0,310.8,1197,44.7,79,0,0,0,0,0,0,Healthy,None
7148,L17147,L,300.4,312.2,1270,36.8,220,0,0,0,0,0,0,Healthy,None
7149,L17148,L,302.1,312.6,1494,34.2,28,0,0,0,0,0,0,Healthy,None
7150,M17149,M,300.8,310.7,1650,59.6,251,1,0,0,1,1,0,Failure Risk,"Power Failure, Overstrain Failure"
7151,M17150,M,299.8,310.1,1654,34.6,243,0,0,0,0,0,0,Healthy,None
7152,L17151,L,301.9,312.2,1822,46.6,169,0,0,0,0,0,0,Healthy,None
7153,H17152,H,298.1,308.1,1556,43.9,155,0,0,0,0,0,0,Healthy,None
7154,H17153,H,299.6,310.0,1580,24.9,143,0,0,0,0,0,0,Healthy,None
7155,L17154,L,299.6,309.8,1493,33.3,194,0,0,0,0,0,0,Healthy,None
7156,H17155,H,297.5,307.2,1501,48.1,105,0,0,0,0,0,0,Healthy,None
7157,M17156,M,299.2,308.0,1910,38.7,215,0,0,0,0,0,0,Healthy,None
7158,L17157,L,295.9,305.4,1584,25.5,17,0,0,0,0,0,0,Healthy,None
7159,L17158,L,303.8,314.6,1600,43.9,175,0,0,0,0,0,0,Healthy,None
7160,M17159,M,298.1,308.1,1333,34.2,144,0,0,0,0,0,0,Healthy,None
7161,M17160,M,303.2,313.5,1611,44.3,240,0,0,0,0,0,0,Healthy,None
7162,L17161,L,300.1,309.8,1655,66.6,73,1,0,0,1,0,0,Failure Risk,Power Failure
7163,M17162,M,301.1,310.0,1736,43.8,228,0,0,0,0,0,0,Healthy,None
7164,M17163,M,299.0,308.8,1650,46.1,152,0,0,0,0,0,0,Healthy,None
7165,M17164,M,300.4,309.4,1515,37.5,99,0,0,0,0,0,0,Healthy,None
7166,L17165,L,301.3,310.2,1507,28.9,238,0,0,0,0,0,0,Healthy,None
7167,H17166,H,301.3,312.5,1525,50.1,47,0,0,0,0,0,0,Healthy,None
7168,L17167,L,301.5,311.1,1557,34.0,86,0,0,0,0,0,0,Healthy,None
7169,L17168,L,299.3,308.6,1764,37.7,177,0,0,0,0,0,0,Healthy,None
7170,L17169,L,299.0,310.6,1730,57.8,18,1,0,0,1,0,0,Failure Risk,Power Failure
7171,L17170,L,296.8,307.6,1672,36.7,201,0,0,0,0,0,0,Healthy,None
7172,H17171,H,301.0,310.6,1901,52.0,74,1,0,0,1,0,0,Failure Risk,Power Failure
7173,L17172,L,302.2,312.6,1168,43.8,40,0,0,0,0,0,0,Healthy,None
7174,M17173,M,303.2,313.0,1455,34.5,4,0,0,0,0,0,0,Healthy,None
7175,L17174,L,300.6,309.9,1535,43.4,5,0,0,0,0,0,0,Healthy,None
7176,L17175,L,298.5,309.0,1417,32.9,130,0,0,0,0,0,0,Healthy,None
7177,H17176,H,296.6,306.3,1371,49.0,44,0,0,0,0,0,0,Healthy,None
7178,M17177,M,302.1,312.2,1230,52.3,229,0,0,0,0,0,0,Healthy,None
7179,L17178,L,296.4,307.4,1482,40.5,74,0,0,0,0,0,0,Healthy,None
7180,M17179,M,299.3,310.2,1698,53.3,188,1,0,0,1,0,0,Failure Risk,Power Failure
7181,L17180,L,299.6,309.0,1676,41.6,111,0,0,0,0,0,0,Healthy,None
7182,L17181,L,299.9,310.4,1403,49.1,106,0,0,0,0,0,0,Healthy,None
7183,M17182,M,300.1,309.0,1577,69.2,233,1,0,0,1,1,0,Failure Risk,"Power Failure, Overstrain Failure"
7184,M17183,M,300.3,310.8,1781,64.5,175,1,0,0,1,0,0,Failure Risk,Power Failure
7185,L17184,L,295.2,305.3,1265,38.2,151,0,0,0,0,0,0,Healthy,None
7186,H17185,H,300.0,310.4,1509,42.9,109,0,0,0,0,0,0,Healthy,None
7187,M17186,M,295.5,305.2,1589,29.6,47,0,0,0,0,0,0,Healthy,None
7188,L17187,L,301.5,313.6,1539,47.9,153,0,0,0,0,0,0,Healthy,None
7189,M17188,M,298.9,308.0,1690,43.9,176,0,0,0,0,0,0,Healthy,None
7190,M17189,M,295.7,306.7,1269,32.3,217,1,1,0,0,0,0,Failure Risk,Tool Wear Failure
7191,M17190,M,298.4,307.4,1357,51.7,215,0,0,0,0,0,0,Healthy,None
7192,L17191,L,298.9,309.4,1660,37.4,231,0,0,0,0,0,0,Healthy,None
7193,M17192,M,302.4,313.0,1233,34.8,182,0,0,0,0,0,0,Healthy,None
7194,L17193,L,300.4,310.5,1683,44.0,131,0,0,0,0,0,0,Healthy,None
7195,H17194,H,300.7,310.2,1618,35.4,48,0,0,0,0,0,0,Healthy,None
7196,M17195,M,302.4,312.5,1670,39.7,201,0,0,0,0,0,0,Healthy,None
7197,L17196,L,299.8,310.1,1453,57.3,97,0,0,0,0,0,0,Healthy,None
7198,M17197,M,301.5,313.3,1629,33.9,43,0,0,0,0,0,0,Healthy,None
7199,H17198,H,301.4,310.5,1328,46.7,28,0,0,0,0,0,0,Healthy,None
7200,H17199,H,297.4,306.8,1463,34.2,25,0,0,0,0,0,0,Healthy,None
7201,L17200,L,302.9,313.2,1544,30.4,210,0,0,0,0,0,0,Healthy,None
7202,L17201,L,297.2,306.9,1377,39.2,212,1,1,0,0,0,0,Failure Risk,Tool Wear Failure
7203,M17202,M,301.8,311.7,1577,66.6,210,1,0,0,1,1,0,Failure Risk,"Power Failure, Overstrain Failure"
7204,L17203,L,297.0,308.1,1333,47.7,126,0,0,0,0,0,0,Healthy,None
7205,H17204,H,301.2,308.4,1586,44.6,60,0,0,0,0,0,0,Healthy,None
7206,L17205,L,303.7,313.1,1849,34.8,39,0,0,0,0,0,0,Healthy,None
7207,L17206,L,299.6,307.9,1313,36.2,101,1,0,1,0,0,0,Failure Risk,Heat Dissipation Failure
7208,L17207,L,299.5,308.3,1533,25.3,18,0,0,0,0,0,0,Healthy,None
7209,L17208,L,301.2,313.6,1248,57.8,209,1,0,0,0,1,0,Failure Risk,Overstrain Failure
7210,M17209,M,299.3,309.9,1388,42.7,141,0,0,0,0,0,0,Healthy,None
7211,L17210,L,303.6,314.6,1663,41.8,34,0,0,0,0,0,0,Healthy,None
7212,L17211,L,300.4,310.3,1460,42.0,81,0,0,0,0,0,0,Healthy,None
7213,L17212,L,299.4,310.2,1670,60.7,91,1,0,0,1,0,0,Failure Risk,Power Failure
7214,M17213,M,298.9,307.1,1601,43.0,146,0,0,0,0,0,0,Healthy,None
7215,L17214,L,298.1,309.1,1526,38.1,88,0,0,0,0,0,0,Healthy,None
7216,M17215,M,298.7,307.9,1353,57.8,78,0,0,0,0,0,0,Healthy,None
7217,M17216,M,299.3,308.8,1660,38.7,239,0,0,0,0,0,0,Healthy,None
7218,M17217,M,299.0,309.5,1592,23.3,112,0,0,0,0,0,0,Healthy,None
7219,H17218,H,298.7,309.0,1264,24.9,130,1,0,0,1,0,0,Failure Risk,Power Failure
7220,H17219,H,304.2,314.3,1365,38.1,86,0,0,0,0,0,0,Healthy,None
7221,H17220,H,297.9,306.5,1168,42.9,177,0,0,0,0,0,0,Healthy,None
7222,L17221,L,300.3,310.4,1293,48.1,236,1,1,0,0,1,0,Failure Risk,"Tool Wear Failure, Overstrain Failure"
7223,L17222,L,301.2,312.2,1481,30.9,139,0,0,0,0,0,0,Healthy,None
7224,L17223,L,301.3,310.8,1349,37.8,95,0,0,0,0,0,0,Healthy,None
7225,H17224,H,299.9,311.2,1389,32.0,242,0,0,0,0,0,0,Healthy,None
7226,H17225,H,299.5,308.6,1786,51.0,181,1,0,0,1,0,0,Failure Risk,Power Failure
7227,H17226,H,300.9,310.9,1722,52.7,91,1,0,0,1,0,0,Failure Risk,Power Failure
7228,L17227,L,300.5,312.0,1413,59.4,225,1,0,0,0,1,0,Failure Risk,Overstrain Failure
7229,H17228,H,299.5,308.8,1680,43.5,192,0,0,0,0,0,0,Healthy,None
7230,L17229,L,296.9,308.0,1755,58.5,137,1,0,0,1,0,0,Failure Risk,Power Failure
7231,L17230,L,299.1,311.1,1648,33.1,113,0,0,0,0,0,0,Healthy,None
7232,L17231,L,297.7,307.9,1591,42.1,26,0,0,0,0,0,0,Healthy,None
7233,L17232,L,298.7,308.2,1734,29.5,75,0,0,0,0,0,0,Healthy,None
7234,M17233,M,300.1,309.3,1675,45.7,236,0,0,0,0,0,0,Healthy,None
7235,L17234,L,300.7,312.0,1320,42.8,99,0,0,0,0,0,0,Healthy,None
7236,L17235,L,303.6,314.9,1504,15.7,244,1,0,0,1,0,0,Failure Risk,Power Failure
7237,M17236,M,298.9,310.3,1439,51.0,96,0,0,0,0,0,0,Healthy,None
7238,H17237,H,301.5,311.5,1744,48.5,67,0,0,0,0,0,0,Healthy,None
7239,M17238,M,300.6,311.6,1434,34.5,148,0,0,0,0,0,0,Healthy,None
7240,L17239,L,302.6,312.6,1403,42.8,147,0,0,0,0,0,0,Healthy,None
7241,H17240,H,301.2,310.3,1721,25.2,113,0,0,0,0,0,0,Healthy,None
7242,H17241,H,298.0,309.1,1584,32.4,144,0,0,0,0,0,0,Healthy,None
7243,L17242,L,296.6,308.2,1916,56.5,115,1,0,0,1,0,0,Failure Risk,Power Failure
7244,M17243,M,300.6,309.6,1383,28.6,45,0,0,0,0,0,0,Healthy,None
7245,L17244,L,298.9,307.9,1445,40.1,161,0,0,0,0,0,0,Healthy,None
7246,L17245,L,298.0,308.0,1738,26.2,77,0,0,0,0,0,0,Healthy,None
7247,M17246,M,297.5,308.5,1309,43.3,9,0,0,0,0,0,0,Healthy,None
7248,H17247,H,300.3,309.2,1774,45.6,120,0,0,0,0,0,0,Healthy,None
7249,L17248,L,303.0,313.2,1321,47.2,147,0,0,0,0,0,0,Healthy,None
7250,H17249,H,299.2,308.6,1647,44.6,191,0,0,0,0,0,0,Healthy,None
7251,H17250,H,301.2,311.9,1208,54.1,189,0,0,0,0,0,0,Healthy,None
7252,H17251,H,299.8,309.0,1546,34.5,226,0,0,0,0,0,0,Healthy,None
7253,L17252,L,297.4,308.2,1292,29.5,206,0,0,0,0,0,0,Healthy,None
7254,H17253,H,301.5,311.3,1882,34.2,166,0,0,0,0,0,0,Healthy,None
7255,L17254,L,297.8,306.9,1346,26.7,218,1,1,0,0,0,0,Failure Risk,Tool Wear Failure
7256,M17255,M,300.0,310.1,1389,40.8,61,0,0,0,0,0,0,Healthy,None
7257,L17256,L,299.3,307.4,1633,38.6,78,0,0,0,0,0,0,Healthy,None
7258,L17257,L,301.8,311.2,1430,44.7,210,0,0,0,0,0,0,Healthy,None
7259,M17258,M,297.9,308.2,1663,24.0,89,0,0,0,0,0,0,Healthy,None
7260,L17259,L,300.8,309.0,1410,39.9,139,0,0,0,0,0,0,Healthy,None
7261,L17260,L,298.3,305.7,1396,52.0,23,0,0,0,0,0,0,Healthy,None
7262,L17261,L,299.0,306.7,1533,45.7,52,0,0,0,0,0,0,Healthy,None
7263,M17262,M,292.7,304.0,1320,21.2,227,1,1,0,1,0,0,Failure Risk,"Tool Wear Failure, Power Failure"
7264,L17263,L,304.2,314.1,1608,39.9,32,0,0,0,0,0,0,Healthy,None
7265,H17264,H,301.1,310.6,1695,32.7,68,0,0,0,0,0,0,Healthy,None
7266,L17265,L,298.5,309.4,1636,40.1,72,0,0,0,0,0,0,Healthy,None
7267,L17266,L,297.8,307.4,1653,36.2,103,0,0,0,0,0,0,Healthy,None
7268,L17267,L,299.0,309.3,1193,57.2,205,1,0,0,0,1,0,Failure Risk,Overstrain Failure
7269,L17268,L,301.4,311.4,1455,40.8,173,0,0,0,0,0,0,Healthy,None
7270,L17269,L,296.2,305.7,1497,43.1,99,0,0,0,0,0,0,Healthy,None
7271,L17270,L,299.7,310.0,1798,39.6,88,0,0,0,0,0,0,Healthy,None
7272,H17271,H,303.5,314.3,1433,44.7,6,0,0,0,0,0,0,Healthy,None
7273,M17272,M,297.7,307.5,1168,37.9,97,0,0,0,0,0,0,Healthy,None
7274,L17273,L,300.2,309.7,1358,47.7,170,0,0,0,0,0,0,Healthy,None
7275,L17274,L,304.4,314.1,1419,36.1,6,0,0,0,0,0,0,Healthy,None
7276,H17275,H,301.3,309.0,1168,53.6,94,1,0,1,0,0,0,Failure Risk,Heat Dissipation Failure
7277,L17276,L,300.3,310.6,1711,44.9,115,0,0,0,0,0,0,Healthy,None
7278,L17277,L,301.0,309.8,1257,38.5,60,0,0,0,0,0,0,Healthy,None
7279,M17278,M,299.2,309.8,1617,48.3,31,0,0,0,0,0,0,Healthy,None
7280,M17279,M,302.6,312.5,1342,44.9,212,0,0,0,0,0,0,Healthy,None
7281,M17280,M,299.2,309.3,1807,48.2,240,1,0,0,1,0,0,Failure Risk,Power Failure
7282,L17281,L,296.1,306.8,1488,40.8,58,0,0,0,0,0,0,Healthy,None
7283,L17282,L,299.2,308.3,1452,37.6,78,0,0,0,0,0,0,Healthy,None
7284,M17283,M,298.1,308.5,1632,41.3,29,0,0,0,0,0,0,Healthy,None
7285,L17284,L,299.4,309.7,1357,35.0,3,0,0,0,0,0,0,Healthy,None
7286,M17285,M,299.5,309.3,1641,49.7,33,0,0,0,0,0,0,Healthy,None
7287,M17286,M,302.4,311.5,1451,54.5,136,0,0,0,0,0,0,Healthy,None
7288,L17287,L,301.4,312.0,1431,45.7,59,0,0,0,0,0,0,Healthy,None
7289,H17288,H,300.5,311.2,1522,54.0,203,0,0,0,0,0,0,Healthy,None
7290,H17289,H,300.0,310.1,1342,51.2,221,1,1,0,0,0,0,Failure Risk,Tool Wear Failure
7291,M17290,M,297.9,306.8,1503,37.3,151,0,0,0,0,0,0,Healthy,None
7292,L17291,L,295.6,305.1,1598,48.3,114,0,0,0,0,0,0,Healthy,None
7293,L17292,L,300.2,310.1,1168,27.3,182,1,0,0,1,0,0,Failure Risk,Power Failure
7294,L17293,L,301.6,312.3,1733,41.8,246,0,0,0,0,0,0,Healthy,None
7295,L17294,L,299.8,308.2,1684,28.3,28,0,0,0,0,0,0,Healthy,None
7296,H17295,H,298.9,308.3,1206,38.9,53,0,0,0,0,0,0,Healthy,None
7297,L17296,L,300.9,310.5,1178,25.7,178,1,0,0,1,0,0,Failure Risk,Power Failure
7298,L17297,L,299.8,309.7,1688,50.8,248,1,0,0,0,1,0,Failure Risk,Overstrain Failure
7299,L17298,L,303.4,312.1,1674,36.1,120,0,0,0,0,0,0,Healthy,None
7300,M17299,M,302.5,312.3,1649,49.0,21,0,0,0,0,0,0,Healthy,None
7301,L17300,L,301.9,311.6,1282,39.3,226,0,0,0,0,0,0,Healthy,None
7302,L17301,L,301.5,310.5,1865,21.7,19,0,0,0,0,0,0,Healthy,None
7303,L17302,L,297.4,307.3,1402,35.2,36,0,0,0,0,0,0,Healthy,None
7304,H17303,H,301.3,310.8,1580,34.7,127,0,0,0,0,0,0,Healthy,None
7305,L17304,L,300.8,311.3,1583,39.9,232,0,0,0,0,0,0,Healthy,None
7306,H17305,H,301.2,310.3,1823,54.9,50,1,0,0,1,0,0,Failure Risk,Power Failure
7307,H17306,H,301.0,311.1,1560,56.6,72,1,0,0,1,0,0,Failure Risk,Power Failure
7308,L17307,L,300.9,310.1,1612,37.7,116,0,0,0,0,0,0,Healthy,None
7309,M17308,M,305.4,314.8,1524,27.5,213,1,1,0,0,0,0,Failure Risk,Tool Wear Failure
7310,L17309,L,299.8,310.1,1323,32.6,177,0,0,0,0,0,0,Healthy,None
7311,H17310,H,301.9,312.1,1168,44.7,207,0,0,0,0,0,0,Healthy,None
7312,M17311,M,299.1,308.7,1543,38.9,65,0,0,0,0,0,0,Healthy,None
7313,L17312,L,301.6,311.3,1285,24.4,61,1,0,0,1,0,0,Failure Risk,Power Failure
7314,L17313,L,301.9,310.4,1600,35.0,251,0,0,0,0,0,0,Healthy,None
7315,L17314,L,300.7,312.1,1564,53.0,43,0,0,0,0,0,0,Healthy,None
7316,H17315,H,303.3,314.0,1560,42.9,113,0,0,0,0,0,0,Healthy,None
7317,L17316,L,298.2,308.9,1349,40.5,22,0,0,0,0,0,0,Healthy,None
7318,M17317,M,299.0,307.4,1723,36.2,92,0,0,0,0,0,0,Healthy,None
7319,L17318,L,300.4,309.8,1622,35.4,250,0,0,0,0,0,0,Healthy,None
7320,H17319,H,301.8,311.5,1326,45.4,10,0,0,0,0,0,0,Healthy,None
7321,L17320,L,300.4,308.5,1908,41.4,181,0,0,0,0,0,0,Healthy,None
7322,M17321,M,302.6,313.5,1500,47.6,182,0,0,0,0,0,0,Healthy,None
7323,L17322,L,298.7,310.2,1299,45.4,60,0,0,0,0,0,0,Healthy,None
7324,M17323,M,297.7,309.8,1402,40.2,226,0,0,0,0,0,0,Healthy,None
7325,L17324,L,300.6,309.6,1267,43.8,179,0,0,0,0,0,0,Healthy,None
7326,L17325,L,299.8,309.9,1781,34.1,122,0,0,0,0,0,0,Healthy,None
7327,L17326,L,301.1,312.4,1731,39.5,21,0,0,0,0,0,0,Healthy,None
7328,M17327,M,299.9,309.6,1670,53.3,2,1,0,0,1,0,0,Failure Risk,Power Failure
7329,L17328,L,299.3,308.7,1636,40.1,238,0,0,0,0,0,0,Healthy,None
7330,M17329,M,299.9,308.0,1761,37.8,203,0,0,0,0,0,0,Healthy,None
7331,L17330,L,300.1,311.2,1494,42.1,64,0,0,0,0,0,0,Healthy,None
7332,H17331,H,299.4,309.4,1613,28.5,245,0,0,0,0,0,0,Healthy,None
7333,H17332,H,299.6,308.9,1392,42.2,185,0,0,0,0,0,0,Healthy,None
7334,M17333,M,299.2,309.5,1510,56.8,170,0,0,0,0,0,0,Healthy,None
7335,L17334,L,301.7,311.9,1618,32.0,89,0,0,0,0,0,0,Healthy,None
7336,L17335,L,300.4,310.6,1168,42.6,225,0,0,0,0,0,0,Healthy,None
7337,L17336,L,304.5,314.3,1427,39.8,60,0,0,0,0,0,0,Healthy,None
7338,L17337,L,300.3,311.9,1567,39.5,246,0,0,0,0,0,0,Healthy,None
7339,M17338,M,298.9,308.8,1524,39.3,92,0,0,0,0,0,0,Healthy,None
7340,M17339,M,305.3,316.9,1457,47.1,52,0,0,0,0,0,0,Healthy,None
7341,H17340,H,300.8,311.4,1643,29.1,237,0,0,0,0,0,0,Healthy,None
7342,L17341,L,302.0,312.4,1411,46.8,160,0,0,0,0,0,0,Healthy,None
7343,M17342,M,301.2,311.1,1319,40.7,223,0,0,0,0,0,0,Healthy,None
7344,L17343,L,301.2,312.2,1749,22.5,24,0,0,0,0,0,0,Healthy,None
7345,M17344,M,301.1,311.2,1724,43.8,49,0,0,0,0,0,0,Healthy,None
7346,L17345,L,297.8,306.9,1430,41.1,241,0,0,0,0,0,0,Healthy,None
7347,L17346,L,300.7,309.7,1525,31.4,46,0,0,0,0,0,0,Healthy,None
7348,L17347,L,297.4,307.8,1689,41.6,121,0,0,0,0,0,0,Healthy,None
7349,M17348,M,299.7,308.8,1545,27.0,185,0,0,0,0,0,0,Healthy,None
7350,H17349,H,298.5,308.4,1632,33.2,99,0,0,0,0,0,0,Healthy,None
7351,L17350,L,300.7,311.8,1623,40.4,65,0,0,0,0,0,0,Healthy,None
7352,L17351,L,300.7,311.0,1480,23.3,206,0,0,0,0,0,0,Healthy,None
7353,L17352,L,301.0,310.3,1630,28.6,12,0,0,0,0,0,0,Healthy,None
7354,M17353,M,300.6,312.0,1365,30.1,169,0,0,0,0,0,0,Healthy,None
7355,L17354,L,298.8,309.3,1608,40.8,14,0,0,0,0,0,0,Healthy,None
7356,M17355,M,299.5,310.5,1524,44.4,5,0,0,0,0,0,0,Healthy,None
7357,H17356,H,301.8,309.5,1473,31.2,252,1,1,0,0,0,0,Failure Risk,Tool Wear Failure
7358,H17357,H,302.1,312.4,1314,30.6,84,0,0,0,0,0,0,Healthy,None
7359,L17358,L,297.7,308.5,1561,41.4,41,0,0,0,0,0,0,Healthy,None
7360,H17359,H,296.9,308.6,1544,41.1,217,0,0,0,0,0,0,Healthy,None
7361,M17360,M,298.5,307.0,1387,33.1,162,0,0,0,0,0,0,Healthy,None
7362,L17361,L,302.1,313.3,1252,58.1,236,1,0,0,0,1,0,Failure Risk,Overstrain Failure
7363,M17362,M,302.4,314.0,1243,41.8,81,0,0,0,0,0,0,Healthy,None
7364,H17363,H,298.2,306.2,1492,38.3,5,0,0,0,0,0,0,Healthy,None
7365,L17364,L,300.6,311.1,1592,36.2,77,0,0,0,0,0,0,Healthy,None
7366,L17365,L,303.7,314.3,1869,50.0,145,1,0,0,1,0,0,Failure Risk,Power Failure
7367,L17366,L,300.8,310.5,1529,45.4,42,0,0,0,0,0,0,Healthy,None
7368,M17367,M,302.8,312.3,1247,22.8,147,1,0,0,1,0,0,Failure Risk,Power Failure
7369,L17368,L,302.0,312.7,1500,33.1,206,1,1,0,0,0,0,Failure Risk,Tool Wear Failure
7370,H17369,H,298.2,307.6,1761,35.6,180,0,0,0,0,0,0,Healthy,None
7371,M17370,M,299.6,309.4,1415,39.9,108,0,0,0,0,0,0,Healthy,None
7372,M17371,M,300.1,310.9,1738,46.2,47,0,0,0,0,0,0,Healthy,None
7373,L17372,L,300.2,312.0,1569,29.4,154,0,0,0,0,0,0,Healthy,None
7374,M17373,M,301.8,312.3,1653,39.2,215,1,1,0,0,0,0,Failure Risk,Tool Wear Failure
7375,L17374,L,300.8,310.9,1870,56.8,75,1,0,0,1,0,0,Failure Risk,Power Failure
7376,L17375,L,294.1,303.6,1209,40.3,128,0,0,0,0,0,0,Healthy,None
7377,M17376,M,297.4,306.4,1698,33.1,118,0,0,0,0,0,0,Healthy,None
7378,L17377,L,295.6,306.7,1521,26.8,13,0,0,0,0,0,0,Healthy,None
7379,M17378,M,300.4,310.2,1368,35.2,245,0,0,0,0,0,0,Healthy,None
7380,L17379,L,300.5,311.7,1519,29.3,159,0,0,0,0,0,0,Healthy,None
7381,L17380,L,300.6,310.3,1840,36.1,66,0,0,0,0,0,0,Healthy,None
7382,L17381,L,298.1,307.5,1776,45.4,9,0,0,0,0,0,0,Healthy,None
7383,H17382,H,301.3,311.7,1179,40.4,153,0,0,0,0,0,0,Healthy,None
7384,M17383,M,301.4,311.3,1400,35.2,222,0,0,0,0,0,0,Healthy,None
7385,M17384,M,297.5,306.3,1706,22.3,73,0,0,0,0,0,0,Healthy,None
7386,L17385,L,297.1,308.9,1534,48.2,64,0,0,0,0,0,0,Healthy,None
7387,L17386,L,300.0,309.4,1534,36.5,177,0,0,0,0,0,0,Healthy,None
7388,H17387,H,303.6,314.5,1257,41.1,176,0,0,0,0,0,0,Healthy,None
7389,L17388,L,303.4,314.2,1404,31.0,31,0,0,0,0,0,0,Healthy,None
7390,L17389,L,301.1,309.8,1294,36.0,82,0,0,0,0,0,0,Healthy,None
7391,M17390,M,298.5,307.5,1242,34.3,64,0,0,0,0,0,0,Healthy,None
7392,L17391,L,301.8,311.5,1312,26.8,25,0,0,0,0,0,0,Healthy,None
7393,H17392,H,299.1,308.2,1371,31.0,196,0,0,0,0,0,0,Healthy,None
7394,M17393,M,298.5,310.2,1401,39.9,153,0,0,0,0,0,0,Healthy,None
7395,L17394,L,295.7,305.5,1387,43.0,229,0,0,0,0,0,0,Healthy,None
7396,L17395,L,300.2,311.1,1720,33.2,64,0,0,0,0,0,0,Healthy,None
7397,L17396,L,298.7,309.2,1375,28.1,221,0,0,0,0,0,0,Healthy,None
7398,H17397,H,300.2,310.5,1793,36.5,240,0,0,0,0,0,0,Healthy,None
7399,M17398,M,295.4,305.4,1451,47.7,139,0,0,0,0,0,0,Healthy,None
7400,L17399,L,300.3,311.5,1616,30.7,227,0,0,0,0,0,0,Healthy,None
7401,L17400,L,295.1,304.3,1622,40.1,35,0,0,0,0,0,0,Healthy,None
7402,M17401,M,302.2,313.9,1377,33.5,151,0,0,0,0,0,0,Healthy,None
7403,M17402,M,301.0,309.7,1479,51.2,169,0,0,0,0,0,0,Healthy,None
7404,L17403,L,299.4,310.2,1447,35.0,54,0,0,0,0,0,0,Healthy,None
7405,L17404,L,301.1,309.7,1604,46.6,182,0,0,0,0,0,0,Healthy,None
7406,L17405,L,298.0,307.7,1514,50.0,88,0,0,0,0,0,0,Healthy,None
7407,M17406,M,300.1,310.2,1404,55.3,7,0,0,0,0,0,0,Healthy,None
7408,H17407,H,301.6,311.1,1559,26.6,203,0,0,0,0,0,0,Healthy,None
7409,L17408,L,293.8,303.6,1598,26.2,188,0,0,0,0,0,0,Healthy,None
7410,M17409,M,299.1,307.7,1869,51.5,26,1,0,0,1,0,0,Failure Risk,Power Failure
7411,L17410,L,300.0,309.0,1550,49.9,250,1,0,0,0,1,0,Failure Risk,Overstrain Failure
7412,L17411,L,299.6,310.1,1539,33.9,251,0,0,0,0,0,0,Healthy,None
7413,L17412,L,302.9,312.9,1614,8.0,203,1,0,0,1,0,0,Failure Risk,Power Failure
7414,H17413,H,297.8,307.1,1368,40.8,190,0,0,0,0,0,0,Healthy,None
7415,L17414,L,298.8,310.1,1229,25.0,127,1,0,0,1,0,0,Failure Risk,Power Failure
7416,M17415,M,296.2,305.0,1482,31.8,159,0,0,0,0,0,0,Healthy,None
7417,L17416,L,303.0,312.6,1729,41.8,59,0,0,0,0,0,0,Healthy,None
7418,L17417,L,299.5,309.0,1758,43.1,162,0,0,0,0,0,0,Healthy,None
7419,L17418,L,299.1,309.7,1201,55.7,143,0,0,0,0,0,0,Healthy,None
7420,M17419,M,299.9,309.9,1657,36.3,163,0,0,0,0,0,0,Healthy,None
7421,L17420,L,301.3,311.2,1168,30.3,55,0,0,0,0,0,0,Healthy,None
7422,M17421,M,300.7,308.9,1620,49.1,157,0,0,0,0,0,0,Healthy,None
7423,L17422,L,305.3,316.2,1609,43.7,228,1,1,0,0,0,0,Failure Risk,Tool Wear Failure
7424,L17423,L,300.9,310.7,1229,36.4,124,0,0,0,0,0,0,Healthy,None
7425,L17424,L,299.1,309.2,1717,40.3,31,0,0,0,0,0,0,Healthy,None
7426,L17425,L,298.9,308.2,1850,36.3,78,0,0,0,0,0,0,Healthy,None
7427,L17426,L,299.2,308.3,1526,46.9,20,0,0,0,0,0,0,Healthy,None
7428,L17427,L,297.0,308.5,1563,56.7,55,1,0,0,1,0,0,Failure Risk,Power Failure
7429,M17428,M,300.1,308.3,1802,32.8,167,0,0,0,0,0,0,Healthy,None
7430,M17429,M,301.6,310.5,1336,44.2,92,0,0,0,0,0,0,Healthy,None
7431,L17430,L,298.8,310.3,1340,24.9,53,1,0,0,1,0,0,Failure Risk,Power Failure
7432,L17431,L,298.4,309.0,1387,29.4,157,0,0,0,0,0,0,Healthy,None
7433,L17432,L,303.0,312.7,1544,45.6,216,0,0,0,0,0,0,Healthy,None
7434,L17433,L,297.1,308.3,1544,39.3,19,0,0,0,0,0,0,Healthy,None
7435,L17434,L,295.9,306.3,1438,29.0,201,1,1,0,0,0,0,Failure Risk,Tool Wear Failure
7436,H17435,H,297.7,307.9,1484,40.1,222,0,0,0,0,0,0,Healthy,None
7437,L17436,L,296.9,307.1,1441,48.7,128,0,0,0,0,0,0,Healthy,None
7438,L17437,L,300.8,311.3,1449,25.7,73,0,0,0,0,0,0,Healthy,None
7439,L17438,L,299.3,309.8,1400,57.3,145,0,0,0,0,0,0,Healthy,None
7440,L17439,L,299.6,311.8,1401,45.7,112,0,0,0,0,0,0,Healthy,None
7441,M17440,M,302.3,312.1,1179,45.9,227,0,0,0,0,0,0,Healthy,None
7442,L17441,L,298.6,308.4,1497,40.0,184,0,0,0,0,0,0,Healthy,None
7443,L17442,L,301.6,310.4,1187,57.3,58,0,0,0,0,0,0,Healthy,None
7444,M17443,M,303.0,312.9,1672,49.5,127,0,0,0,0,0,0,Healthy,None
7445,L17444,L,299.1,311.0,1437,36.4,245,0,0,0,0,0,0,Healthy,None
7446,M17445,M,301.5,312.5,1516,47.5,127,0,0,0,0,0,0,Healthy,None
7447,M17446,M,299.5,309.0,1471,32.7,140,0,0,0,0,0,0,Healthy,None
7448,L17447,L,301.8,311.8,1494,37.2,31,0,0,0,0,0,0,Healthy,None
7449,M17448,M,296.9,305.6,1764,54.5,213,1,0,0,1,0,0,Failure Risk,Power Failure
7450,L17449,L,296.7,305.7,1296,43.8,69,0,0,0,0,0,0,Healthy,None
7451,M17450,M,299.2,309.3,1247,46.5,160,0,0,0,0,0,0,Healthy,None
7452,L17451,L,298.2,307.7,1559,51.6,192,0,0,0,0,0,0,Healthy,None
7453,L17452,L,299.0,308.0,1449,45.4,2,0,0,0,0,0,0,Healthy,None
7454,M17453,M,299.6,310.1,1602,32.0,132,0,0,0,0,0,0,Healthy,None
7455,H17454,H,301.4,311.3,1666,56.4,113,1,0,0,1,0,0,Failure Risk,Power Failure
7456,H17455,H,299.2,307.6,1339,45.1,218,1,0,1,0,0,0,Failure Risk,Heat Dissipation Failure
7457,M17456,M,298.4,306.3,1646,45.8,11,0,0,0,0,0,0,Healthy,None
7458,L17457,L,299.3,308.7,1355,40.6,32,0,0,0,0,0,0,Healthy,None
7459,L17458,L,298.5,306.9,1551,51.0,232,1,0,0,0,1,0,Failure Risk,Overstrain Failure
7460,L17459,L,298.1,306.2,1316,59.0,26,1,0,1,0,0,0,Failure Risk,Heat Dissipation Failure
7461,L17460,L,296.8,307.9,1561,36.3,112,0,0,0,0,0,0,Healthy,None
7462,L17461,L,300.1,310.0,1534,50.5,124,0,0,0,0,0,0,Healthy,None
7463,H17462,H,298.9,308.6,1340,40.3,12,0,0,0,0,0,0,Healthy,None
7464,L17463,L,301.9,311.7,1294,20.2,109,1,0,0,1,0,0,Failure Risk,Power Failure
7465,L17464,L,297.1,306.0,1672,26.1,122,0,0,0,0,0,0,Healthy,None
7466,L17465,L,298.9,309.3,1456,44.2,202,0,0,0,0,0,0,Healthy,None
7467,H17466,H,303.6,313.5,1719,50.0,202,1,0,0,1,0,0,Failure Risk,Power Failure
7468,M17467,M,298.1,307.3,1440,46.0,163,0,0,0,0,0,0,Healthy,None
7469,M17468,M,299.5,308.9,1771,47.6,104,0,0,0,0,0,0,Healthy,None
7470,L17469,L,297.6,306.4,1368,65.6,185,1,0,0,1,1,0,Failure Risk,"Power Failure, Overstrain Failure"
7471,H17470,H,297.3,306.9,1801,45.2,63,0,0,0,0,0,0,Healthy,None
7472,L17471,L,303.1,312.9,1569,37.4,177,0,0,0,0,0,0,Healthy,None
7473,H17472,H,300.3,309.9,1609,38.7,121,0,0,0,0,0,0,Healthy,None
7474,M17473,M,300.3,310.4,1358,56.2,178,0,0,0,0,0,0,Healthy,None
7475,L17474,L,296.6,306.5,1668,27.4,131,0,0,0,0,0,0,Healthy,None
7476,L17475,L,300.7,310.9,1674,52.3,43,1,0,0,1,0,0,Failure Risk,Power Failure
7477,M17476,M,302.3,313.2,1479,40.2,17,0,0,0,0,0,0,Healthy,None
7478,L17477,L,302.3,312.9,1168,31.8,17,0,0,0,0,0,0,Healthy,None
7479,H17478,H,301.3,312.3,1338,25.6,219,0,0,0,0,0,0,Healthy,None
7480,L17479,L,297.7,306.9,1338,54.7,5,0,0,0,0,0,0,Healthy,None
7481,L17480,L,300.6,310.1,1618,31.5,186,0,0,0,0,0,0,Healthy,None
7482,L17481,L,301.3,312.0,1454,40.6,190,0,0,0,0,0,0,Healthy,None
7483,L17482,L,296.4,307.1,1458,30.3,42,0,0,0,0,0,0,Healthy,None
7484,L17483,L,297.8,307.1,1436,59.5,249,1,0,0,0,1,0,Failure Risk,Overstrain Failure
7485,L17484,L,301.8,312.4,1801,41.0,196,0,0,0,0,0,0,Healthy,None
7486,M17485,M,301.8,310.9,1546,26.7,239,0,0,0,0,0,0,Healthy,None
7487,L17486,L,296.9,307.4,1573,35.8,202,0,0,0,0,0,0,Healthy,None
7488,H17487,H,301.6,311.6,1427,53.8,196,0,0,0,0,0,0,Healthy,None
7489,M17488,M,300.2,308.8,1532,30.3,8,0,0,0,0,0,0,Healthy,None
7490,H17489,H,301.6,311.2,1363,36.4,150,0,0,0,0,0,0,Healthy,None
7491,L17490,L,298.7,310.9,1599,51.8,10,0,0,0,0,0,0,Healthy,None
7492,L17491,L,301.3,311.5,1332,43.4,188,0,0,0,0,0,0,Healthy,None
7493,L17492,L,301.7,314.0,1671,27.9,78,0,0,0,0,0,0,Healthy,None
7494,M17493,M,299.3,307.9,1406,42.2,216,0,0,0,0,0,0,Healthy,None
7495,H17494,H,300.0,310.8,1707,38.5,16,0,0,0,0,0,0,Healthy,None
7496,L17495,L,298.7,306.2,1879,40.5,177,0,0,0,0,0,0,Healthy,None
7497,L17496,L,303.3,313.3,1538,49.4,180,0,0,0,0,0,0,Healthy,None
7498,H17497,H,299.8,310.4,1772,42.4,89,0,0,0,0,0,0,Healthy,None
7499,L17498,L,298.2,309.0,1672,39.1,13,0,0,0,0,0,0,Healthy,None
7500,M17499,M,298.6,307.8,1281,38.6,38,0,0,0,0,0,0,Healthy,None
7501,M17500,M,300.3,311.3,1557,50.7,119,0,0,0,0,0,0,Healthy,None
7502,H17501,H,301.5,311.0,1627,32.9,54,0,0,0,0,0,0,Healthy,None
7503,L17502,L,297.3,307.1,1644,18.5,239,1,1,0,1,0,0,Failure Risk,"Tool Wear Failure, Power Failure"
7504,L17503,L,303.7,313.3,1569,37.8,8,0,0,0,0,0,0,Healthy,None
7505,M17504,M,300.6,309.5,1567,43.7,190,0,0,0,0,0,0,Healthy,None
7506,H17505,H,300.9,312.5,1538,35.9,26,0,0,0,0,0,0,Healthy,None
7507,L17506,L,299.8,309.8,1561,34.8,162,0,0,0,0,0,0,Healthy,None
7508,L17507,L,300.0,311.1,1318,36.4,90,0,0,0,0,0,0,Healthy,None
7509,M17508,M,299.7,310.7,1495,39.8,244,0,0,0,0,0,0,Healthy,None
7510,H17509,H,302.0,311.0,1277,27.1,207,0,0,0,0,0,0,Healthy,None
7511,H17510,H,300.0,311.2,1448,46.5,59,0,0,0,0,0,0,Healthy,None
7512,H17511,H,301.5,312.0,1432,13.6,213,1,0,0,1,0,0,Failure Risk,Power Failure
7513,L17512,L,299.1,308.1,1420,45.3,29,0,0,0,0,0,0,Healthy,None
7514,L17513,L,300.4,310.8,1349,43.1,89,0,0,0,0,0,0,Healthy,None
7515,M17514,M,298.4,307.4,1586,44.9,102,0,0,0,0,0,0,Healthy,None
7516,H17515,H,302.4,314.0,1481,20.9,123,1,0,0,1,0,0,Failure Risk,Power Failure
7517,L17516,L,298.3,309.1,1462,42.9,166,0,0,0,0,0,0,Healthy,None
7518,L17517,L,299.4,309.3,1286,34.6,179,0,0,0,0,0,0,Healthy,None
7519,M17518,M,299.4,310.7,1484,55.9,224,1,0,0,0,1,0,Failure Risk,Overstrain Failure
7520,L17519,L,299.3,307.7,1743,43.6,103,0,0,0,0,0,0,Healthy,None
7521,L17520,L,301.4,310.7,1745,28.4,57,0,0,0,0,0,0,Healthy,None
7522,M17521,M,299.4,309.1,1604,23.3,64,0,0,0,0,0,0,Healthy,None
7523,M17522,M,302.8,315.0,1485,33.9,203,0,0,0,0,0,0,Healthy,None
7524,M17523,M,298.4,307.3,1638,48.0,125,0,0,0,0,0,0,Healthy,None
7525,L17524,L,300.3,308.6,1418,51.4,208,0,0,0,0,0,0,Healthy,None
7526,M17525,M,298.4,307.0,1484,41.8,88,0,0,0,0,0,0,Healthy,None
7527,M17526,M,300.8,311.7,1405,40.8,156,0,0,0,0,0,0,Healthy,None
7528,M17527,M,300.0,309.4,1700,36.7,185,0,0,0,0,0,0,Healthy,None
7529,M17528,M,299.7,309.5,1677,39.8,169,0,0,0,0,0,0,Healthy,None
7530,L17529,L,302.4,313.2,1531,52.0,27,0,0,0,0,0,0,Healthy,None
7531,L17530,L,298.7,308.5,1847,36.6,210,0,0,0,0,0,0,Healthy,None
7532,L17531,L,301.2,311.4,1611,46.5,232,0,0,0,0,0,0,Healthy,None
7533,L17532,L,298.5,309.0,1601,34.8,9,0,0,0,0,0,0,Healthy,None
7534,M17533,M,300.2,309.8,1582,50.0,10,0,0,0,0,0,0,Healthy,None
7535,H17534,H,297.6,307.4,1312,45.7,201,0,0,0,0,0,0,Healthy,None
7536,M17535,M,298.7,308.9,1377,49.6,187,0,0,0,0,0,0,Healthy,None
7537,M17536,M,299.8,310.7,1528,58.6,29,1,0,0,1,0,0,Failure Risk,Power Failure
7538,L17537,L,303.6,312.8,1529,14.4,48,1,0,0,1,0,0,Failure Risk,Power Failure
7539,L17538,L,300.2,307.2,1643,47.5,198,0,0,0,0,0,0,Healthy,None
7540,L17539,L,303.3,314.0,1418,44.6,196,0,0,0,0,0,0,Healthy,None
7541,L17540,L,300.4,311.3,1550,44.4,187,0,0,0,0,0,0,Healthy,None
7542,L17541,L,299.2,309.4,1553,42.4,27,0,0,0,0,0,0,Healthy,None
7543,M17542,M,303.1,313.4,1560,42.4,19,0,0,0,0,0,0,Healthy,None
7544,H17543,H,300.9,310.3,1540,43.3,223,0,0,0,0,0,0,Healthy,None
7545,L17544,L,298.7,309.2,1286,49.0,186,0,0,0,0,0,0,Healthy,None
7546,L17545,L,300.9,311.8,1168,48.2,139,0,0,0,0,0,0,Healthy,None
7547,M17546,M,299.4,309.5,1369,39.8,132,0,0,0,0,0,0,Healthy,None
7548,L17547,L,296.0,308.5,1442,38.1,29,0,0,0,0,0,0,Healthy,None
7549,H17548,H,301.9,310.3,1327,40.2,160,1,0,1,0,0,0,Failure Risk,Heat Dissipation Failure
7550,M17549,M,302.2,312.4,1528,35.9,137,0,0,0,0,0,0,Healthy,None
7551,H17550,H,303.7,312.5,1733,57.6,166,1,0,0,1,0,0,Failure Risk,Power Failure
7552,L17551,L,300.8,311.7,1667,27.4,90,0,0,0,0,0,0,Healthy,None
7553,M17552,M,299.5,307.9,1621,47.4,75,0,0,0,0,0,0,Healthy,None
7554,L17553,L,301.7,310.4,1714,47.4,65,0,0,0,0,0,0,Healthy,None
7555,M17554,M,301.7,311.1,1372,34.7,221,0,0,0,0,0,0,Healthy,None
7556,L17555,L,303.3,313.6,1456,42.9,187,0,0,0,0,0,0,Healthy,None
7557,L17556,L,299.9,309.3,1648,52.5,168,1,0,0,1,0,0,Failure Risk,Power Failure
7558,M17557,M,299.7,309.1,1453,36.7,196,0,0,0,0,0,0,Healthy,None
7559,M17558,M,298.6,308.4,1462,53.0,36,0,0,0,0,0,0,Healthy,None
7560,H17559,H,301.1,310.9,1871,51.1,205,1,0,0,1,0,0,Failure Risk,Power Failure
7561,M17560,M,296.9,308.4,1555,33.0,114,0,0,0,0,0,0,Healthy,None
7562,M17561,M,301.6,312.3,1853,29.0,217,1,1,0,0,0,0,Failure Risk,Tool Wear Failure
7563,L17562,L,301.2,310.9,1211,41.6,113,0,0,0,0,0,0,Healthy,None
7564,M17563,M,301.2,313.3,1425,27.7,135,0,0,0,0,0,0,Healthy,None
7565,M17564,M,300.3,310.8,1611,11.2,222,1,0,0,1,0,0,Failure Risk,Power Failure
7566,H17565,H,303.1,312.1,1554,35.2,252,0,0,0,0,0,0,Healthy,None
7567,H17566,H,301.7,312.0,1170,61.5,56,0,0,0,0,0,0,Healthy,None
7568,L17567,L,298.8,309.3,1496,35.6,66,0,0,0,0,0,0,Healthy,None
7569,H17568,H,298.8,308.1,1980,43.8,27,1,0,0,1,0,0,Failure Risk,Power Failure
7570,L17569,L,298.2,307.1,1582,46.9,141,0,0,0,0,0,0,Healthy,None
7571,L17570,L,301.1,311.2,1646,39.6,138,0,0,0,0,0,0,Healthy,None
7572,M17571,M,298.0,307.6,1422,36.7,156,0,0,0,0,0,0,Healthy,None
7573,L17572,L,302.2,313.7,1581,52.2,231,1,0,0,0,1,0,Failure Risk,Overstrain Failure
7574,M17573,M,302.6,313.3,1535,40.4,181,0,0,0,0,0,0,Healthy,None
7575,L17574,L,298.2,307.6,1738,39.1,203,1,1,0,0,0,0,Failure Risk,Tool Wear Failure
7576,L17575,L,299.6,310.0,1732,47.9,106,0,0,0,0,0,0,Healthy,None
7577,M17576,M,300.0,311.3,1610,29.8,136,0,0,0,0,0,0,Healthy,None
7578,M17577,M,301.8,310.4,1550,27.5,121,0,0,0,0,0,0,Healthy,None
7579,H17578,H,303.2,312.2,1237,23.9,163,1,0,0,1,0,0,Failure Risk,Power Failure
7580,M17579,M,296.6,306.6,1231,45.6,146,0,0,0,0,0,0,Healthy,None
7581,M17580,M,299.4,309.4,1552,38.4,134,0,0,0,0,0,0,Healthy,None
7582,L17581,L,299.5,309.4,1694,48.2,16,0,0,0,0,0,0,Healthy,None
7583,L17582,L,297.2,306.9,1776,40.5,126,0,0,0,0,0,0,Healthy,None
7584,L17583,L,299.0,308.7,1378,26.4,47,0,0,0,0,0,0,Healthy,None
7585,M17584,M,300.9,311.3,1267,36.5,178,0,0,0,0,0,0,Healthy,None
7586,M17585,M,299.4,310.5,1704,48.9,86,0,0,0,0,0,0,Healthy,None
7587,L17586,L,296.9,306.4,1392,37.4,75,0,0,0,0,0,0,Healthy,None
7588,M17587,M,305.7,318.1,1255,51.7,198,0,0,0,0,0,0,Healthy,None
7589,M17588,M,300.5,312.5,1449,35.5,88,0,0,0,0,0,0,Healthy,None
7590,L17589,L,300.2,311.5,1446,47.1,77,0,0,0,0,0,0,Healthy,None
7591,L17590,L,297.8,308.4,1774,22.4,57,0,0,0,0,0,0,Healthy,None
7592,H17591,H,300.5,312.5,1692,37.8,222,0,0,0,0,0,0,Healthy,None
7593,M17592,M,299.7,309.4,1406,36.2,216,0,0,0,0,0,0,Healthy,None
7594,H17593,H,296.2,305.4,1788,26.2,202,0,0,0,0,0,0,Healthy,None
7595,L17594,L,297.9,307.4,1560,51.0,202,0,0,0,0,0,0,Healthy,None
7596,H17595,H,301.6,310.6,1727,33.7,134,0,0,0,0,0,0,Healthy,None
7597,L17596,L,303.9,314.0,1775,32.6,106,0,0,0,0,0,0,Healthy,None
7598,L17597,L,300.7,311.0,1490,52.9,61,0,0,0,0,0,0,Healthy,None
7599,H17598,H,302.2,312.4,1640,41.6,194,0,0,0,0,0,0,Healthy,None
7600,L17599,L,299.7,309.7,1465,47.7,142,0,0,0,0,0,0,Healthy,None
7601,M17600,M,299.8,309.9,1704,23.1,66,0,0,0,0,0,0,Healthy,None
7602,L17601,L,302.2,313.9,1554,32.1,125,0,0,0,0,0,0,Healthy,None
7603,M17602,M,303.3,313.9,1709,60.7,52,1,0,0,1,0,0,Failure Risk,Power Failure
7604,H17603,H,302.6,313.5,1810,48.5,168,1,0,0,1,0,0,Failure Risk,Power Failure
7605,L17604,L,297.9,308.1,1635,29.4,144,0,0,0,0,0,0,Healthy,None
7606,M17605,M,299.9,308.3,1521,42.2,112,0,0,0,0,0,0,Healthy,None
7607,L17606,L,300.6,308.8,1524,30.1,184,0,0,0,0,0,0,Healthy,None
7608,M17607,M,299.5,311.6,1168,53.8,171,0,0,0,0,0,0,Healthy,None
7609,L17608,L,300.8,310.3,1410,17.5,198,1,0,0,1,0,0,Failure Risk,Power Failure
7610,L17609,L,301.6,311.0,1704,42.7,202,1,1,0,0,0,0,Failure Risk,Tool Wear Failure
7611,L17610,L,302.0,312.2,1711,42.6,252,0,0,0,0,0,0,Healthy,None
7612,L17611,L,303.4,314.0,1406,29.0,191,0,0,0,0,0,0,Healthy,None
7613,H17612,H,299.3,310.0,1567,37.3,109,0,0,0,0,0,0,Healthy,None
7614,L17613,L,297.3,309.1,1504,43.7,147,0,0,0,0,0,0,Healthy,None
7615,L17614,L,300.7,312.2,1661,22.4,126,0,0,0,0,0,0,Healthy,None
7616,L17615,L,303.8,313.0,1933,27.3,128,0,0,0,0,0,0,Healthy,None
7617,L17616,L,299.0,310.0,1664,38.5,95,0,0,0,0,0,0,Healthy,None
7618,M17617,M,301.4,311.0,1418,31.8,229,0,0,0,0,0,0,Healthy,None
7619,H17618,H,301.4,311.3,1523,35.4,120,0,0,0,0,0,0,Healthy,None
7620,L17619,L,300.4,309.3,1788,39.8,117,0,0,0,0,0,0,Healthy,None
7621,H17620,H,300.0,308.3,1285,31.0,84,1,0,1,0,0,0,Failure Risk,Heat Dissipation Failure
7622,M17621,M,298.2,308.2,1427,39.7,30,0,0,0,0,0,0,Healthy,None
7623,L17622,L,295.4,304.4,1665,43.0,16,0,0,0,0,0,0,Healthy,None
7624,M17623,M,297.8,308.7,1769,47.7,88,0,0,0,0,0,0,Healthy,None
7625,M17624,M,299.2,308.9,1647,27.7,40,0,0,0,0,0,0,Healthy,None
7626,M17625,M,302.2,312.5,1429,33.8,224,0,0,0,0,0,0,Healthy,None
7627,H17626,H,299.8,311.2,1634,45.8,203,1,1,0,0,0,0,Failure Risk,Tool Wear Failure
7628,L17627,L,299.0,307.5,1612,25.3,115,0,0,0,0,0,0,Healthy,None
7629,H17628,H,298.2,307.5,1600,41.1,155,0,0,0,0,0,0,Healthy,None
7630,M17629,M,301.3,311.5,1520,40.3,48,0,0,0,0,0,0,Healthy,None
7631,L17630,L,302.7,313.0,1547,14.4,89,1,0,0,1,0,0,Failure Risk,Power Failure
7632,M17631,M,302.1,313.2,1375,35.1,227,0,0,0,0,0,0,Healthy,None
7633,L17632,L,301.2,312.1,1981,43.3,54,0,0,0,0,0,0,Healthy,None
7634,H17633,H,297.0,307.1,1566,37.9,135,0,0,0,0,0,0,Healthy,None
7635,M17634,M,299.3,309.6,1636,35.3,31,0,0,0,0,0,0,Healthy,None
7636,L17635,L,303.9,314.2,1498,41.5,178,0,0,0,0,0,0,Healthy,None
7637,L17636,L,302.2,310.7,1689,49.8,242,1,0,0,0,1,0,Failure Risk,Overstrain Failure
7638,M17637,M,296.9,306.7,1305,45.3,89,0,0,0,0,0,0,Healthy,None
7639,L17638,L,299.9,310.1,1225,32.5,196,0,0,0,0,0,0,Healthy,None
7640,L17639,L,300.7,311.2,1532,25.6,234,1,1,0,0,0,0,Failure Risk,Tool Wear Failure
7641,L17640,L,298.5,307.6,1905,45.1,37,0,0,0,0,0,0,Healthy,None
7642,L17641,L,295.4,304.1,1754,28.3,76,0,0,0,0,0,0,Healthy,None
7643,L17642,L,300.2,310.0,1393,34.8,18,0,0,0,0,0,0,Healthy,None
7644,L17643,L,298.4,310.4,1630,42.0,5,0,0,0,0,0,0,Healthy,None
7645,L17644,L,298.4,307.6,1424,51.4,121,0,0,0,0,0,0,Healthy,None
7646,M17645,M,299.3,310.5,1614,52.7,123,0,0,0,0,0,0,Healthy,None
7647,M17646,M,299.7,311.3,1628,40.6,118,0,0,0,0,0,0,Healthy,None
7648,L17647,L,300.0,310.0,1703,35.0,44,0,0,0,0,0,0,Healthy,None
7649,L17648,L,298.2,307.5,1257,28.1,197,0,0,0,0,0,0,Healthy,None
7650,M17649,M,299.6,310.1,1311,59.4,15,0,0,0,0,0,0,Healthy,None
7651,L17650,L,296.5,306.7,1524,37.1,181,0,0,0,0,0,0,Healthy,None
7652,L17651,L,300.6,309.7,1353,46.7,92,0,0,0,0,0,0,Healthy,None
7653,L17652,L,294.3,303.6,1339,41.9,209,1,1,0,0,0,0,Failure Risk,Tool Wear Failure
7654,H17653,H,299.4,309.9,1586,35.1,159,0,0,0,0,0,0,Healthy,None
7655,M17654,M,301.8,312.7,1374,34.7,28,0,0,0,0,0,0,Healthy,None
7656,M17655,M,297.9,307.6,1942,26.3,234,0,0,0,0,0,0,Healthy,None
7657,M17656,M,301.4,311.3,1442,51.1,51,0,0,0,0,0,0,Healthy,None
7658,M17657,M,302.3,313.0,1489,38.8,80,0,0,0,0,0,0,Healthy,None
7659,L17658,L,293.4,303.2,1591,54.2,105,1,0,0,1,0,0,Failure Risk,Power Failure
7660,M17659,M,299.7,309.4,1268,35.6,111,0,0,0,0,0,0,Healthy,None
7661,L17660,L,294.2,303.4,1629,37.0,124,0,0,0,0,0,0,Healthy,None
7662,M17661,M,299.8,309.0,1599,28.8,68,0,0,0,0,0,0,Healthy,None
7663,M17662,M,300.0,312.7,1475,36.9,95,0,0,0,0,0,0,Healthy,None
7664,M17663,M,295.0,304.8,1587,27.7,28,0,0,0,0,0,0,Healthy,None
7665,L17664,L,303.8,315.2,1614,44.0,92,0,0,0,0,0,0,Healthy,None
7666,L17665,L,300.6,312.3,1794,41.1,233,1,1,0,0,0,0,Failure Risk,Tool Wear Failure
7667,M17666,M,298.3,308.1,1985,54.6,130,1,0,0,1,0,0,Failure Risk,Power Failure
7668,M17667,M,302.9,313.3,1347,25.6,178,0,0,0,0,0,0,Healthy,None
7669,H17668,H,296.4,306.5,1305,52.0,67,0,0,0,0,0,0,Healthy,None
7670,L17669,L,297.5,305.9,1556,30.3,43,0,0,0,0,0,0,Healthy,None
7671,M17670,M,295.4,303.8,1168,43.4,24,1,0,1,0,0,0,Failure Risk,Heat Dissipation Failure
7672,M17671,M,303.6,313.6,1654,28.7,250,1,1,0,0,0,0,Failure Risk,Tool Wear Failure
7673,H17672,H,300.7,310.3,1558,42.0,149,0,0,0,0,0,0,Healthy,None
7674,M17673,M,301.3,313.2,1603,15.1,169,1,0,0,1,0,0,Failure Risk,Power Failure
7675,M17674,M,300.6,310.4,1483,33.4,74,0,0,0,0,0,0,Healthy,None
7676,M17675,M,301.1,313.1,1583,41.1,7,0,0,0,0,0,0,Healthy,None
7677,M17676,M,300.2,309.7,1622,57.4,218,1,1,0,1,1,0,Failure Risk,"Tool Wear Failure, Power Failure, Overstrain Failure"
7678,H17677,H,300.5,312.4,1573,18.9,171,1,0,0,1,0,0,Failure Risk,Power Failure
7679,L17678,L,300.2,310.7,1297,40.0,237,0,0,0,0,0,0,Healthy,None
7680,L17679,L,298.8,309.4,1568,34.9,180,0,0,0,0,0,0,Healthy,None
7681,H17680,H,299.9,309.4,1869,21.0,124,0,0,0,0,0,0,Healthy,None
7682,M17681,M,300.5,311.1,1581,28.9,213,1,1,0,0,0,0,Failure Risk,Tool Wear Failure
7683,M17682,M,300.2,311.9,1562,35.3,194,0,0,0,0,0,0,Healthy,None
7684,L17683,L,297.0,306.9,1817,44.6,26,0,0,0,0,0,0,Healthy,None
7685,L17684,L,297.3,307.0,1404,40.9,138,0,0,0,0,0,0,Healthy,None
7686,M17685,M,302.2,312.0,1697,27.0,154,0,0,0,0,0,0,Healthy,None
7687,M17686,M,299.4,311.0,1443,21.8,134,1,0,0,1,0,0,Failure Risk,Power Failure
7688,L17687,L,301.2,312.1,1732,44.1,123,0,0,0,0,0,0,Healthy,None
7689,L17688,L,297.8,309.2,1680,38.1,90,0,0,0,0,0,0,Healthy,None
7690,H17689,H,297.1,307.4,1464,56.0,238,1,1,0,0,1,0,Failure Risk,"Tool Wear Failure, Overstrain Failure"
7691,L17690,L,298.3,308.3,1490,36.5,202,0,0,0,0,0,0,Healthy,None
7692,H17691,H,299.6,310.0,1713,51.3,184,1,0,0,1,0,0,Failure Risk,Power Failure
7693,L17692,L,298.7,309.8,1205,45.4,216,0,0,0,0,0,0,Healthy,None
7694,M17693,M,302.6,312.4,1458,48.1,166,0,0,0,0,0,0,Healthy,None
7695,H17694,H,300.4,311.8,1649,44.3,50,0,0,0,0,0,0,Healthy,None
7696,M17695,M,303.7,314.1,1482,44.5,207,1,1,0,0,0,0,Failure Risk,Tool Wear Failure
7697,L17696,L,300.8,308.4,1562,17.3,20,1,0,0,1,0,0,Failure Risk,Power Failure
7698,M17697,M,295.2,306.1,1172,37.7,89,0,0,0,0,0,0,Healthy,None
7699,L17698,L,302.1,310.8,1385,33.4,248,0,0,0,0,0,0,Healthy,None
7700,L17699,L,297.0,307.9,1659,52.6,218,1,0,0,1,1,0,Failure Risk,"Power Failure, Overstrain Failure"
7701,H17700,H,300.5,311.4,1403,30.1,184,0,0,0,0,0,0,Healthy,None
7702,M17701,M,298.5,308.8,1304,37.2,178,0,0,0,0,0,0,Healthy,None
7703,M17702,M,304.3,314.8,1728,47.9,108,0,0,0,0,0,0,Healthy,None
7704,L17703,L,302.9,314.0,1630,43.0,116,0,0,0,0,0,0,Healthy,None
7705,L17704,L,298.5,308.0,1343,41.7,16,0,0,0,0,0,0,Healthy,None
7706,L17705,L,299.7,310.5,1562,51.0,158,0,0,0,0,0,0,Healthy,None
7707,M17706,M,300.5,311.7,1348,42.6,141,0,0,0,0,0,0,Healthy,None
7708,M17707,M,301.7,313.5,1510,34.6,214,0,0,0,0,0,0,Healthy,None
7709,M17708,M,300.1,309.0,1569,27.2,129,0,0,0,0,0,0,Healthy,None
7710,H17709,H,298.0,308.4,1393,44.8,217,0,0,0,0,0,0,Healthy,None
7711,L17710,L,298.6,307.6,1670,32.4,153,0,0,0,0,0,0,Healthy,None
7712,L17711,L,300.0,309.0,1698,37.6,149,0,0,0,0,0,0,Healthy,None
7713,L17712,L,302.5,312.9,1585,50.7,105,0,0,0,0,0,0,Healthy,None
7714,L17713,L,300.9,311.0,1612,37.8,27,0,0,0,0,0,0,Healthy,None
7715,L17714,L,298.5,309.6,1277,35.6,133,0,0,0,0,0,0,Healthy,None
7716,H17715,H,301.3,311.0,1781,37.2,239,0,0,0,0,0,0,Healthy,None
7717,L17716,L,299.2,309.1,1521,37.5,230,0,0,0,0,0,0,Healthy,None
7718,H17717,H,301.8,312.0,1370,30.2,146,0,0,0,0,0,0,Healthy,None
7719,L17718,L,305.1,314.2,1564,56.6,55,1,0,0,1,0,0,Failure Risk,Power Failure
7720,H17719,H,299.3,308.6,1671,34.6,20,0,0,0,0,0,0,Healthy,None
7721,M17720,M,301.6,312.7,1629,47.8,169,0,0,0,0,0,0,Healthy,None
7722,H17721,H,298.5,308.0,1343,29.9,19,0,0,0,0,0,0,Healthy,None
7723,L17722,L,299.8,311.0,1673,45.4,222,0,0,0,0,0,0,Healthy,None
7724,M17723,M,300.1,310.7,1527,41.7,90,0,0,0,0,0,0,Healthy,None
7725,H17724,H,299.6,308.1,1627,40.2,206,0,0,0,0,0,0,Healthy,None
7726,L17725,L,304.9,315.4,1394,41.7,126,0,0,0,0,0,0,Healthy,None
7727,L17726,L,299.4,309.9,1725,44.1,171,0,0,0,0,0,0,Healthy,None
7728,L17727,L,301.2,311.6,1570,37.8,120,0,0,0,0,0,0,Healthy,None
7729,H17728,H,296.1,306.0,1750,38.2,30,0,0,0,0,0,0,Healthy,None
7730,M17729,M,300.9,310.0,1263,45.7,8,0,0,0,0,0,0,Healthy,None
7731,M17730,M,302.3,313.6,1287,28.7,49,0,0,0,0,0,0,Healthy,None
7732,L17731,L,298.9,308.8,1495,27.2,80,0,0,0,0,0,0,Healthy,None
7733,L17732,L,295.0,304.1,1800,41.8,210,1,1,0,0,0,0,Failure Risk,Tool Wear Failure
7734,H17733,H,299.9,310.4,1889,20.1,31,0,0,0,0,0,0,Healthy,None
7735,L17734,L,300.0,309.3,1378,23.3,201,1,0,0,1,0,0,Failure Risk,Power Failure
7736,M17735,M,301.4,310.5,1547,57.9,167,1,0,0,1,0,0,Failure Risk,Power Failure
7737,H17736,H,304.0,313.6,1565,55.3,179,1,0,0,1,0,0,Failure Risk,Power Failure
7738,L17737,L,299.2,308.5,1666,34.3,196,0,0,0,0,0,0,Healthy,None
7739,M17738,M,298.3,307.4,1696,49.9,204,1,1,0,0,0,0,Failure Risk,Tool Wear Failure
7740,L17739,L,297.7,308.5,1338,50.2,116,0,0,0,0,0,0,Healthy,None
7741,M17740,M,300.4,310.3,1549,44.7,26,0,0,0,0,0,0,Healthy,None
7742,L17741,L,301.0,312.3,1178,39.2,1,0,0,0,0,0,0,Healthy,None
7743,M17742,M,298.9,308.0,1683,46.2,0,0,0,0,0,0,0,Healthy,None
7744,L17743,L,301.6,309.9,1477,47.9,126,0,0,0,0,0,0,Healthy,None
7745,L17744,L,300.9,311.0,1322,46.4,7,0,0,0,0,0,0,Healthy,None
7746,M17745,M,300.1,312.0,1597,24.7,137,0,0,0,0,0,0,Healthy,None
7747,L17746,L,298.2,308.7,1471,60.1,219,1,1,0,1,1,0,Failure Risk,"Tool Wear Failure, Power Failure, Overstrain Failure"
7748,M17747,M,299.0,312.2,1763,63.8,68,1,0,0,1,0,0,Failure Risk,Power Failure
7749,L17748,L,295.1,305.4,1378,21.1,113,1,0,0,1,0,0,Failure Risk,Power Failure
7750,M17749,M,300.5,310.7,1935,45.1,246,1,0,0,1,0,0,Failure Risk,Power Failure
7751,L17750,L,300.1,307.9,1690,60.3,193,1,0,0,1,1,0,Failure Risk,"Power Failure, Overstrain Failure"
7752,M17751,M,300.4,310.8,1768,49.9,245,1,1,0,1,1,0,Failure Risk,"Tool Wear Failure, Power Failure, Overstrain Failure"
7753,L17752,L,301.0,311.2,1353,50.0,168,0,0,0,0,0,0,Healthy,None
7754,L17753,L,300.8,310.4,1858,25.8,47,0,0,0,0,0,0,Healthy,None
7755,L17754,L,299.8,309.7,1320,47.8,115,0,0,0,0,0,0,Healthy,None
7756,M17755,M,300.1,310.0,1500,42.4,116,0,0,0,0,0,0,Healthy,None
7757,L17756,L,297.2,307.0,1771,47.7,80,0,0,0,0,0,0,Healthy,None
7758,H17757,H,298.8,310.9,1628,29.7,175,0,0,0,0,0,0,Healthy,None
7759,H17758,H,300.1,309.7,1316,29.4,124,0,0,0,0,0,0,Healthy,None
7760,L17759,L,298.5,308.7,1741,38.6,32,0,0,0,0,0,0,Healthy,None
7761,M17760,M,301.7,311.3,1598,36.2,216,0,0,0,0,0,0,Healthy,None
7762,L17761,L,298.7,309.5,1463,38.4,196,0,0,0,0,0,0,Healthy,None
7763,L17762,L,300.4,310.6,1261,35.3,91,0,0,0,0,0,0,Healthy,None
7764,M17763,M,300.2,309.9,1615,38.0,250,0,0,0,0,0,0,Healthy,None
7765,M17764,M,301.5,309.6,1508,33.4,178,0,0,0,0,0,0,Healthy,None
7766,M17765,M,301.8,312.0,1565,39.5,191,0,0,0,0,0,0,Healthy,None
7767,L17766,L,301.4,311.1,1254,25.9,81,1,0,0,1,0,0,Failure Risk,Power Failure
7768,L17767,L,295.8,305.7,1463,45.1,121,0,0,0,0,0,0,Healthy,None
7769,L17768,L,302.4,311.2,1623,42.6,22,0,0,0,0,0,0,Healthy,None
7770,M17769,M,303.1,314.5,1873,27.5,179,0,0,0,0,0,0,Healthy,None
7771,M17770,M,299.0,309.9,1501,53.1,226,1,0,0,0,1,0,Failure Risk,Overstrain Failure
7772,M17771,M,300.5,311.9,1796,31.8,81,0,0,0,0,0,0,Healthy,None
7773,L17772,L,298.2,309.3,1678,51.8,202,1,0,0,1,0,0,Failure Risk,Power Failure
7774,L17773,L,296.1,306.7,1579,43.3,42,0,0,0,0,0,0,Healthy,None
7775,L17774,L,298.5,307.4,1356,49.9,106,0,0,0,0,0,0,Healthy,None
7776,L17775,L,298.9,310.7,1364,41.7,73,0,0,0,0,0,0,Healthy,None
7777,L17776,L,299.3,308.4,1648,45.6,137,0,0,0,0,0,0,Healthy,None
7778,H17777,H,298.1,307.8,1443,49.8,99,0,0,0,0,0,0,Healthy,None
7779,H17778,H,298.5,309.2,1427,58.9,200,0,0,0,0,0,0,Healthy,None
7780,M17779,M,300.0,310.8,1505,50.6,105,0,0,0,0,0,0,Healthy,None
7781,L17780,L,298.5,309.1,1508,44.4,76,0,0,0,0,0,0,Healthy,None
7782,L17781,L,301.1,310.7,1699,26.6,214,1,1,0,0,0,0,Failure Risk,Tool Wear Failure
7783,H17782,H,301.4,310.8,1447,16.1,128,1,0,0,1,0,0,Failure Risk,Power Failure
7784,L17783,L,304.8,317.3,1681,38.7,143,0,0,0,0,0,0,Healthy,None
7785,H17784,H,302.3,312.3,1616,32.9,18,0,0,0,0,0,0,Healthy,None
7786,L17785,L,300.5,310.3,1238,33.3,75,0,0,0,0,0,0,Healthy,None
7787,L17786,L,298.8,308.1,1590,39.2,132,0,0,0,0,0,0,Healthy,None
7788,H17787,H,300.6,310.8,1168,46.6,182,0,0,0,0,0,0,Healthy,None
7789,L17788,L,300.7,310.9,1377,33.9,61,0,0,0,0,0,0,Healthy,None
7790,M17789,M,299.0,309.0,1620,48.9,132,0,0,0,0,0,0,Healthy,None
7791,M17790,M,301.6,312.0,1536,40.3,120,0,0,0,0,0,0,Healthy,None
7792,L17791,L,297.2,309.0,1221,40.4,134,0,0,0,0,0,0,Healthy,None
7793,L17792,L,299.5,308.9,1337,58.6,107,0,0,0,0,0,0,Healthy,None
7794,M17793,M,301.1,311.1,1168,41.8,77,0,0,0,0,0,0,Healthy,None
7795,M17794,M,299.4,308.8,1297,39.5,32,0,0,0,0,0,0,Healthy,None
7796,L17795,L,299.6,309.9,1641,45.2,5,0,0,0,0,0,0,Healthy,None
7797,H17796,H,299.7,309.1,1438,57.8,81,0,0,0,0,0,0,Healthy,None
7798,L17797,L,298.3,307.8,1568,39.5,133,0,0,0,0,0,0,Healthy,None
7799,L17798,L,302.3,310.8,1540,44.4,50,0,0,0,0,0,0,Healthy,None
7800,L17799,L,298.0,308.1,1543,38.9,221,0,0,0,0,0,0,Healthy,None
7801,L17800,L,300.6,311.0,1721,39.0,11,0,0,0,0,0,0,Healthy,None
7802,L17801,L,300.8,312.7,1501,35.1,113,0,0,0,0,0,0,Healthy,None
7803,H17802,H,298.1,308.6,1701,34.5,226,1,1,0,0,0,0,Failure Risk,Tool Wear Failure
7804,L17803,L,300.1,309.7,1168,56.8,202,1,1,0,0,1,0,Failure Risk,"Tool Wear Failure, Overstrain Failure"
7805,L17804,L,298.2,306.8,1736,34.5,121,0,0,0,0,0,0,Healthy,None
7806,L17805,L,302.8,311.6,1307,24.7,131,1,0,0,1,0,0,Failure Risk,Power Failure
7807,M17806,M,297.7,306.4,1345,41.2,204,0,0,0,0,0,0,Healthy,None
7808,H17807,H,298.7,310.6,1411,50.1,0,0,0,0,0,0,0,Healthy,None
7809,L17808,L,297.6,307.9,1732,52.3,51,1,0,0,1,0,0,Failure Risk,Power Failure
7810,L17809,L,297.3,306.7,1378,28.2,229,0,0,0,0,0,0,Healthy,None
7811,L17810,L,303.2,312.2,1420,51.0,52,0,0,0,0,0,0,Healthy,None
7812,L17811,L,301.1,310.2,1365,60.4,92,0,0,0,0,0,0,Healthy,None
7813,L17812,L,300.3,309.7,1583,33.2,13,0,0,0,0,0,0,Healthy,None
7814,L17813,L,298.7,310.0,1671,38.3,148,0,0,0,0,0,0,Healthy,None
7815,L17814,L,301.8,311.8,1843,27.8,104,0,0,0,0,0,0,Healthy,None
7816,M17815,M,298.4,307.0,1967,58.4,158,1,0,0,1,0,0,Failure Risk,Power Failure
7817,L17816,L,301.6,313.9,1654,25.2,168,0,0,0,0,0,0,Healthy,None
7818,H17817,H,298.3,307.2,1603,36.0,184,0,0,0,0,0,0,Healthy,None
7819,H17818,H,298.7,308.1,1320,47.8,134,0,0,0,0,0,0,Healthy,None
7820,M17819,M,301.5,312.8,1879,33.2,60,0,0,0,0,0,0,Healthy,None
7821,L17820,L,301.7,312.1,1576,30.2,14,0,0,0,0,0,0,Healthy,None
7822,L17821,L,301.2,310.7,1486,39.5,105,0,0,0,0,0,0,Healthy,None
7823,L17822,L,297.9,306.7,1607,63.7,8,1,0,0,1,0,0,Failure Risk,Power Failure
7824,M17823,M,299.1,308.1,1424,37.5,220,1,1,0,0,0,0,Failure Risk,Tool Wear Failure
7825,L17824,L,300.3,309.4,1168,37.9,59,0,0,0,0,0,0,Healthy,None
7826,H17825,H,298.3,308.3,1640,29.0,55,0,0,0,0,0,0,Healthy,None
7827,H17826,H,302.7,312.9,1778,43.8,215,1,1,0,0,0,0,Failure Risk,Tool Wear Failure
7828,L17827,L,295.2,305.1,1637,48.7,142,0,0,0,0,0,0,Healthy,None
7829,M17828,M,298.4,308.4,1536,34.0,84,0,0,0,0,0,0,Healthy,None
7830,L17829,L,299.0,307.9,1540,45.3,104,0,0,0,0,0,0,Healthy,None
7831,L17830,L,294.3,304.6,1568,34.1,87,0,0,0,0,0,0,Healthy,None
7832,L17831,L,297.2,308.5,1563,21.3,6,1,0,0,1,0,0,Failure Risk,Power Failure
7833,L17832,L,301.3,311.1,1527,44.5,23,0,0,0,0,0,0,Healthy,None
7834,H17833,H,300.1,309.9,1542,60.5,56,1,0,0,1,0,0,Failure Risk,Power Failure
7835,L17834,L,303.1,313.2,1816,28.2,214,1,1,0,0,0,0,Failure Risk,Tool Wear Failure
7836,L17835,L,303.1,314.2,1622,41.8,63,0,0,0,0,0,0,Healthy,None
7837,M17836,M,300.9,310.0,1556,53.0,24,0,0,0,0,0,0,Healthy,None
7838,M17837,M,300.6,312.1,1656,39.0,199,0,0,0,0,0,0,Healthy,None
7839,L17838,L,300.1,310.5,1656,25.9,161,0,0,0,0,0,0,Healthy,None
7840,H17839,H,294.7,304.7,1707,40.4,226,0,0,0,0,0,0,Healthy,None
7841,M17840,M,297.2,308.4,1402,54.8,53,0,0,0,0,0,0,Healthy,None
7842,L17841,L,300.2,309.0,1451,35.0,85,0,0,0,0,0,0,Healthy,None
7843,L17842,L,301.2,311.7,1392,42.3,246,1,1,0,0,0,0,Failure Risk,Tool Wear Failure
7844,L17843,L,300.6,311.0,1675,29.6,33,0,0,0,0,0,0,Healthy,None
7845,H17844,H,298.2,307.3,1666,39.0,155,0,0,0,0,0,0,Healthy,None
7846,M17845,M,301.9,312.4,1310,43.8,0,0,0,0,0,0,0,Healthy,None
7847,H17846,H,303.0,313.3,1607,41.2,250,0,0,0,0,0,0,Healthy,None
7848,L17847,L,301.9,311.7,1783,35.7,107,0,0,0,0,0,0,Healthy,None
7849,L17848,L,302.0,312.9,1495,44.4,36,0,0,0,0,0,0,Healthy,None
7850,L17849,L,298.9,308.3,1594,46.6,29,0,0,0,0,0,0,Healthy,None
7851,L17850,L,302.2,312.5,1668,47.3,250,1,0,0,0,1,0,Failure Risk,Overstrain Failure
7852,M17851,M,300.3,310.2,1301,37.1,113,0,0,0,0,0,0,Healthy,None
7853,M17852,M,301.0,310.4,1565,33.9,152,0,0,0,0,0,0,Healthy,None
7854,L17853,L,300.7,311.2,1765,59.4,242,1,1,0,1,1,0,Failure Risk,"Tool Wear Failure, Power Failure, Overstrain Failure"
7855,L17854,L,299.8,309.6,1431,41.4,187,0,0,0,0,0,0,Healthy,None
7856,L17855,L,298.3,306.8,1687,37.5,129,0,0,0,0,0,0,Healthy,None
7857,L17856,L,299.8,308.0,1542,25.4,155,0,0,0,0,0,0,Healthy,None
7858,L17857,L,302.0,312.8,1417,30.8,47,0,0,0,0,0,0,Healthy,None
7859,L17858,L,299.1,307.9,1520,33.6,155,0,0,0,0,0,0,Healthy,None
7860,L17859,L,301.8,312.1,1443,44.4,214,1,1,0,0,0,0,Failure Risk,Tool Wear Failure
7861,L17860,L,301.5,311.6,1378,36.5,101,0,0,0,0,0,0,Healthy,None
7862,L17861,L,299.4,309.0,1492,40.2,23,0,0,0,0,0,0,Healthy,None
7863,L17862,L,302.8,314.8,1550,25.8,248,0,0,0,0,0,0,Healthy,None
7864,M17863,M,299.3,309.5,1508,53.9,226,1,0,0,0,1,0,Failure Risk,Overstrain Failure
7865,L17864,L,303.0,313.8,1490,32.7,199,0,0,0,0,0,0,Healthy,None
7866,H17865,H,300.9,311.2,1578,42.3,227,1,1,0,0,0,0,Failure Risk,Tool Wear Failure
7867,L17866,L,300.0,309.8,1633,34.7,145,0,0,0,0,0,0,Healthy,None
7868,L17867,L,298.2,308.2,1333,36.9,19,0,0,0,0,0,0,Healthy,None
7869,L17868,L,299.8,311.3,1492,32.1,67,0,0,0,0,0,0,Healthy,None
7870,L17869,L,299.6,310.7,1184,42.9,7,0,0,0,0,0,0,Healthy,None
7871,H17870,H,297.5,309.5,1508,30.3,89,0,0,0,0,0,0,Healthy,None
7872,L17871,L,299.6,309.8,1564,43.1,55,0,0,0,0,0,0,Healthy,None
7873,H17872,H,298.4,307.5,1639,38.8,60,0,0,0,0,0,0,Healthy,None
7874,H17873,H,301.2,310.8,1565,46.2,38,0,0,0,0,0,0,Healthy,None
7875,M17874,M,302.6,311.4,1636,47.2,211,0,0,0,0,0,0,Healthy,None
7876,M17875,M,297.5,308.3,1549,36.9,17,0,0,0,0,0,0,Healthy,None
7877,M17876,M,303.4,312.8,1417,43.6,96,0,0,0,0,0,0,Healthy,None
7878,L17877,L,299.7,306.6,1338,35.6,58,1,0,1,0,0,0,Failure Risk,Heat Dissipation Failure
7879,M17878,M,298.0,310.5,1490,53.0,145,0,0,0,0,0,0,Healthy,None
7880,L17879,L,301.5,310.9,1400,36.4,97,0,0,0,0,0,0,Healthy,None
7881,L17880,L,299.1,308.5,1516,38.0,210,1,1,0,0,0,0,Failure Risk,Tool Wear Failure
7882,L17881,L,299.8,311.5,1449,35.4,41,0,0,0,0,0,0,Healthy,None
7883,M17882,M,299.2,308.0,1613,32.7,52,0,0,0,0,0,0,Healthy,None
7884,H17883,H,298.4,309.5,1546,60.1,32,1,0,0,1,0,0,Failure Risk,Power Failure
7885,L17884,L,301.4,310.8,1618,44.8,20,0,0,0,0,0,0,Healthy,None
7886,H17885,H,299.4,308.1,1617,40.7,198,0,0,0,0,0,0,Healthy,None
7887,L17886,L,297.1,308.8,1505,35.3,187,0,0,0,0,0,0,Healthy,None
7888,L17887,L,301.1,312.0,1516,51.0,141,0,0,0,0,0,0,Healthy,None
7889,L17888,L,297.6,308.5,1627,34.6,32,0,0,0,0,0,0,Healthy,None
7890,L17889,L,297.7,308.1,1975,41.2,131,0,0,0,0,0,0,Healthy,None
7891,L17890,L,302.4,313.0,1360,61.8,170,0,0,0,0,0,0,Healthy,None
7892,M17891,M,297.6,306.4,1545,30.5,129,0,0,0,0,0,0,Healthy,None
7893,H17892,H,295.4,305.5,1323,45.3,39,0,0,0,0,0,0,Healthy,None
7894,L17893,L,301.2,310.3,1534,42.9,49,0,0,0,0,0,0,Healthy,None
7895,L17894,L,299.4,308.0,1417,45.2,222,0,0,0,0,0,0,Healthy,None
7896,H17895,H,299.6,310.0,1516,37.2,62,0,0,0,0,0,0,Healthy,None
7897,M17896,M,299.4,310.6,1565,34.1,176,0,0,0,0,0,0,Healthy,None
7898,L17897,L,300.5,310.1,1450,42.2,109,0,0,0,0,0,0,Healthy,None
7899,L17898,L,298.5,308.3,1218,35.5,93,0,0,0,0,0,0,Healthy,None
7900,H17899,H,303.0,311.9,1793,16.9,63,1,0,0,1,0,0,Failure Risk,Power Failure
7901,M17900,M,297.0,307.0,1688,31.8,177,0,0,0,0,0,0,Healthy,None
7902,L17901,L,300.9,311.7,1514,36.9,137,0,0,0,0,0,0,Healthy,None
7903,L17902,L,301.3,312.1,1377,29.3,243,1,1,0,0,0,0,Failure Risk,Tool Wear Failure
7904,H17903,H,298.5,309.0,1553,41.5,84,0,0,0,0,0,0,Healthy,None
7905,L17904,L,298.0,307.4,1602,32.5,113,0,0,0,0,0,0,Healthy,None
7906,H17905,H,302.0,311.3,1675,39.6,115,0,0,0,0,0,0,Healthy,None
7907,L17906,L,298.0,308.8,1692,61.5,150,1,0,0,1,0,0,Failure Risk,Power Failure
7908,M17907,M,298.8,309.6,1726,52.1,36,1,0,0,1,0,0,Failure Risk,Power Failure
7909,L17908,L,301.8,311.6,1226,45.9,71,0,0,0,0,0,0,Healthy,None
7910,L17909,L,300.1,309.7,1483,57.9,137,0,0,0,0,0,0,Healthy,None
7911,H17910,H,296.4,307.6,1715,39.3,152,0,0,0,0,0,0,Healthy,None
7912,L17911,L,303.5,313.1,1372,39.4,32,0,0,0,0,0,0,Healthy,None
7913,M17912,M,298.9,309.6,1756,29.5,16,0,0,0,0,0,0,Healthy,None
7914,L17913,L,299.2,309.1,1862,52.7,114,1,0,0,1,0,0,Failure Risk,Power Failure
7915,L17914,L,300.5,309.5,1751,59.4,23,1,0,0,1,0,0,Failure Risk,Power Failure
7916,L17915,L,301.3,312.9,1656,49.0,176,0,0,0,0,0,0,Healthy,None
7917,M17916,M,303.9,314.0,1457,54.1,233,1,1,0,0,1,0,Failure Risk,"Tool Wear Failure, Overstrain Failure"
7918,L17917,L,296.7,306.0,1588,12.9,241,1,0,0,1,0,0,Failure Risk,Power Failure
7919,L17918,L,301.7,310.3,1297,63.2,29,0,0,0,0,0,0,Healthy,None
7920,L17919,L,301.5,310.2,1398,39.0,64,0,0,0,0,0,0,Healthy,None
7921,M17920,M,299.7,309.3,1410,63.3,125,1,0,0,1,0,0,Failure Risk,Power Failure
7922,M17921,M,301.6,313.5,1549,57.1,80,1,0,0,1,0,0,Failure Risk,Power Failure
7923,L17922,L,301.9,311.3,1467,47.6,27,0,0,0,0,0,0,Healthy,None
7924,L17923,L,297.2,308.6,1584,36.6,12,0,0,0,0,0,0,Healthy,None
7925,H17924,H,303.5,313.4,1695,41.6,184,0,0,0,0,0,0,Healthy,None
7926,L17925,L,296.9,305.7,1410,21.1,187,1,0,0,1,0,0,Failure Risk,Power Failure
7927,H17926,H,297.7,307.2,1564,49.2,137,0,0,0,0,0,0,Healthy,None
7928,H17927,H,299.5,308.2,1463,14.7,192,1,0,0,1,0,0,Failure Risk,Power Failure
7929,M17928,M,303.8,312.9,1572,37.0,83,0,0,0,0,0,0,Healthy,None
7930,L17929,L,299.4,308.5,1660,55.3,134,1,0,0,1,0,0,Failure Risk,Power Failure
7931,H17930,H,299.9,308.0,1702,47.1,187,0,0,0,0,0,0,Healthy,None
7932,M17931,M,302.9,314.4,1657,24.9,62,0,0,0,0,0,0,Healthy,None
7933,M17932,M,299.4,309.6,1612,26.7,223,0,0,0,0,0,0,Healthy,None
7934,L17933,L,297.6,306.9,1283,34.1,212,0,0,0,0,0,0,Healthy,None
7935,L17934,L,299.2,309.4,1344,40.8,25,0,0,0,0,0,0,Healthy,None
7936,L17935,L,302.7,311.9,1390,48.7,236,1,1,0,0,1,0,Failure Risk,"Tool Wear Failure, Overstrain Failure"
7937,M17936,M,300.1,307.4,1602,46.0,116,0,0,0,0,0,0,Healthy,None
7938,M17937,M,303.9,316.9,1306,29.5,198,0,0,0,0,0,0,Healthy,None
7939,L17938,L,301.5,311.7,1598,46.1,37,0,0,0,0,0,0,Healthy,None
7940,L17939,L,298.7,308.1,1585,47.2,53,0,0,0,0,0,0,Healthy,None
7941,L17940,L,300.1,308.2,1191,44.8,44,1,0,1,0,0,0,Failure Risk,Heat Dissipation Failure
7942,M17941,M,298.3,306.8,1343,64.5,231,1,0,1,1,1,0,Failure Risk,"Heat Dissipation Failure, Power Failure, Overstrain Failure"
7943,H17942,H,298.7,310.4,1724,47.2,111,0,0,0,0,0,0,Healthy,None
7944,L17943,L,309.0,320.5,1662,49.6,185,0,0,0,0,0,0,Healthy,None
7945,L17944,L,302.0,312.8,1385,58.6,168,0,0,0,0,0,0,Healthy,None
7946,L17945,L,301.7,310.6,1352,48.4,172,0,0,0,0,0,0,Healthy,None
7947,M17946,M,298.8,310.3,1168,34.5,218,0,0,0,0,0,0,Healthy,None
7948,M17947,M,303.1,313.5,1801,52.3,161,1,0,0,1,0,0,Failure Risk,Power Failure
7949,H17948,H,302.2,312.9,1545,36.0,75,0,0,0,0,0,0,Healthy,None
7950,L17949,L,303.8,314.2,1875,30.3,203,1,1,0,0,0,0,Failure Risk,Tool Wear Failure
7951,H17950,H,303.7,312.2,1503,31.1,57,0,0,0,0,0,0,Healthy,None
7952,L17951,L,297.0,305.8,1588,52.2,78,0,0,0,0,0,0,Healthy,None
7953,M17952,M,297.8,307.3,1697,46.1,211,0,0,0,0,0,0,Healthy,None
7954,L17953,L,298.0,308.6,1831,50.5,137,1,0,0,1,0,0,Failure Risk,Power Failure
7955,H17954,H,298.1,306.7,1627,46.2,248,0,0,0,0,0,0,Healthy,None
7956,M17955,M,300.6,310.4,1538,41.9,237,0,0,0,0,0,0,Healthy,None
7957,M17956,M,298.9,308.7,1543,43.1,125,0,0,0,0,0,0,Healthy,None
7958,H17957,H,304.1,314.9,1350,45.9,89,0,0,0,0,0,0,Healthy,None
7959,L17958,L,303.8,314.5,1469,34.0,144,0,0,0,0,0,0,Healthy,None
7960,L17959,L,300.0,309.0,1547,27.2,201,1,1,0,0,0,0,Failure Risk,Tool Wear Failure
7961,H17960,H,303.9,315.3,1785,35.2,60,0,0,0,0,0,0,Healthy,None
7962,L17961,L,303.0,311.8,1461,45.4,119,0,0,0,0,0,0,Healthy,None
7963,L17962,L,299.1,310.2,1728,33.6,10,0,0,0,0,0,0,Healthy,None
7964,L17963,L,296.0,305.4,1523,61.1,144,1,0,0,1,0,0,Failure Risk,Power Failure
7965,M17964,M,299.6,309.8,1760,44.4,202,0,0,0,0,0,0,Healthy,None
7966,L17965,L,298.7,308.9,1659,41.2,14,0,0,0,0,0,0,Healthy,None
7967,L17966,L,300.4,310.6,1647,34.0,3,0,0,0,0,0,0,Healthy,None
7968,L17967,L,300.2,310.9,1713,49.1,88,0,0,0,0,0,0,Healthy,None
7969,L17968,L,300.1,310.5,1687,28.0,227,0,0,0,0,0,0,Healthy,None
7970,H17969,H,301.0,311.8,1728,43.1,180,0,0,0,0,0,0,Healthy,None
7971,H17970,H,297.6,308.1,1919,35.7,174,0,0,0,0,0,0,Healthy,None
7972,M17971,M,300.8,309.5,1827,41.2,222,0,0,0,0,0,0,Healthy,None
7973,L17972,L,299.1,309.4,1621,44.8,45,0,0,0,0,0,0,Healthy,None
7974,H17973,H,300.4,309.8,1458,28.7,156,0,0,0,0,0,0,Healthy,None
7975,M17974,M,301.9,310.8,1603,23.5,30,0,0,0,0,0,0,Healthy,None
7976,L17975,L,297.6,307.3,1193,30.8,72,0,0,0,0,0,0,Healthy,None
7977,H17976,H,299.4,309.6,1686,48.7,47,0,0,0,0,0,0,Healthy,None
7978,M17977,M,299.8,310.0,1348,43.7,183,0,0,0,0,0,0,Healthy,None
7979,M17978,M,299.0,310.1,1738,36.0,192,0,0,0,0,0,0,Healthy,None
7980,M17979,M,301.8,313.1,1892,59.5,130,1,0,0,1,0,0,Failure Risk,Power Failure
7981,L17980,L,298.6,308.9,1278,52.7,3,0,0,0,0,0,0,Healthy,None
7982,L17981,L,298.9,309.4,1528,50.3,18,0,0,0,0,0,0,Healthy,None
7983,M17982,M,298.6,308.7,1347,32.8,168,0,0,0,0,0,0,Healthy,None
7984,L17983,L,302.2,313.0,1228,50.2,149,0,0,0,0,0,0,Healthy,None
7985,L17984,L,299.0,309.5,1518,43.4,114,0,0,0,0,0,0,Healthy,None
7986,M17985,M,300.9,310.8,1651,32.8,199,0,0,0,0,0,0,Healthy,None
7987,M17986,M,304.0,316.2,1673,39.0,24,0,0,0,0,0,0,Healthy,None
7988,L17987,L,299.9,309.4,1565,29.7,249,0,0,0,0,0,0,Healthy,None
7989,M17988,M,302.2,313.7,1240,32.9,131,0,0,0,0,0,0,Healthy,None
7990,H17989,H,303.3,311.9,1560,28.7,236,0,0,0,0,0,0,Healthy,None
7991,M17990,M,302.1,312.9,1270,49.5,52,0,0,0,0,0,0,Healthy,None
7992,L17991,L,300.0,311.4,1282,39.3,178,0,0,0,0,0,0,Healthy,None
7993,L17992,L,301.3,309.4,1359,30.7,205,1,0,1,0,0,0,Failure Risk,Heat Dissipation Failure
7994,L17993,L,297.4,307.5,1725,45.1,4,0,0,0,0,0,0,Healthy,None
7995,L17994,L,298.4,309.1,1635,40.0,49,0,0,0,0,0,0,Healthy,None
7996,L17995,L,298.8,309.1,1595,50.4,177,0,0,0,0,0,0,Healthy,None
7997,L17996,L,304.5,314.9,1383,41.3,58,0,0,0,0,0,0,Healthy,None
7998,L17997,L,298.4,308.5,1468,25.8,92,0,0,0,0,0,0,Healthy,None
7999,H17998,H,298.3,307.2,1292,35.1,148,0,0,0,0,0,0,Healthy,None
8000,L17999,L,297.9,310.3,1782,28.5,78,0,0,0,0,0,0,Healthy,None
8001,M18000,M,301.1,310.6,1931,45.6,150,1,0,0,1,0,0,Failure Risk,Power Failure
8002,M18001,M,300.3,310.7,1637,50.7,80,0,0,0,0,0,0,Healthy,None
8003,L18002,L,302.2,311.6,1668,24.7,130,0,0,0,0,0,0,Healthy,None
8004,H18003,H,301.3,309.0,1509,38.8,224,0,0,0,0,0,0,Healthy,None
8005,M18004,M,297.2,306.3,1248,51.4,247,1,1,0,0,1,0,Failure Risk,"Tool Wear Failure, Overstrain Failure"
8006,L18005,L,298.4,307.0,1386,24.6,49,0,0,0,0,0,0,Healthy,None
8007,M18006,M,302.7,313.8,1454,35.7,53,0,0,0,0,0,0,Healthy,None
8008,L18007,L,299.6,309.0,1469,40.0,90,0,0,0,0,0,0,Healthy,None
8009,M18008,M,302.4,311.9,1427,50.6,143,0,0,0,0,0,0,Healthy,None
8010,L18009,L,299.7,308.6,1546,45.4,5,0,0,0,0,0,0,Healthy,None
8011,H18010,H,298.1,308.2,1385,47.4,40,0,0,0,0,0,0,Healthy,None
8012,L18011,L,299.4,308.7,1926,46.0,181,1,0,0,1,0,0,Failure Risk,Power Failure
8013,M18012,M,298.1,309.1,1293,36.3,9,0,0,0,0,0,0,Healthy,None
8014,L18013,L,298.9,309.2,1696,56.3,117,1,0,0,1,0,0,Failure Risk,Power Failure
8015,M18014,M,300.4,309.8,1491,33.4,156,0,0,0,0,0,0,Healthy,None
8016,M18015,M,301.0,311.9,1620,12.5,186,1,0,0,1,0,0,Failure Risk,Power Failure
8017,L18016,L,296.8,306.8,1628,22.2,80,0,0,0,0,0,0,Healthy,None
8018,M18017,M,300.0,310.0,1566,38.8,102,0,0,0,0,0,0,Healthy,None
8019,L18018,L,298.8,307.3,1335,36.7,173,1,0,1,0,0,0,Failure Risk,Heat Dissipation Failure
8020,H18019,H,298.7,308.6,1478,34.7,205,0,0,0,0,0,0,Healthy,None
8021,L18020,L,300.3,310.6,1568,41.5,139,0,0,0,0,0,0,Healthy,None
8022,H18021,H,298.9,310.2,1557,51.9,229,1,1,0,0,0,0,Failure Risk,Tool Wear Failure
8023,H18022,H,302.8,312.0,1354,44.5,156,0,0,0,0,0,0,Healthy,None
8024,L18023,L,302.4,314.7,1769,46.4,77,0,0,0,0,0,0,Healthy,None
8025,L18024,L,302.4,313.0,1168,29.3,199,0,0,0,0,0,0,Healthy,None
8026,L18025,L,299.0,307.5,1493,34.9,48,0,0,0,0,0,0,Healthy,None
8027,H18026,H,298.1,307.3,1373,46.9,231,0,0,0,0,0,0,Healthy,None
8028,L18027,L,300.2,311.6,1570,41.1,167,0,0,0,0,0,0,Healthy,None
8029,M18028,M,299.7,310.9,1719,44.7,208,1,1,0,0,0,0,Failure Risk,Tool Wear Failure
8030,H18029,H,298.8,308.8,1286,46.1,42,0,0,0,0,0,0,Healthy,None
8031,L18030,L,297.6,307.7,1959,41.6,102,0,0,0,0,0,0,Healthy,None
8032,M18031,M,299.9,308.7,1574,55.7,86,1,0,0,1,0,0,Failure Risk,Power Failure
8033,L18032,L,299.2,310.5,1606,34.7,6,0,0,0,0,0,0,Healthy,None
8034,L18033,L,301.4,310.4,1280,31.9,139,0,0,0,0,0,0,Healthy,None
8035,M18034,M,301.3,312.1,1529,22.5,207,0,0,0,0,0,0,Healthy,None
8036,L18035,L,302.2,313.6,1711,47.4,12,0,0,0,0,0,0,Healthy,None
8037,L18036,L,297.5,307.5,1575,34.4,188,0,0,0,0,0,0,Healthy,None
8038,H18037,H,300.8,311.8,1563,52.5,126,0,0,0,0,0,0,Healthy,None
8039,L18038,L,298.5,310.3,1528,42.5,174,0,0,0,0,0,0,Healthy,None
8040,H18039,H,297.6,307.9,1291,36.6,146,0,0,0,0,0,0,Healthy,None
8041,H18040,H,299.1,308.9,1290,29.6,130,0,0,0,0,0,0,Healthy,None
8042,L18041,L,302.1,312.0,1747,48.4,106,0,0,0,0,0,0,Healthy,None
8043,L18042,L,299.3,308.6,1695,39.5,119,0,0,0,0,0,0,Healthy,None
8044,M18043,M,303.1,312.3,1722,42.7,199,0,0,0,0,0,0,Healthy,None
8045,L18044,L,301.1,311.5,1390,46.0,167,0,0,0,0,0,0,Healthy,None
8046,L18045,L,299.2,309.0,1509,42.6,11,0,0,0,0,0,0,Healthy,None
8047,M18046,M,302.3,312.6,1758,31.6,158,0,0,0,0,0,0,Healthy,None
8048,L18047,L,300.9,309.4,1318,45.2,127,1,0,1,0,0,0,Failure Risk,Heat Dissipation Failure
8049,H18048,H,298.1,308.0,1740,48.1,162,0,0,0,0,0,0,Healthy,None
8050,L18049,L,303.7,314.7,1433,43.6,83,0,0,0,0,0,0,Healthy,None
8051,L18050,L,300.5,309.4,1384,46.3,219,0,0,0,0,0,0,Healthy,None
8052,L18051,L,300.0,310.0,1532,47.2,65,0,0,0,0,0,0,Healthy,None
8053,H18052,H,298.3,306.4,1338,36.1,26,1,0,1,0,0,0,Failure Risk,Heat Dissipation Failure
8054,M18053,M,302.4,311.1,1198,35.7,2,0,0,0,0,0,0,Healthy,None
8055,H18054,H,301.0,311.8,1551,62.0,47,1,0,0,1,0,0,Failure Risk,Power Failure
8056,L18055,L,301.3,311.0,1633,53.1,148,1,0,0,1,0,0,Failure Risk,Power Failure
8057,L18056,L,299.0,310.8,1755,39.5,114,0,0,0,0,0,0,Healthy,None
8058,L18057,L,301.7,312.1,1646,46.8,51,0,0,0,0,0,0,Healthy,None
8059,L18058,L,301.8,312.3,1889,30.7,134,0,0,0,0,0,0,Healthy,None
8060,M18059,M,298.7,307.6,1781,34.1,50,0,0,0,0,0,0,Healthy,None
8061,M18060,M,297.2,306.8,1670,27.7,224,1,1,0,0,0,0,Failure Risk,Tool Wear Failure
8062,L18061,L,301.2,310.5,1621,42.8,44,0,0,0,0,0,0,Healthy,None
8063,H18062,H,296.9,305.8,1758,42.9,45,0,0,0,0,0,0,Healthy,None
8064,L18063,L,300.3,311.0,1168,50.7,32,0,0,0,0,0,0,Healthy,None
8065,H18064,H,299.1,310.0,1452,37.9,35,0,0,0,0,0,0,Healthy,None
8066,L18065,L,302.4,312.8,1205,50.6,16,0,0,0,0,0,0,Healthy,None
8067,L18066,L,299.2,308.4,1656,46.5,133,0,0,0,0,0,0,Healthy,None
8068,L18067,L,302.2,312.5,1405,64.3,115,1,0,0,1,0,0,Failure Risk,Power Failure
8069,L18068,L,299.0,307.1,2078,56.5,148,1,0,0,1,0,0,Failure Risk,Power Failure
8070,M18069,M,302.0,313.3,1445,54.8,37,0,0,0,0,0,0,Healthy,None
8071,L18070,L,304.1,312.8,1557,48.3,161,0,0,0,0,0,0,Healthy,None
8072,L18071,L,297.9,306.8,1465,31.1,48,0,0,0,0,0,0,Healthy,None
8073,M18072,M,300.6,310.7,1450,42.9,60,0,0,0,0,0,0,Healthy,None
8074,M18073,M,305.5,315.7,1314,62.3,57,0,0,0,0,0,0,Healthy,None
8075,H18074,H,300.1,310.0,1308,45.0,239,0,0,0,0,0,0,Healthy,None
8076,L18075,L,300.1,309.0,1168,31.9,75,0,0,0,0,0,0,Healthy,None
8077,M18076,M,301.6,312.7,1635,43.3,11,0,0,0,0,0,0,Healthy,None
8078,M18077,M,300.1,308.4,1461,30.2,145,0,0,0,0,0,0,Healthy,None
8079,L18078,L,296.6,305.1,1884,31.5,189,0,0,0,0,0,0,Healthy,None
8080,L18079,L,302.3,312.2,1315,44.1,239,1,1,0,0,0,0,Failure Risk,Tool Wear Failure
8081,L18080,L,296.0,304.7,1802,47.3,5,0,0,0,0,0,0,Healthy,None
8082,L18081,L,299.2,310.4,1819,32.1,204,0,0,0,0,0,0,Healthy,None
8083,L18082,L,302.4,311.2,1766,34.5,94,0,0,0,0,0,0,Healthy,None
8084,L18083,L,299.3,310.9,1580,25.9,249,1,1,0,0,0,0,Failure Risk,Tool Wear Failure
8085,M18084,M,298.6,309.6,1477,38.7,88,0,0,0,0,0,0,Healthy,None
8086,M18085,M,301.8,313.0,1766,20.7,175,0,0,0,0,0,0,Healthy,None
8087,H18086,H,298.3,310.2,1396,37.0,87,0,0,0,0,0,0,Healthy,None
8088,M18087,M,297.6,307.7,1586,40.8,105,0,0,0,0,0,0,Healthy,None
8089,L18088,L,300.5,309.5,1530,22.6,10,0,0,0,0,0,0,Healthy,None
8090,H18089,H,299.6,309.5,1378,30.0,160,0,0,0,0,0,0,Healthy,None
8091,H18090,H,297.5,306.9,1587,39.4,20,0,0,0,0,0,0,Healthy,None
8092,L18091,L,301.3,310.6,1670,38.1,230,1,1,0,0,0,0,Failure Risk,Tool Wear Failure
8093,M18092,M,300.9,311.1,1371,38.5,151,0,0,0,0,0,0,Healthy,None
8094,H18093,H,299.3,309.0,1620,42.9,54,0,0,0,0,0,0,Healthy,None
8095,M18094,M,299.4,308.6,1168,23.5,176,1,0,0,1,0,0,Failure Risk,Power Failure
8096,H18095,H,300.9,310.7,1350,47.0,235,1,1,0,0,0,0,Failure Risk,Tool Wear Failure
8097,L18096,L,302.4,312.9,1456,36.8,115,0,0,0,0,0,0,Healthy,None
8098,L18097,L,299.4,310.4,1601,34.1,211,1,1,0,0,0,0,Failure Risk,Tool Wear Failure
8099,L18098,L,301.3,309.7,1693,21.5,238,0,0,0,0,0,0,Healthy,None
8100,M18099,M,301.1,310.8,1552,37.4,8,0,0,0,0,0,0,Healthy,None
8101,H18100,H,301.8,311.7,1639,45.1,94,0,0,0,0,0,0,Healthy,None
8102,H18101,H,300.1,308.9,1509,41.4,219,0,0,0,0,0,0,Healthy,None
8103,L18102,L,298.2,308.1,1610,41.7,117,0,0,0,0,0,0,Healthy,None
8104,L18103,L,299.1,309.2,1600,36.6,37,0,0,0,0,0,0,Healthy,None
8105,H18104,H,300.7,311.2,1446,39.4,132,0,0,0,0,0,0,Healthy,None
8106,M18105,M,303.6,313.7,1474,29.0,100,0,0,0,0,0,0,Healthy,None
8107,L18106,L,299.0,308.1,1645,40.0,168,0,0,0,0,0,0,Healthy,None
8108,L18107,L,301.6,313.6,1862,35.1,161,0,0,0,0,0,0,Healthy,None
8109,M18108,M,299.3,310.1,1754,28.9,201,0,0,0,0,0,0,Healthy,None
8110,M18109,M,300.2,310.8,1335,47.5,95,0,0,0,0,0,0,Healthy,None
8111,L18110,L,303.0,314.0,1336,24.4,100,1,0,0,1,0,0,Failure Risk,Power Failure
8112,L18111,L,301.5,311.7,1442,45.2,190,0,0,0,0,0,0,Healthy,None
8113,H18112,H,297.5,308.8,1555,45.8,144,0,0,0,0,0,0,Healthy,None
8114,M18113,M,298.9,309.0,1546,34.8,180,0,0,0,0,0,0,Healthy,None
8115,L18114,L,302.5,312.5,1760,50.2,35,1,0,0,1,0,0,Failure Risk,Power Failure
8116,L18115,L,300.3,310.9,1769,34.6,35,0,0,0,0,0,0,Healthy,None
8117,M18116,M,297.7,309.3,1539,33.9,140,0,0,0,0,0,0,Healthy,None
8118,L18117,L,298.4,309.9,1497,28.1,19,0,0,0,0,0,0,Healthy,None
8119,L18118,L,301.4,312.0,1630,39.9,50,0,0,0,0,0,0,Healthy,None
8120,M18119,M,302.0,312.5,1728,30.5,229,0,0,0,0,0,0,Healthy,None
8121,L18120,L,300.0,310.7,1636,32.2,210,0,0,0,0,0,0,Healthy,None
8122,M18121,M,305.0,316.0,1460,39.4,213,0,0,0,0,0,0,Healthy,None
8123,L18122,L,301.6,312.9,1428,39.8,15,0,0,0,0,0,0,Healthy,None
8124,M18123,M,299.5,309.3,1339,52.4,5,0,0,0,0,0,0,Healthy,None
8125,L18124,L,298.4,309.7,1572,49.2,202,1,1,0,0,0,0,Failure Risk,Tool Wear Failure
8126,L18125,L,298.1,308.4,1649,45.5,137,0,0,0,0,0,0,Healthy,None
8127,L18126,L,300.7,311.4,1669,38.5,158,0,0,0,0,0,0,Healthy,None
8128,H18127,H,299.0,310.4,1744,36.0,145,0,0,0,0,0,0,Healthy,None
8129,H18128,H,303.3,314.0,1802,39.7,95,0,0,0,0,0,0,Healthy,None
8130,L18129,L,302.9,313.8,1291,34.5,168,0,0,0,0,0,0,Healthy,None
8131,M18130,M,301.3,310.9,1610,33.1,105,0,0,0,0,0,0,Healthy,None
8132,M18131,M,297.6,309.1,1616,39.2,46,0,0,0,0,0,0,Healthy,None
8133,H18132,H,298.7,309.4,1524,31.3,23,0,0,0,0,0,0,Healthy,None
8134,L18133,L,302.5,312.6,1389,31.9,109,0,0,0,0,0,0,Healthy,None
8135,M18134,M,298.9,310.0,1796,49.5,207,1,0,0,1,0,0,Failure Risk,Power Failure
8136,L18135,L,302.2,314.8,1432,26.3,92,0,0,0,0,0,0,Healthy,None
8137,L18136,L,300.9,309.7,1168,29.7,230,1,1,0,0,0,0,Failure Risk,Tool Wear Failure
8138,H18137,H,300.1,309.3,1541,52.6,216,0,0,0,0,0,0,Healthy,None
8139,M18138,M,298.6,311.3,1495,36.1,103,0,0,0,0,0,0,Healthy,None
8140,L18139,L,299.8,310.2,1870,53.6,216,1,1,0,1,1,0,Failure Risk,"Tool Wear Failure, Power Failure, Overstrain Failure"
8141,L18140,L,300.4,310.6,1625,28.4,167,0,0,0,0,0,0,Healthy,None
8142,M18141,M,302.1,312.0,1483,40.7,44,0,0,0,0,0,0,Healthy,None
8143,M18142,M,298.2,309.4,1502,47.6,82,0,0,0,0,0,0,Healthy,None
8144,L18143,L,299.5,312.1,1500,31.0,201,1,1,0,0,0,0,Failure Risk,Tool Wear Failure
8145,H18144,H,300.1,309.4,1934,56.6,0,1,0,0,1,0,0,Failure Risk,Power Failure
8146,L18145,L,301.3,311.2,1658,36.1,26,0,0,0,0,0,0,Healthy,None
8147,L18146,L,298.2,307.8,1286,45.0,21,0,0,0,0,0,0,Healthy,None
8148,H18147,H,297.4,308.1,1494,33.3,27,0,0,0,0,0,0,Healthy,None
8149,L18148,L,301.3,312.5,1533,54.8,175,0,0,0,0,0,0,Healthy,None
8150,L18149,L,297.0,308.6,1339,43.0,34,0,0,0,0,0,0,Healthy,None
8151,M18150,M,302.6,313.4,1218,60.8,2,0,0,0,0,0,0,Healthy,None
8152,H18151,H,299.7,312.2,1644,51.7,165,0,0,0,0,0,0,Healthy,None
8153,L18152,L,296.9,306.3,1393,48.3,217,0,0,0,0,0,0,Healthy,None
8154,H18153,H,299.0,308.2,1761,30.5,43,0,0,0,0,0,0,Healthy,None
8155,M18154,M,300.8,312.3,1539,40.8,248,1,1,0,0,0,0,Failure Risk,Tool Wear Failure
8156,L18155,L,298.9,309.0,1453,36.9,132,0,0,0,0,0,0,Healthy,None
8157,M18156,M,300.0,308.6,1168,40.3,239,0,0,0,0,0,0,Healthy,None
8158,L18157,L,301.5,311.2,1756,41.5,240,0,0,0,0,0,0,Healthy,None
8159,L18158,L,299.6,309.9,1590,31.1,201,0,0,0,0,0,0,Healthy,None
8160,M18159,M,298.1,307.5,1457,38.5,134,0,0,0,0,0,0,Healthy,None
8161,H18160,H,299.4,308.4,1378,39.0,221,1,1,0,0,0,0,Failure Risk,Tool Wear Failure
8162,L18161,L,302.8,312.6,1824,30.0,216,0,0,0,0,0,0,Healthy,None
8163,L18162,L,303.4,312.3,1347,47.9,169,0,0,0,0,0,0,Healthy,None
8164,L18163,L,296.0,306.6,1472,42.2,97,0,0,0,0,0,0,Healthy,None
8165,L18164,L,302.2,310.3,1639,48.1,110,0,0,0,0,0,0,Healthy,None
8166,L18165,L,300.5,310.6,1797,44.8,56,0,0,0,0,0,0,Healthy,None
8167,L18166,L,301.8,312.3,1499,23.0,84,0,0,0,0,0,0,Healthy,None
8168,M18167,M,298.9,308.8,1406,31.8,156,0,0,0,0,0,0,Healthy,None
8169,L18168,L,296.5,307.6,1518,56.4,80,0,0,0,0,0,0,Healthy,None
8170,L18169,L,301.2,309.8,1699,47.8,190,0,0,0,0,0,0,Healthy,None
8171,H18170,H,298.1,307.4,1740,23.9,163,0,0,0,0,0,0,Healthy,None
8172,H18171,H,297.2,306.9,1291,44.7,167,0,0,0,0,0,0,Healthy,None
8173,L18172,L,297.4,308.1,1558,31.8,242,1,1,0,0,0,0,Failure Risk,Tool Wear Failure
8174,L18173,L,301.2,311.4,1281,19.2,20,1,0,0,1,0,0,Failure Risk,Power Failure
8175,M18174,M,300.3,312.4,1696,56.4,97,1,0,0,1,0,0,Failure Risk,Power Failure
8176,L18175,L,301.6,310.8,1613,40.7,180,0,0,0,0,0,0,Healthy,None
8177,L18176,L,301.3,309.9,1373,42.1,143,1,0,1,0,0,0,Failure Risk,Heat Dissipation Failure
8178,M18177,M,299.2,311.0,1812,27.6,173,0,0,0,0,0,0,Healthy,None
8179,L18178,L,299.9,308.5,1597,28.6,235,1,1,0,0,0,0,Failure Risk,Tool Wear Failure
8180,L18179,L,299.0,309.7,1578,24.2,136,0,0,0,0,0,0,Healthy,None
8181,L18180,L,299.6,308.6,1505,54.0,235,1,0,0,0,1,0,Failure Risk,Overstrain Failure
8182,L18181,L,298.1,306.0,1536,23.7,2,0,0,0,0,0,0,Healthy,None
8183,L18182,L,300.8,310.4,1469,56.0,22,0,0,0,0,0,0,Healthy,None
8184,H18183,H,302.2,313.1,1405,30.2,140,0,0,0,0,0,0,Healthy,None
8185,L18184,L,298.4,307.2,1758,27.8,37,0,0,0,0,0,0,Healthy,None
8186,L18185,L,302.6,313.2,1449,39.5,161,0,0,0,0,0,0,Healthy,None
8187,L18186,L,300.2,311.0,1443,33.2,221,1,1,0,0,0,0,Failure Risk,Tool Wear Failure
8188,H18187,H,300.5,309.2,1514,41.0,230,0,0,0,0,0,0,Healthy,None
8189,M18188,M,296.6,306.4,1792,31.3,153,0,0,0,0,0,0,Healthy,None
8190,L18189,L,296.4,308.0,1740,36.9,159,0,0,0,0,0,0,Healthy,None
8191,H18190,H,300.3,311.0,1467,32.5,19,0,0,0,0,0,0,Healthy,None
8192,L18191,L,301.6,311.3,1757,48.5,45,0,0,0,0,0,0,Healthy,None
8193,L18192,L,298.7,309.1,1557,45.1,101,0,0,0,0,0,0,Healthy,None
8194,L18193,L,303.3,312.6,1387,42.5,54,0,0,0,0,0,0,Healthy,None
8195,L18194,L,301.5,312.6,1452,50.4,136,0,0,0,0,0,0,Healthy,None
8196,L18195,L,298.2,309.3,1783,42.6,230,1,1,0,0,0,0,Failure Risk,Tool Wear Failure
8197,M18196,M,300.1,310.2,1910,41.8,50,0,0,0,0,0,0,Healthy,None
8198,L18197,L,305.0,315.2,1595,38.8,56,0,0,0,0,0,0,Healthy,None
8199,M18198,M,297.5,306.5,1436,32.9,79,0,0,0,0,0,0,Healthy,None
8200,L18199,L,301.1,309.7,1515,32.9,172,0,0,0,0,0,0,Healthy,None
8201,L18200,L,299.4,309.0,1401,41.5,165,0,0,0,0,0,0,Healthy,None
8202,L18201,L,301.4,311.3,1427,50.1,67,0,0,0,0,0,0,Healthy,None
8203,H18202,H,302.5,313.6,1410,45.6,139,0,0,0,0,0,0,Healthy,None
8204,L18203,L,299.2,310.1,1523,45.6,217,0,0,0,0,0,0,Healthy,None
8205,M18204,M,302.2,312.4,1559,29.0,116,0,0,0,0,0,0,Healthy,None
8206,L18205,L,304.4,315.6,1511,45.2,137,0,0,0,0,0,0,Healthy,None
8207,L18206,L,300.1,309.2,1498,36.0,207,0,0,0,0,0,0,Healthy,None
8208,L18207,L,301.6,312.7,1674,41.7,64,0,0,0,0,0,0,Healthy,None
8209,L18208,L,298.8,308.0,1496,45.5,11,0,0,0,0,0,0,Healthy,None
8210,L18209,L,300.0,311.2,1508,28.6,179,0,0,0,0,0,0,Healthy,None
8211,L18210,L,299.6,309.6,1506,41.6,50,0,0,0,0,0,0,Healthy,None
8212,M18211,M,301.6,309.6,1814,42.3,213,0,0,0,0,0,0,Healthy,None
8213,L18212,L,302.4,313.1,1450,49.9,63,0,0,0,0,0,0,Healthy,None
8214,M18213,M,299.8,310.6,1644,34.9,184,0,0,0,0,0,0,Healthy,None
8215,L18214,L,303.1,312.6,1404,39.4,92,0,0,0,0,0,0,Healthy,None
8216,M18215,M,303.1,312.7,1600,41.7,18,0,0,0,0,0,0,Healthy,None
8217,M18216,M,301.7,311.5,1635,34.9,157,0,0,0,0,0,0,Healthy,None
8218,L18217,L,299.0,307.1,1732,34.7,219,0,0,0,0,0,0,Healthy,None
8219,L18218,L,298.8,306.4,1469,34.3,212,0,0,0,0,0,0,Healthy,None
8220,M18219,M,298.4,309.7,1338,38.7,81,0,0,0,0,0,0,Healthy,None
8221,H18220,H,301.9,311.1,1397,57.3,232,1,0,0,0,1,0,Failure Risk,Overstrain Failure
8222,L18221,L,297.6,309.5,1710,39.1,23,0,0,0,0,0,0,Healthy,None
8223,L18222,L,301.4,312.8,1910,44.8,25,0,0,0,0,0,0,Healthy,None
8224,H18223,H,297.8,309.4,1687,40.3,35,0,0,0,0,0,0,Healthy,None
8225,L18224,L,301.6,310.9,1312,37.0,106,0,0,0,0,0,0,Healthy,None
8226,M18225,M,300.0,308.4,1681,39.8,55,0,0,0,0,0,0,Healthy,None
8227,L18226,L,302.7,311.6,1369,47.6,207,0,0,0,0,0,0,Healthy,None
8228,L18227,L,302.3,311.9,1475,39.5,57,0,0,0,0,0,0,Healthy,None
8229,M18228,M,302.9,310.5,1571,38.4,243,0,0,0,0,0,0,Healthy,None
8230,M18229,M,302.9,312.4,1601,37.7,31,0,0,0,0,0,0,Healthy,None
8231,L18230,L,300.3,310.1,1549,30.2,1,0,0,0,0,0,0,Healthy,None
8232,L18231,L,297.7,306.4,1430,50.3,200,0,0,0,0,0,0,Healthy,None
8233,M18232,M,297.9,306.9,1727,35.6,81,0,0,0,0,0,0,Healthy,None
8234,M18233,M,295.8,305.6,1443,54.5,176,0,0,0,0,0,0,Healthy,None
8235,L18234,L,297.8,308.2,1762,42.4,240,0,0,0,0,0,0,Healthy,None
8236,M18235,M,300.1,309.2,1294,53.9,173,0,0,0,0,0,0,Healthy,None
8237,M18236,M,298.9,309.2,1576,38.0,236,0,0,0,0,0,0,Healthy,None
8238,M18237,M,299.6,309.7,1318,32.7,82,0,0,0,0,0,0,Healthy,None
8239,M18238,M,301.0,311.0,1388,50.3,121,0,0,0,0,0,0,Healthy,None
8240,L18239,L,299.4,308.7,1446,34.4,54,0,0,0,0,0,0,Healthy,None
8241,M18240,M,297.8,306.5,1810,52.7,229,1,0,0,1,1,0,Failure Risk,"Power Failure, Overstrain Failure"
8242,M18241,M,299.9,311.6,1772,45.7,11,0,0,0,0,0,0,Healthy,None
8243,L18242,L,298.2,308.8,1694,54.5,204,1,0,0,1,1,0,Failure Risk,"Power Failure, Overstrain Failure"
8244,L18243,L,299.5,310.5,1543,30.3,190,0,0,0,0,0,0,Healthy,None
8245,L18244,L,302.7,312.6,1571,49.5,162,0,0,0,0,0,0,Healthy,None
8246,M18245,M,299.5,309.3,1764,32.6,239,0,0,0,0,0,0,Healthy,None
8247,L18246,L,303.5,314.0,1663,16.3,116,1,0,0,1,0,0,Failure Risk,Power Failure
8248,M18247,M,302.9,311.1,1541,48.9,73,0,0,0,0,0,0,Healthy,None
8249,H18248,H,298.8,307.7,1804,39.9,149,0,0,0,0,0,0,Healthy,None
8250,M18249,M,297.8,307.0,1683,49.5,9,0,0,0,0,0,0,Healthy,None
8251,H18250,H,299.9,309.4,1581,40.9,49,0,0,0,0,0,0,Healthy,None
8252,H18251,H,302.3,311.4,1455,40.2,162,0,0,0,0,0,0,Healthy,None
8253,L18252,L,299.0,309.3,1439,54.8,236,1,0,0,0,1,0,Failure Risk,Overstrain Failure
8254,M18253,M,301.8,311.9,1477,41.2,143,0,0,0,0,0,0,Healthy,None
8255,L18254,L,302.4,313.8,1619,35.3,35,0,0,0,0,0,0,Healthy,None
8256,H18255,H,298.5,311.0,1687,39.1,247,1,1,0,0,0,0,Failure Risk,Tool Wear Failure
8257,L18256,L,298.6,307.3,1279,41.6,60,0,0,0,0,0,0,Healthy,None
8258,H18257,H,301.4,311.5,1189,11.8,74,1,0,0,1,0,0,Failure Risk,Power Failure
8259,M18258,M,300.3,310.4,1367,44.9,16,0,0,0,0,0,0,Healthy,None
8260,M18259,M,298.6,308.6,1465,53.5,88,0,0,0,0,0,0,Healthy,None
8261,L18260,L,299.3,308.2,1752,39.5,128,0,0,0,0,0,0,Healthy,None
8262,L18261,L,299.9,309.0,1487,35.8,11,0,0,0,0,0,0,Healthy,None
8263,M18262,M,296.9,307.1,1583,43.8,2,0,0,0,0,0,0,Healthy,None
8264,L18263,L,301.5,310.6,1612,57.3,114,1,0,0,1,0,0,Failure Risk,Power Failure
8265,H18264,H,299.0,309.2,1354,44.6,72,0,0,0,0,0,0,Healthy,None
8266,L18265,L,294.4,304.2,1799,42.1,82,0,0,0,0,0,0,Healthy,None
8267,M18266,M,300.0,310.1,1418,36.1,146,0,0,0,0,0,0,Healthy,None
8268,L18267,L,298.5,307.5,1817,29.4,126,0,0,0,0,0,0,Healthy,None
8269,M18268,M,303.4,313.6,1515,40.2,113,0,0,0,0,0,0,Healthy,None
8270,M18269,M,298.8,307.9,1477,40.4,83,0,0,0,0,0,0,Healthy,None
8271,L18270,L,297.8,308.0,1339,20.9,74,1,0,0,1,0,0,Failure Risk,Power Failure
8272,L18271,L,301.0,312.3,1573,32.8,215,0,0,0,0,0,0,Healthy,None
8273,L18272,L,298.7,309.0,1941,51.5,21,1,0,0,1,0,1,Failure Risk,"Power Failure, Random Failure"
8274,M18273,M,298.4,308.7,1612,37.4,0,0,0,0,0,0,0,Healthy,None
8275,M18274,M,301.0,311.8,1586,15.7,52,1,0,0,1,0,0,Failure Risk,Power Failure
8276,M18275,M,297.9,306.5,1418,55.9,252,1,0,0,0,1,0,Failure Risk,Overstrain Failure
8277,M18276,M,297.1,308.8,1643,31.2,171,0,0,0,0,0,0,Healthy,None
8278,L18277,L,303.5,312.4,1566,35.3,234,0,0,0,0,0,0,Healthy,None
8279,L18278,L,301.2,312.1,1526,50.5,9,0,0,0,0,0,0,Healthy,None
8280,L18279,L,299.5,310.2,1626,32.7,202,1,1,0,0,0,0,Failure Risk,Tool Wear Failure
8281,L18280,L,300.0,309.1,1212,20.5,7,1,0,0,1,0,0,Failure Risk,Power Failure
8282,H18281,H,301.0,312.0,1520,42.2,144,0,0,0,0,0,0,Healthy,None
8283,H18282,H,301.9,312.4,1323,47.9,197,0,0,0,0,0,0,Healthy,None
8284,L18283,L,298.5,310.4,1543,35.4,250,0,0,0,0,0,0,Healthy,None
8285,M18284,M,300.7,310.9,1408,38.8,134,0,0,0,0,0,0,Healthy,None
8286,H18285,H,299.0,308.9,1420,28.3,124,0,0,0,0,0,0,Healthy,None
8287,L18286,L,299.6,309.1,1299,30.1,62,0,0,0,0,0,0,Healthy,None
8288,L18287,L,300.3,308.6,1737,36.8,94,0,0,0,0,0,0,Healthy,None
8289,L18288,L,300.0,309.7,1416,46.4,164,0,0,0,0,0,0,Healthy,None
8290,M18289,M,301.5,311.2,1426,41.0,67,0,0,0,0,0,0,Healthy,None
8291,H18290,H,301.0,311.3,1811,50.1,63,1,0,0,1,0,0,Failure Risk,Power Failure
8292,M18291,M,297.0,305.6,1639,56.4,6,1,0,0,1,0,0,Failure Risk,Power Failure
8293,L18292,L,297.3,307.1,1173,48.8,143,0,0,0,0,0,0,Healthy,None
8294,L18293,L,299.3,309.9,1785,24.3,216,0,0,0,0,0,0,Healthy,None
8295,M18294,M,303.7,314.4,1832,37.2,99,0,0,0,0,0,0,Healthy,None
8296,H18295,H,298.3,306.4,1816,48.7,226,1,0,0,1,0,0,Failure Risk,Power Failure
8297,M18296,M,299.6,310.3,1657,38.8,13,0,0,0,0,0,0,Healthy,None
8298,M18297,M,298.9,308.7,1340,24.0,249,1,0,0,1,0,0,Failure Risk,Power Failure
8299,L18298,L,298.9,308.7,1529,34.5,163,0,0,0,0,0,0,Healthy,None
8300,H18299,H,300.4,308.0,1278,17.5,116,1,0,1,1,0,0,Failure Risk,"Heat Dissipation Failure, Power Failure"
8301,M18300,M,302.8,314.3,1382,37.3,72,0,0,0,0,0,0,Healthy,None
8302,L18301,L,300.9,311.1,1339,33.2,10,0,0,0,0,0,0,Healthy,None
8303,M18302,M,298.4,306.9,1425,36.4,127,0,0,0,0,0,0,Healthy,None
8304,L18303,L,305.5,315.9,1567,51.7,128,0,0,0,0,0,0,Healthy,None
8305,L18304,L,300.2,310.5,1458,26.8,8,0,0,0,0,0,0,Healthy,None
8306,L18305,L,298.8,310.0,1450,32.9,24,0,0,0,0,0,0,Healthy,None
8307,L18306,L,302.8,312.5,1485,28.7,103,0,0,0,0,0,0,Healthy,None
8308,L18307,L,299.1,309.1,1806,50.6,14,1,0,0,1,0,0,Failure Risk,Power Failure
8309,L18308,L,303.3,312.7,1925,51.2,252,1,1,0,1,1,0,Failure Risk,"Tool Wear Failure, Power Failure, Overstrain Failure"
8310,M18309,M,298.3,308.9,1457,43.6,57,0,0,0,0,0,0,Healthy,None
8311,L18310,L,302.9,312.1,1598,43.1,23,0,0,0,0,0,0,Healthy,None
8312,L18311,L,300.4,309.5,1387,28.1,71,0,0,0,0,0,0,Healthy,None
8313,L18312,L,302.6,312.5,1675,42.0,115,0,0,0,0,0,0,Healthy,None
8314,M18313,M,303.8,312.6,1452,28.9,92,0,0,0,0,0,0,Healthy,None
8315,L18314,L,297.7,309.3,1410,40.4,198,0,0,0,0,0,0,Healthy,None
8316,L18315,L,302.6,314.5,1896,36.6,126,0,0,0,0,0,0,Healthy,None
8317,H18316,H,297.2,306.7,1295,34.1,173,0,0,0,0,0,0,Healthy,None
8318,M18317,M,297.9,306.5,1168,40.3,17,0,0,0,0,0,0,Healthy,None
8319,H18318,H,298.4,308.7,1669,46.7,194,0,0,0,0,0,0,Healthy,None
8320,L18319,L,301.0,310.5,1472,57.6,62,0,0,0,0,0,0,Healthy,None
8321,L18320,L,300.1,311.3,1422,45.5,110,0,0,0,0,0,0,Healthy,None
8322,M18321,M,299.7,308.9,2026,62.6,151,1,0,0,1,0,0,Failure Risk,Power Failure
8323,L18322,L,300.3,310.8,1668,42.0,83,0,0,0,0,0,0,Healthy,None
8324,L18323,L,301.2,311.3,1527,57.7,158,1,0,0,1,0,0,Failure Risk,Power Failure
8325,L18324,L,301.3,310.6,1411,44.3,217,0,0,0,0,0,0,Healthy,None
8326,H18325,H,302.2,312.4,1617,42.4,250,0,0,0,0,0,0,Healthy,None
8327,L18326,L,303.6,314.5,1227,38.3,165,0,0,0,0,0,0,Healthy,None
8328,H18327,H,300.0,310.1,1445,43.0,251,1,1,0,0,0,0,Failure Risk,Tool Wear Failure
8329,H18328,H,299.0,309.1,1531,44.3,238,0,0,0,0,0,0,Healthy,None
8330,L18329,L,301.2,310.3,1576,26.0,237,0,0,0,0,0,0,Healthy,None
8331,M18330,M,297.7,308.8,1512,46.9,42,0,0,0,0,0,0,Healthy,None
8332,M18331,M,298.6,309.6,1413,25.3,7,0,0,0,0,0,0,Healthy,None
8333,H18332,H,302.0,311.6,1702,46.9,223,1,1,0,0,0,0,Failure Risk,Tool Wear Failure
8334,L18333,L,299.8,309.7,1242,45.9,199,0,0,0,0,0,0,Healthy,None
8335,M18334,M,297.6,309.0,1488,54.1,132,0,0,0,0,0,0,Healthy,None
8336,L18335,L,297.0,305.9,1445,31.5,79,0,0,0,0,0,0,Healthy,None
8337,H18336,H,300.1,310.7,1719,30.2,26,0,0,0,0,0,0,Healthy,None
8338,L18337,L,302.3,311.7,1455,51.0,125,0,0,0,0,0,0,Healthy,None
8339,L18338,L,302.3,314.1,1616,29.4,190,0,0,0,0,0,0,Healthy,None
8340,M18339,M,300.2,310.3,1597,28.4,230,0,0,0,0,0,0,Healthy,None
8341,H18340,H,304.0,315.3,1209,42.1,192,0,0,0,0,0,0,Healthy,None
8342,M18341,M,299.8,309.0,1526,39.5,62,0,0,0,0,0,0,Healthy,None
8343,L18342,L,299.7,308.5,1226,41.5,132,0,0,0,0,0,0,Healthy,None
8344,L18343,L,294.9,304.7,1600,45.3,66,0,0,0,0,0,0,Healthy,None
8345,H18344,H,299.1,309.4,1407,45.4,236,0,0,0,0,0,0,Healthy,None
8346,M18345,M,301.7,311.2,1750,39.2,51,0,0,0,0,0,0,Healthy,None
8347,H18346,H,303.1,313.9,1505,40.5,80,0,0,0,0,0,0,Healthy,None
8348,L18347,L,298.3,308.1,1400,39.3,224,0,0,0,0,0,0,Healthy,None
8349,L18348,L,300.9,308.8,1752,40.3,82,0,0,0,0,0,0,Healthy,None
8350,M18349,M,302.1,312.7,1381,26.3,131,0,0,0,0,0,0,Healthy,None
8351,H18350,H,300.0,309.1,1698,47.5,76,0,0,0,0,0,0,Healthy,None
8352,L18351,L,295.4,305.0,1621,50.4,178,0,0,0,0,0,0,Healthy,None
8353,H18352,H,300.5,312.1,1472,46.3,241,0,0,0,0,0,0,Healthy,None
8354,M18353,M,301.5,313.3,1298,45.5,170,0,0,0,0,0,0,Healthy,None
8355,L18354,L,298.1,307.5,1760,30.2,182,0,0,0,0,0,0,Healthy,None
8356,L18355,L,299.5,310.1,1627,26.0,217,0,0,0,0,0,0,Healthy,None
8357,L18356,L,297.7,307.1,1399,48.2,40,0,0,0,0,0,0,Healthy,None
8358,M18357,M,294.9,304.6,1581,40.3,158,0,0,0,0,0,0,Healthy,None
8359,L18358,L,302.1,311.5,1718,41.7,250,1,1,0,0,0,0,Failure Risk,Tool Wear Failure
8360,L18359,L,300.0,308.3,1558,42.1,34,0,0,0,0,0,0,Healthy,None
8361,H18360,H,303.2,313.3,1580,42.5,207,0,0,0,0,0,0,Healthy,None
8362,L18361,L,301.7,312.0,1722,46.4,56,0,0,0,0,0,0,Healthy,None
8363,L18362,L,299.3,308.6,1813,39.1,151,0,0,0,0,0,0,Healthy,None
8364,L18363,L,299.8,310.9,1516,21.1,52,1,0,0,1,0,0,Failure Risk,Power Failure
8365,M18364,M,301.1,310.7,1298,46.8,29,0,0,0,0,0,0,Healthy,None
8366,M18365,M,301.9,311.3,1304,45.7,122,0,0,0,0,0,0,Healthy,None
8367,L18366,L,300.6,311.1,1414,27.2,251,0,0,0,0,0,0,Healthy,None
8368,M18367,M,302.2,310.7,1370,28.5,245,1,0,1,0,0,0,Failure Risk,Heat Dissipation Failure
8369,M18368,M,299.4,310.3,1236,48.7,208,1,1,0,0,0,0,Failure Risk,Tool Wear Failure
8370,L18369,L,298.0,307.6,1868,51.1,204,1,0,0,1,0,0,Failure Risk,Power Failure
8371,L18370,L,299.9,310.9,1632,13.6,101,1,0,0,1,0,0,Failure Risk,Power Failure
8372,L18371,L,300.4,311.7,1444,44.4,248,1,0,0,0,1,0,Failure Risk,Overstrain Failure
8373,L18372,L,297.6,308.2,1532,37.8,134,0,0,0,0,0,0,Healthy,None
8374,M18373,M,297.3,306.5,1218,40.7,136,0,0,0,0,0,0,Healthy,None
8375,M18374,M,300.9,309.6,1745,41.3,148,0,0,0,0,0,0,Healthy,None
8376,L18375,L,299.2,307.8,1189,32.5,157,0,0,0,0,0,0,Healthy,None
8377,L18376,L,299.7,310.8,1629,46.5,228,0,0,0,0,0,0,Healthy,None
8378,L18377,L,299.3,309.2,1208,33.2,100,0,0,0,0,0,0,Healthy,None
8379,M18378,M,303.0,312.4,1463,47.4,21,0,0,0,0,0,0,Healthy,None
8380,L18379,L,302.5,312.4,1760,49.6,174,1,0,0,1,0,0,Failure Risk,Power Failure
8381,M18380,M,297.5,308.6,1245,31.4,61,0,0,0,0,0,0,Healthy,None
8382,L18381,L,298.9,309.7,1511,31.6,30,0,0,0,0,0,0,Healthy,None
8383,M18382,M,301.7,312.1,1650,41.1,131,0,0,0,0,0,0,Healthy,None
8384,H18383,H,301.2,311.8,1621,54.9,9,1,0,0,1,0,0,Failure Risk,Power Failure
8385,L18384,L,299.9,310.1,1550,34.1,29,0,0,0,0,0,0,Healthy,None
8386,L18385,L,297.7,308.0,1626,36.0,221,0,0,0,0,0,0,Healthy,None
8387,H18386,H,298.6,308.8,1428,43.2,232,1,1,0,0,0,0,Failure Risk,Tool Wear Failure
8388,L18387,L,299.0,309.0,1883,46.5,134,1,0,0,1,0,0,Failure Risk,Power Failure
8389,M18388,M,300.6,311.4,1249,45.2,142,0,0,0,0,0,0,Healthy,None
8390,L18389,L,303.4,313.8,1746,40.3,146,0,0,0,0,0,0,Healthy,None
8391,M18390,M,298.6,307.7,1571,37.0,73,0,0,0,0,0,0,Healthy,None
8392,L18391,L,297.9,308.4,1648,43.3,166,0,0,0,0,0,0,Healthy,None
8393,H18392,H,299.8,310.0,1680,8.3,90,1,0,0,1,0,0,Failure Risk,Power Failure
8394,M18393,M,302.1,312.7,1637,58.5,2,1,0,0,1,0,0,Failure Risk,Power Failure
8395,M18394,M,297.1,307.0,1392,38.2,98,0,0,0,0,0,0,Healthy,None
8396,M18395,M,302.9,313.7,1486,41.8,51,0,0,0,0,0,0,Healthy,None
8397,M18396,M,299.7,309.6,1278,60.8,123,0,0,0,0,0,0,Healthy,None
8398,L18397,L,298.5,309.2,1484,32.7,209,1,1,0,0,0,0,Failure Risk,Tool Wear Failure
8399,H18398,H,296.8,306.3,1595,63.1,87,1,0,0,1,0,0,Failure Risk,Power Failure
8400,H18399,H,301.4,311.0,1646,47.3,12,0,0,0,0,0,0,Healthy,None
8401,L18400,L,299.7,310.3,1608,44.4,43,0,0,0,0,0,0,Healthy,None
8402,H18401,H,300.3,310.0,1223,46.4,208,1,1,0,0,0,0,Failure Risk,Tool Wear Failure
8403,M18402,M,298.2,310.4,1437,31.7,249,1,1,0,0,0,0,Failure Risk,Tool Wear Failure
8404,M18403,M,299.4,310.0,1419,23.7,16,0,0,0,0,0,0,Healthy,None
8405,L18404,L,299.0,309.0,1303,28.3,74,0,0,0,0,0,0,Healthy,None
8406,L18405,L,299.8,310.6,1388,50.8,144,0,0,0,0,0,0,Healthy,None
8407,L18406,L,298.7,308.2,1538,30.7,51,0,0,0,0,0,0,Healthy,None
8408,L18407,L,296.9,307.8,1791,23.6,176,0,0,0,0,0,0,Healthy,None
8409,M18408,M,305.5,316.4,1367,39.2,82,0,0,0,0,0,0,Healthy,None
8410,L18409,L,297.3,308.6,1335,45.7,70,0,0,0,0,0,0,Healthy,None
8411,L18410,L,300.4,310.0,1430,40.4,146,0,0,0,0,0,0,Healthy,None
8412,H18411,H,296.5,305.3,1598,46.0,123,0,0,0,0,0,0,Healthy,None
8413,L18412,L,296.0,305.4,1757,51.4,33,1,0,0,1,0,0,Failure Risk,Power Failure
8414,L18413,L,300.2,309.9,1522,45.7,220,0,0,0,0,0,0,Healthy,None
8415,L18414,L,300.3,312.0,1279,38.5,157,0,0,0,0,0,0,Healthy,None
8416,L18415,L,302.5,314.7,1317,34.6,105,0,0,0,0,0,0,Healthy,None
8417,M18416,M,300.8,311.1,1571,47.6,28,0,0,0,0,0,0,Healthy,None
8418,M18417,M,299.7,309.7,1716,42.7,229,0,0,0,0,0,0,Healthy,None
8419,M18418,M,298.1,307.8,1863,31.5,175,0,0,0,0,0,0,Healthy,None
8420,L18419,L,303.0,313.8,1326,52.9,135,0,0,0,0,0,0,Healthy,None
8421,M18420,M,301.9,314.1,1563,42.6,67,0,0,0,0,0,0,Healthy,None
8422,L18421,L,297.5,309.3,1353,46.5,91,0,0,0,0,0,0,Healthy,None
8423,L18422,L,300.1,311.2,1377,36.1,51,0,0,0,0,0,0,Healthy,None
8424,L18423,L,300.3,311.4,1361,51.2,74,0,0,0,0,0,0,Healthy,None
8425,L18424,L,299.3,310.1,1478,24.3,81,0,0,0,0,0,0,Healthy,None
8426,L18425,L,301.5,311.5,1380,56.6,84,0,0,0,0,0,0,Healthy,None
8427,L18426,L,301.7,311.0,1981,20.8,110,0,0,0,0,0,0,Healthy,None
8428,H18427,H,299.6,309.6,1455,26.4,57,0,0,0,0,0,0,Healthy,None
8429,L18428,L,299.4,309.8,1714,42.5,239,1,1,0,0,0,0,Failure Risk,Tool Wear Failure
8430,L18429,L,303.0,311.5,1419,34.7,60,0,0,0,0,0,0,Healthy,None
8431,L18430,L,301.9,311.7,1937,36.7,167,0,0,0,0,0,0,Healthy,None
8432,M18431,M,300.1,309.3,1598,34.7,95,0,0,0,0,0,0,Healthy,None
8433,L18432,L,296.7,307.7,1687,32.2,16,0,0,0,0,0,0,Healthy,None
8434,H18433,H,300.7,310.2,1432,43.1,225,0,0,0,0,0,0,Healthy,None
8435,H18434,H,301.4,311.7,1712,39.5,80,0,0,0,0,0,0,Healthy,None
8436,L18435,L,294.5,303.8,1597,48.8,14,0,0,0,0,0,0,Healthy,None
8437,L18436,L,300.5,312.1,1470,40.8,211,1,1,0,0,0,0,Failure Risk,Tool Wear Failure
8438,L18437,L,299.2,307.5,1344,35.9,102,1,0,1,0,0,0,Failure Risk,Heat Dissipation Failure
8439,M18438,M,299.6,310.1,1495,47.7,138,0,0,0,0,0,0,Healthy,None
8440,L18439,L,298.2,306.9,1480,21.9,82,1,0,0,1,0,0,Failure Risk,Power Failure
8441,L18440,L,299.7,309.2,1693,14.4,95,1,0,0,1,0,0,Failure Risk,Power Failure
8442,L18441,L,302.8,313.0,1496,24.3,215,0,0,0,0,0,0,Healthy,None
8443,M18442,M,299.1,309.4,1194,36.6,69,0,0,0,0,0,0,Healthy,None
8444,L18443,L,301.9,312.1,1653,43.9,81,0,0,0,0,0,0,Healthy,None
8445,L18444,L,298.4,308.6,1769,13.6,232,1,1,0,1,0,0,Failure Risk,"Tool Wear Failure, Power Failure"
8446,M18445,M,301.5,310.9,1239,39.9,120,0,0,0,0,0,0,Healthy,None
8447,M18446,M,300.0,309.8,1861,36.5,175,0,0,0,0,0,0,Healthy,None
8448,H18447,H,300.7,310.7,1788,41.4,12,0,0,0,0,0,0,Healthy,None
8449,L18448,L,300.0,310.2,1425,21.1,118,1,0,0,1,0,0,Failure Risk,Power Failure
8450,M18449,M,301.3,311.2,1338,65.9,153,1,0,0,1,0,0,Failure Risk,Power Failure
8451,M18450,M,294.9,305.6,1726,40.3,7,0,0,0,0,0,0,Healthy,None
8452,L18451,L,297.2,307.3,1292,27.9,25,0,0,0,0,0,0,Healthy,None
8453,M18452,M,300.8,311.0,1418,41.3,112,0,0,0,0,0,0,Healthy,None
8454,L18453,L,295.9,305.5,1302,54.8,141,0,0,0,0,0,0,Healthy,None
8455,H18454,H,298.9,307.8,1539,27.3,245,1,1,0,0,0,0,Failure Risk,Tool Wear Failure
8456,L18455,L,299.9,310.1,1800,25.2,168,0,0,0,0,0,0,Healthy,None
8457,M18456,M,298.3,309.5,1605,38.8,133,0,0,0,0,0,0,Healthy,None
8458,L18457,L,298.6,309.0,1720,39.7,143,0,0,0,0,0,0,Healthy,None
8459,H18458,H,300.5,309.7,1475,47.0,226,0,0,0,0,0,0,Healthy,None
8460,L18459,L,302.0,312.8,1555,54.6,33,0,0,0,0,0,0,Healthy,None
8461,H18460,H,298.1,307.8,1318,47.7,39,0,0,0,0,0,0,Healthy,None
8462,H18461,H,298.8,309.5,1520,26.3,218,0,0,0,0,0,0,Healthy,None
8463,L18462,L,298.5,308.1,1404,29.4,227,1,1,0,0,0,0,Failure Risk,Tool Wear Failure
8464,H18463,H,295.2,305.6,1509,32.1,139,0,0,0,0,0,0,Healthy,None
8465,H18464,H,300.3,309.8,1497,47.7,128,0,0,0,0,0,0,Healthy,None
8466,L18465,L,301.9,311.4,1481,46.0,247,1,0,0,0,1,0,Failure Risk,Overstrain Failure
8467,L18466,L,302.0,310.4,1915,52.5,28,1,0,0,1,0,0,Failure Risk,Power Failure
8468,M18467,M,298.3,308.8,1854,45.5,208,0,0,0,0,0,0,Healthy,None
8469,L18468,L,297.5,307.9,1791,33.8,81,0,0,0,0,0,0,Healthy,None
8470,L18469,L,300.0,310.4,1859,38.1,176,0,0,0,0,0,0,Healthy,None
8471,L18470,L,301.7,312.0,1792,25.5,247,0,0,0,0,0,0,Healthy,None
8472,L18471,L,300.3,309.5,1533,46.2,143,0,0,0,0,0,0,Healthy,None
8473,L18472,L,300.6,311.6,1515,33.8,98,0,0,0,0,0,0,Healthy,None
8474,L18473,L,302.3,313.3,1580,52.1,136,0,0,0,0,0,0,Healthy,None
8475,H18474,H,298.5,307.7,1500,45.9,186,0,0,0,0,0,0,Healthy,None
8476,M18475,M,299.6,310.1,1351,59.2,107,0,0,0,0,0,0,Healthy,None
8477,L18476,L,303.3,314.2,1591,44.2,38,0,0,0,0,0,0,Healthy,None
8478,M18477,M,299.6,309.1,1257,44.0,165,0,0,0,0,0,0,Healthy,None
8479,M18478,M,297.5,307.2,1562,38.2,234,0,0,0,0,0,0,Healthy,None
8480,H18479,H,298.7,309.2,1359,36.2,5,0,0,0,0,0,0,Healthy,None
8481,L18480,L,298.1,306.6,1523,37.4,89,0,0,0,0,0,0,Healthy,None
8482,L18481,L,300.7,309.6,1572,49.9,80,0,0,0,0,0,0,Healthy,None
8483,H18482,H,298.2,307.2,1474,26.6,87,0,0,0,0,0,0,Healthy,None
8484,H18483,H,300.5,308.7,1244,40.6,73,1,0,1,0,0,0,Failure Risk,Heat Dissipation Failure
8485,M18484,M,298.5,309.6,1325,23.5,223,1,0,0,1,0,0,Failure Risk,Power Failure
8486,M18485,M,295.8,303.8,1620,43.7,58,0,0,0,0,0,0,Healthy,None
8487,L18486,L,300.6,310.9,1438,35.5,2,0,0,0,0,0,0,Healthy,None
8488,M18487,M,300.3,311.1,1638,45.0,146,0,0,0,0,0,0,Healthy,None
8489,L18488,L,301.0,310.7,1539,32.6,226,1,1,0,0,0,0,Failure Risk,Tool Wear Failure
8490,L18489,L,298.7,308.0,1502,37.5,154,0,0,0,0,0,0,Healthy,None
8491,H18490,H,298.4,308.6,1600,46.3,24,0,0,0,0,0,0,Healthy,None
8492,L18491,L,300.8,310.8,1417,41.2,212,0,0,0,0,0,0,Healthy,None
8493,L18492,L,303.0,314.0,1609,55.3,193,1,0,0,1,0,0,Failure Risk,Power Failure
8494,H18493,H,300.0,307.4,1462,35.2,83,0,0,0,0,0,0,Healthy,None
8495,L18494,L,300.8,309.9,1991,34.4,150,0,0,0,0,0,0,Healthy,None
8496,H18495,H,299.4,310.0,1335,52.2,123,0,0,0,0,0,0,Healthy,None
8497,H18496,H,296.9,307.0,1474,36.4,62,0,0,0,0,0,0,Healthy,None
8498,M18497,M,301.9,312.7,1481,35.9,185,0,0,0,0,0,0,Healthy,None
8499,L18498,L,301.8,312.1,1296,43.8,224,0,0,0,0,0,0,Healthy,None
8500,L18499,L,301.4,311.3,1667,38.4,49,0,0,0,0,0,0,Healthy,None
8501,L18500,L,299.6,309.3,1461,36.9,135,0,0,0,0,0,0,Healthy,None
8502,L18501,L,301.2,313.5,1168,33.1,119,0,0,0,0,0,0,Healthy,None
8503,L18502,L,301.8,313.3,1662,53.5,178,1,0,0,1,0,0,Failure Risk,Power Failure
8504,H18503,H,303.2,313.7,1424,38.5,100,0,0,0,0,0,0,Healthy,None
8505,L18504,L,302.0,312.1,1519,34.4,247,1,1,0,0,0,0,Failure Risk,Tool Wear Failure
8506,M18505,M,300.1,310.6,1659,37.1,41,0,0,0,0,0,0,Healthy,None
8507,L18506,L,297.4,308.2,1472,43.5,221,0,0,0,0,0,0,Healthy,None
8508,M18507,M,300.3,310.7,1471,54.5,62,0,0,0,0,0,0,Healthy,None
8509,H18508,H,300.5,309.7,1979,38.3,158,0,0,0,0,0,0,Healthy,None
8510,L18509,L,301.4,313.2,1168,31.5,104,0,0,0,0,0,0,Healthy,None
8511,L18510,L,302.7,312.9,1307,59.0,58,0,0,0,0,0,0,Healthy,None
8512,M18511,M,299.8,311.8,1342,41.3,209,0,0,0,0,0,0,Healthy,None
8513,M18512,M,304.2,314.4,1858,39.0,94,0,0,0,0,0,0,Healthy,None
8514,M18513,M,296.5,306.3,1422,40.7,89,0,0,0,0,0,0,Healthy,None
8515,L18514,L,300.8,312.2,1580,27.7,87,0,0,0,0,0,0,Healthy,None
8516,L18515,L,298.4,308.7,1453,39.6,50,0,0,0,0,0,0,Healthy,None
8517,H18516,H,296.2,306.3,1645,47.5,184,0,0,0,0,0,0,Healthy,None
8518,H18517,H,299.6,308.4,1535,52.1,132,0,0,0,0,0,0,Healthy,None
8519,L18518,L,297.1,307.8,1583,36.5,244,0,0,0,0,0,0,Healthy,None
8520,H18519,H,299.7,309.2,1768,41.9,202,0,0,0,0,0,0,Healthy,None
8521,L18520,L,300.1,309.7,1616,52.3,51,0,0,0,0,0,0,Healthy,None
8522,L18521,L,302.2,311.7,1406,40.4,215,0,0,0,0,0,0,Healthy,None
8523,L18522,L,297.0,307.4,1593,47.1,192,0,0,0,0,0,0,Healthy,None
8524,L18523,L,301.8,310.3,1970,44.2,139,1,0,0,1,0,0,Failure Risk,Power Failure
8525,M18524,M,300.2,310.0,1639,33.4,101,0,0,0,0,0,0,Healthy,None
8526,L18525,L,302.1,313.1,1565,30.9,150,0,0,0,0,0,0,Healthy,None
8527,L18526,L,299.1,307.9,1292,50.5,119,0,0,0,0,0,0,Healthy,None
8528,M18527,M,297.3,307.5,1667,13.5,51,1,0,0,1,0,0,Failure Risk,Power Failure
8529,M18528,M,297.6,307.0,1694,33.4,107,0,0,0,0,0,0,Healthy,None
8530,M18529,M,297.4,307.0,1593,26.2,216,0,0,0,0,0,0,Healthy,None
8531,H18530,H,301.0,312.7,1558,50.5,190,0,0,0,0,0,0,Healthy,None
8532,L18531,L,303.0,311.3,2045,53.5,75,1,0,0,1,0,0,Failure Risk,Power Failure
8533,M18532,M,298.9,309.7,1691,32.8,130,0,0,0,0,0,0,Healthy,None
8534,M18533,M,301.3,310.8,1759,67.4,151,1,0,0,1,0,0,Failure Risk,Power Failure
8535,M18534,M,297.0,306.5,1549,53.6,217,0,0,0,0,0,0,Healthy,None
8536,L18535,L,300.4,309.3,1514,42.0,78,0,0,0,0,0,0,Healthy,None
8537,L18536,L,301.3,312.1,1651,54.8,94,1,0,0,1,0,0,Failure Risk,Power Failure
8538,H18537,H,297.1,306.9,1514,33.6,234,0,0,0,0,0,0,Healthy,None
8539,L18538,L,299.6,309.3,1528,37.3,169,0,0,0,0,0,0,Healthy,None
8540,H18539,H,301.4,311.5,1620,44.6,148,0,0,0,0,0,0,Healthy,None
8541,M18540,M,294.1,303.9,1446,33.1,251,0,0,0,0,0,0,Healthy,None
8542,M18541,M,302.7,310.7,1577,27.3,212,0,0,0,0,0,0,Healthy,None
8543,H18542,H,300.7,310.2,1552,30.7,118,0,0,0,0,0,0,Healthy,None
8544,M18543,M,301.4,312.3,1711,38.1,84,0,0,0,0,0,0,Healthy,None
8545,L18544,L,299.2,307.7,1428,44.6,118,0,0,0,0,0,0,Healthy,None
8546,M18545,M,296.6,305.5,1180,36.7,239,0,0,0,0,0,0,Healthy,None
8547,H18546,H,301.1,310.7,1482,23.8,152,0,0,0,0,0,0,Healthy,None
8548,L18547,L,299.8,309.1,1609,44.7,11,0,0,0,0,0,0,Healthy,None
8549,L18548,L,300.1,310.1,1710,52.6,47,1,0,0,1,0,0,Failure Risk,Power Failure
8550,L18549,L,302.2,311.1,1413,33.5,100,0,0,0,0,0,0,Healthy,None
8551,H18550,H,301.5,311.1,1635,56.5,209,1,0,0,1,0,0,Failure Risk,Power Failure
8552,L18551,L,303.8,313.8,1741,48.6,73,0,0,0,0,0,0,Healthy,None
8553,M18552,M,300.3,310.9,1672,29.6,197,0,0,0,0,0,0,Healthy,None
8554,L18553,L,298.6,309.8,1396,33.6,184,0,0,0,0,0,0,Healthy,None
8555,L18554,L,299.6,309.3,1415,36.9,28,0,0,0,0,0,0,Healthy,None
8556,M18555,M,300.8,312.7,1615,38.2,156,0,0,0,0,0,0,Healthy,None
8557,L18556,L,302.0,311.8,1828,15.9,220,1,0,0,1,0,0,Failure Risk,Power Failure
8558,M18557,M,297.1,307.9,1540,32.5,173,0,0,0,0,0,0,Healthy,None
8559,M18558,M,300.0,311.9,1508,34.5,237,0,0,0,0,0,0,Healthy,None
8560,H18559,H,303.2,313.3,1292,58.7,8,0,0,0,0,0,0,Healthy,None
8561,L18560,L,299.5,308.1,1472,42.2,251,1,1,0,0,0,0,Failure Risk,Tool Wear Failure
8562,H18561,H,301.9,312.0,1409,32.1,31,0,0,0,0,0,0,Healthy,None
8563,M18562,M,301.0,310.4,1542,35.7,239,1,1,0,0,0,0,Failure Risk,Tool Wear Failure
8564,H18563,H,301.9,311.6,1267,44.2,140,0,0,0,0,0,0,Healthy,None
8565,L18564,L,298.4,310.4,1479,36.3,109,0,0,0,0,0,0,Healthy,None
8566,M18565,M,298.4,307.2,1357,34.2,180,0,0,0,0,0,0,Healthy,None
8567,H18566,H,300.0,310.3,1706,34.5,74,0,0,0,0,0,0,Healthy,None
8568,H18567,H,296.9,306.0,1384,44.7,97,0,0,0,0,0,0,Healthy,None
8569,L18568,L,299.5,309.2,1435,26.3,53,0,0,0,0,0,0,Healthy,None
8570,L18569,L,300.5,311.2,1588,29.2,123,0,0,0,0,0,0,Healthy,None
8571,L18570,L,303.6,313.9,1456,30.8,243,0,0,0,0,0,0,Healthy,None
8572,L18571,L,300.8,310.6,1960,29.1,115,0,0,0,0,0,0,Healthy,None
8573,L18572,L,301.3,310.7,1704,31.8,156,0,0,0,0,0,0,Healthy,None
8574,L18573,L,302.3,312.6,1541,48.9,178,0,0,0,0,0,0,Healthy,None
8575,H18574,H,298.1,309.8,1603,50.3,203,0,0,0,0,0,0,Healthy,None
8576,L18575,L,299.7,308.8,1168,42.7,176,0,0,0,0,0,0,Healthy,None
8577,M18576,M,304.9,316.8,1758,42.1,94,0,0,0,0,0,0,Healthy,None
8578,L18577,L,299.8,311.0,1629,33.4,168,0,0,0,0,0,0,Healthy,None
8579,L18578,L,302.2,313.6,1524,19.4,213,1,0,0,1,0,0,Failure Risk,Power Failure
8580,L18579,L,301.9,312.2,1639,41.4,217,0,0,0,0,0,0,Healthy,None
8581,L18580,L,297.0,308.2,1661,42.9,234,1,1,0,0,0,0,Failure Risk,Tool Wear Failure
8582,M18581,M,300.6,309.6,1463,33.3,11,0,0,0,0,0,0,Healthy,None
8583,H18582,H,300.3,309.6,1606,29.3,34,0,0,0,0,0,0,Healthy,None
8584,L18583,L,300.7,311.5,1725,27.4,112,0,0,0,0,0,0,Healthy,None
8585,L18584,L,298.5,308.8,1619,41.7,229,1,1,0,0,0,0,Failure Risk,Tool Wear Failure
8586,L18585,L,297.8,307.7,1492,40.8,3,0,0,0,0,0,0,Healthy,None
8587,H18586,H,299.0,306.5,1591,51.8,44,0,0,0,0,0,0,Healthy,None
8588,M18587,M,299.8,309.4,1785,32.0,48,0,0,0,0,0,0,Healthy,None
8589,M18588,M,302.4,311.2,1678,37.1,201,0,0,0,0,0,0,Healthy,None
8590,M18589,M,303.6,314.1,1329,40.2,243,0,0,0,0,0,0,Healthy,None
8591,H18590,H,302.8,312.6,1643,34.6,126,0,0,0,0,0,0,Healthy,None
8592,L18591,L,301.7,311.1,1619,48.3,145,0,0,0,0,0,0,Healthy,None
8593,L18592,L,298.0,310.6,1746,52.3,45,1,0,0,1,0,0,Failure Risk,Power Failure
8594,H18593,H,299.2,310.2,1543,29.1,111,0,0,0,0,0,0,Healthy,None
8595,M18594,M,300.4,311.5,1471,35.5,210,0,0,0,0,0,0,Healthy,None
8596,M18595,M,298.7,310.9,1293,53.1,185,0,0,0,0,0,0,Healthy,None
8597,M18596,M,301.2,312.0,1413,43.2,14,0,0,0,0,0,0,Healthy,None
8598,L18597,L,301.4,310.6,1754,41.2,57,0,0,0,0,0,0,Healthy,None
8599,M18598,M,301.1,310.2,1573,43.4,150,0,0,0,0,0,0,Healthy,None
8600,M18599,M,302.1,313.1,1520,46.5,150,0,0,0,0,0,0,Healthy,None
8601,L18600,L,298.2,306.1,1769,43.9,84,0,0,0,0,0,0,Healthy,None
8602,M18601,M,301.9,311.8,1733,42.1,153,0,0,0,0,0,0,Healthy,None
8603,H18602,H,298.6,306.4,1406,40.1,236,0,0,0,0,0,0,Healthy,None
8604,L18603,L,298.1,308.2,1752,53.3,161,1,0,0,1,0,0,Failure Risk,Power Failure
8605,L18604,L,301.1,312.0,1241,37.4,124,0,0,0,0,0,0,Healthy,None
8606,L18605,L,302.4,312.7,1620,40.0,40,0,0,0,0,0,0,Healthy,None
8607,M18606,M,301.0,311.9,1599,55.4,204,1,0,0,1,0,0,Failure Risk,Power Failure
8608,L18607,L,300.0,312.0,1743,43.2,56,0,0,0,0,0,0,Healthy,None
8609,M18608,M,300.6,310.5,1606,39.3,24,0,0,0,0,0,0,Healthy,None
8610,H18609,H,300.3,313.1,1494,46.2,181,0,0,0,0,0,0,Healthy,None
8611,L18610,L,297.7,307.9,1508,42.3,43,0,0,0,0,0,0,Healthy,None
8612,H18611,H,297.5,308.4,2020,32.7,224,0,0,0,0,0,0,Healthy,None
8613,H18612,H,299.8,309.2,1552,42.4,219,1,1,0,0,0,0,Failure Risk,Tool Wear Failure
8614,L18613,L,300.2,311.8,1644,32.0,140,0,0,0,0,0,0,Healthy,None
8615,L18614,L,300.0,311.0,1176,58.1,53,0,0,0,0,0,0,Healthy,None
8616,H18615,H,301.4,312.9,1389,42.4,26,0,0,0,0,0,0,Healthy,None
8617,H18616,H,299.6,309.7,1630,30.7,7,0,0,0,0,0,0,Healthy,None
8618,L18617,L,301.1,309.8,1249,36.1,227,0,0,0,0,0,0,Healthy,None
8619,L18618,L,299.7,310.2,1636,47.5,245,1,0,0,0,1,0,Failure Risk,Overstrain Failure
8620,L18619,L,303.6,311.9,1408,29.2,170,0,0,0,0,0,0,Healthy,None
8621,H18620,H,300.2,309.9,1352,66.9,119,1,0,0,1,0,0,Failure Risk,Power Failure
8622,L18621,L,304.7,314.9,1407,25.6,197,0,0,0,0,0,0,Healthy,None
8623,M18622,M,300.7,313.1,1811,49.2,76,1,0,0,1,0,0,Failure Risk,Power Failure
8624,H18623,H,299.6,309.9,1597,35.2,83,0,0,0,0,0,0,Healthy,None
8625,L18624,L,298.2,308.3,1375,32.0,182,0,0,0,0,0,0,Healthy,None
8626,M18625,M,297.1,307.0,1676,45.3,191,0,0,0,0,0,0,Healthy,None
8627,L18626,L,298.0,306.7,1686,35.5,4,0,0,0,0,0,0,Healthy,None
8628,H18627,H,298.2,308.3,1469,55.8,58,0,0,0,0,0,0,Healthy,None
8629,L18628,L,300.8,310.9,1709,26.1,236,1,1,0,0,0,0,Failure Risk,Tool Wear Failure
8630,M18629,M,298.9,307.9,1718,45.6,154,0,0,0,0,0,0,Healthy,None
8631,M18630,M,300.4,309.2,1690,37.3,240,1,1,0,0,0,0,Failure Risk,Tool Wear Failure
8632,L18631,L,302.6,312.1,1417,42.9,242,0,0,0,0,0,0,Healthy,None
8633,L18632,L,299.8,309.9,1326,45.1,18,0,0,0,0,0,0,Healthy,None
8634,L18633,L,304.2,313.7,1234,22.9,64,1,0,0,1,0,0,Failure Risk,Power Failure
8635,L18634,L,297.6,306.5,1420,42.3,67,0,0,0,0,0,0,Healthy,None
8636,H18635,H,299.7,310.0,1472,50.8,65,0,0,0,0,0,0,Healthy,None
8637,H18636,H,298.9,309.4,1486,44.6,235,1,1,0,0,0,0,Failure Risk,Tool Wear Failure
8638,L18637,L,301.9,312.0,1529,36.3,153,0,0,0,0,0,0,Healthy,None
8639,M18638,M,295.5,304.9,1848,26.0,32,0,0,0,0,0,0,Healthy,None
8640,M18639,M,297.1,307.7,1477,45.0,235,0,0,0,0,0,0,Healthy,None
8641,H18640,H,299.8,309.6,1529,58.6,236,1,0,0,1,1,0,Failure Risk,"Power Failure, Overstrain Failure"
8642,L18641,L,303.1,311.9,1212,46.6,165,0,0,0,0,0,0,Healthy,None
8643,L18642,L,300.5,311.5,1936,51.5,134,1,0,0,1,0,0,Failure Risk,Power Failure
8644,L18643,L,297.3,307.7,1302,49.2,220,0,0,0,0,0,0,Healthy,None
8645,M18644,M,297.6,307.5,1411,36.1,243,1,1,0,0,0,0,Failure Risk,Tool Wear Failure
8646,L18645,L,303.3,311.7,1662,40.9,4,0,0,0,0,0,0,Healthy,None
8647,L18646,L,298.8,308.1,1582,48.6,136,0,0,0,0,0,0,Healthy,None
8648,L18647,L,298.1,310.1,1832,24.4,140,0,0,0,0,0,0,Healthy,None
8649,M18648,M,303.0,311.5,1666,46.5,237,0,0,0,0,0,0,Healthy,None
8650,L18649,L,302.0,311.7,1523,52.5,167,0,0,0,0,0,0,Healthy,None
8651,L18650,L,302.5,312.5,1724,39.5,47,0,0,0,0,0,0,Healthy,None
8652,L18651,L,298.1,308.4,1745,48.1,45,0,0,0,0,0,0,Healthy,None
8653,L18652,L,296.9,305.4,1419,34.5,63,0,0,0,0,0,0,Healthy,None
8654,M18653,M,300.3,310.5,1710,40.4,191,0,0,0,0,0,0,Healthy,None
8655,L18654,L,300.7,309.0,1498,37.3,28,0,0,0,0,0,0,Healthy,None
8656,L18655,L,300.7,310.8,1519,44.6,17,0,0,0,0,0,0,Healthy,None
8657,M18656,M,303.0,312.3,1563,39.0,157,0,0,0,0,0,0,Healthy,None
8658,L18657,L,296.5,305.6,1469,23.4,201,1,1,0,0,0,0,Failure Risk,Tool Wear Failure
8659,L18658,L,301.7,312.5,1460,32.9,18,0,0,0,0,0,0,Healthy,None
8660,H18659,H,297.8,307.6,1714,59.2,175,1,0,0,1,0,0,Failure Risk,Power Failure
8661,L18660,L,301.7,312.2,1264,45.6,8,0,0,0,0,0,0,Healthy,None
8662,L18661,L,299.1,309.6,1347,19.2,212,1,1,0,1,0,0,Failure Risk,"Tool Wear Failure, Power Failure"
8663,L18662,L,298.4,309.7,1658,52.0,0,1,0,0,1,0,0,Failure Risk,Power Failure
8664,L18663,L,298.8,307.6,1524,28.6,232,0,0,0,0,0,0,Healthy,None
8665,M18664,M,297.1,308.0,1715,48.8,247,1,0,0,0,1,0,Failure Risk,Overstrain Failure
8666,M18665,M,300.1,310.1,1602,52.8,217,0,0,0,0,0,0,Healthy,None
8667,M18666,M,298.5,308.1,1299,41.0,205,0,0,0,0,0,0,Healthy,None
8668,L18667,L,301.6,310.5,1549,30.1,38,0,0,0,0,0,0,Healthy,None
8669,L18668,L,301.3,311.9,1633,32.9,220,0,0,0,0,0,0,Healthy,None
8670,H18669,H,303.4,312.5,1579,46.2,54,0,0,0,0,0,0,Healthy,None
8671,H18670,H,300.7,311.2,1454,28.8,247,0,0,0,0,0,0,Healthy,None
8672,L18671,L,301.0,312.9,1488,34.2,234,1,1,0,0,0,0,Failure Risk,Tool Wear Failure
8673,L18672,L,302.8,313.8,1437,45.1,51,0,0,0,0,0,0,Healthy,None
8674,L18673,L,298.7,310.1,1300,33.6,198,0,0,0,0,0,0,Healthy,None
8675,L18674,L,297.0,306.3,1276,54.1,63,0,0,0,0,0,0,Healthy,None
8676,L18675,L,300.4,311.2,1607,29.7,23,0,0,0,0,0,0,Healthy,None
8677,L18676,L,297.2,306.1,1382,7.4,26,1,0,0,1,0,0,Failure Risk,Power Failure
8678,M18677,M,304.9,314.7,1641,32.3,233,1,1,0,0,0,0,Failure Risk,Tool Wear Failure
8679,M18678,M,302.9,314.6,1431,43.1,114,0,0,0,0,0,0,Healthy,None
8680,L18679,L,304.3,313.7,1302,48.5,65,0,0,0,0,0,0,Healthy,None
8681,L18680,L,300.1,311.2,1464,36.0,193,0,0,0,0,0,0,Healthy,None
8682,H18681,H,301.1,312.1,1912,37.3,118,0,0,0,0,0,0,Healthy,None
8683,L18682,L,299.1,310.2,1520,39.7,248,0,0,0,0,0,0,Healthy,None
8684,M18683,M,301.8,310.5,1653,57.2,61,1,0,0,1,0,0,Failure Risk,Power Failure
8685,L18684,L,297.6,308.1,1568,43.7,252,1,0,0,0,1,0,Failure Risk,Overstrain Failure
8686,M18685,M,294.9,304.7,1286,35.1,143,0,0,0,0,0,0,Healthy,None
8687,L18686,L,298.4,309.5,1797,60.3,139,1,0,0,1,0,0,Failure Risk,Power Failure
8688,L18687,L,297.1,305.4,1493,40.1,39,0,0,0,0,0,0,Healthy,None
8689,L18688,L,303.0,313.4,1303,19.5,217,1,1,0,1,0,0,Failure Risk,"Tool Wear Failure, Power Failure"
8690,L18689,L,303.6,313.8,1446,26.3,9,0,0,0,0,0,0,Healthy,None
8691,L18690,L,297.2,305.2,1501,45.5,191,0,0,0,0,0,0,Healthy,None
8692,M18691,M,302.6,311.7,1672,22.4,54,0,0,0,0,0,0,Healthy,None
8693,L18692,L,301.9,310.1,1416,44.9,78,0,0,0,0,0,0,Healthy,None
8694,L18693,L,296.9,306.2,2007,32.3,239,0,0,0,0,0,0,Healthy,None
8695,M18694,M,299.2,309.7,1370,51.7,88,0,0,0,0,0,0,Healthy,None
8696,M18695,M,298.8,309.0,1647,41.7,3,0,0,0,0,0,0,Healthy,None
8697,H18696,H,301.5,311.7,1184,23.8,217,1,1,0,1,0,0,Failure Risk,"Tool Wear Failure, Power Failure"
8698,M18697,M,297.5,306.5,1515,49.1,252,1,0,0,0,1,0,Failure Risk,Overstrain Failure
8699,L18698,L,299.8,310.9,1603,53.5,126,0,0,0,0,0,0,Healthy,None
8700,M18699,M,298.6,308.6,1337,27.4,22,0,0,0,0,0,0,Healthy,None
8701,H18700,H,300.9,310.9,1806,32.1,100,0,0,0,0,0,0,Healthy,None
8702,H18701,H,299.6,310.5,1615,45.0,48,0,0,0,0,0,0,Healthy,None
8703,L18702,L,298.9,307.9,1481,46.7,105,0,0,0,0,0,0,Healthy,None
8704,L18703,L,299.6,309.8,1613,63.3,3,1,0,0,1,0,0,Failure Risk,Power Failure
8705,L18704,L,304.1,314.5,1431,48.8,128,0,0,0,0,0,0,Healthy,None
8706,M18705,M,299.2,308.7,1761,63.8,192,1,0,0,1,1,0,Failure Risk,"Power Failure, Overstrain Failure"
8707,M18706,M,297.9,308.6,1719,40.2,166,0,0,0,0,0,0,Healthy,None
8708,M18707,M,301.2,311.7,1604,43.8,130,0,0,0,0,0,0,Healthy,None
8709,L18708,L,299.7,309.6,1647,34.4,239,0,0,0,0,0,0,Healthy,None
8710,M18709,M,297.2,307.1,1273,34.8,56,0,0,0,0,0,0,Healthy,None
8711,H18710,H,304.5,315.0,1800,41.5,58,0,0,0,0,0,0,Healthy,None
8712,L18711,L,299.3,310.1,1520,34.2,111,0,0,0,0,0,0,Healthy,None
8713,M18712,M,299.2,309.3,1721,14.6,206,1,1,0,1,0,0,Failure Risk,"Tool Wear Failure, Power Failure"
8714,L18713,L,300.3,311.4,1672,33.4,246,0,0,0,0,0,0,Healthy,None
8715,H18714,H,303.5,314.2,1718,50.7,234,1,1,0,1,0,0,Failure Risk,"Tool Wear Failure, Power Failure"
8716,H18715,H,296.6,304.8,1350,40.7,117,1,0,1,0,0,0,Failure Risk,Heat Dissipation Failure
8717,M18716,M,300.6,309.2,1373,40.8,17,1,0,1,0,0,0,Failure Risk,Heat Dissipation Failure
8718,M18717,M,304.2,315.4,1940,32.4,148,0,0,0,0,0,0,Healthy,None
8719,H18718,H,300.3,310.1,1266,43.3,55,0,0,0,0,0,0,Healthy,None
8720,L18719,L,297.5,307.7,1341,56.4,179,0,0,0,0,0,0,Healthy,None
8721,L18720,L,298.8,309.9,1545,53.9,125,0,0,0,0,0,0,Healthy,None
8722,M18721,M,300.4,310.4,1546,43.6,135,0,0,0,0,0,0,Healthy,None
8723,L18722,L,302.7,312.7,1441,31.5,24,0,0,0,0,0,0,Healthy,None
8724,L18723,L,299.3,308.4,1648,57.5,159,1,0,0,1,0,0,Failure Risk,Power Failure
8725,H18724,H,301.7,312.1,1699,50.5,119,0,0,0,0,0,0,Healthy,None
8726,M18725,M,297.1,307.7,1534,25.3,69,0,0,0,0,0,0,Healthy,None
8727,L18726,L,297.1,306.5,1489,22.6,241,1,1,0,0,0,0,Failure Risk,Tool Wear Failure
8728,L18727,L,299.0,308.1,1534,25.9,39,0,0,0,0,0,0,Healthy,None
8729,L18728,L,302.9,315.5,1448,35.1,83,0,0,0,0,0,0,Healthy,None
8730,L18729,L,300.1,310.0,1234,48.9,240,1,0,0,0,1,0,Failure Risk,Overstrain Failure
8731,L18730,L,300.6,309.9,1591,48.7,156,0,0,0,0,0,0,Healthy,None
8732,M18731,M,300.6,311.3,1675,43.4,196,0,0,0,0,0,0,Healthy,None
8733,L18732,L,302.2,312.1,1510,38.6,162,0,0,0,0,0,0,Healthy,None
8734,L18733,L,298.8,307.7,1168,63.5,82,0,0,0,0,0,0,Healthy,None
8735,L18734,L,301.4,311.9,1435,40.3,102,0,0,0,0,0,0,Healthy,None
8736,H18735,H,298.3,307.4,1700,39.1,203,0,0,0,0,0,0,Healthy,None
8737,L18736,L,304.0,315.6,1280,35.0,160,0,0,0,0,0,0,Healthy,None
8738,L18737,L,298.4,308.9,1662,61.9,98,1,0,0,1,0,0,Failure Risk,Power Failure
8739,L18738,L,298.2,307.9,1458,47.1,105,0,0,0,0,0,0,Healthy,None
8740,M18739,M,301.1,311.2,1534,29.8,101,0,0,0,0,0,0,Healthy,None
8741,M18740,M,300.2,311.1,1415,28.6,239,1,1,0,0,0,0,Failure Risk,Tool Wear Failure
8742,L18741,L,300.7,310.9,1334,23.4,173,1,0,0,1,0,0,Failure Risk,Power Failure
8743,L18742,L,300.5,312.6,1794,39.0,199,0,0,0,0,0,0,Healthy,None
8744,L18743,L,297.8,308.9,1684,25.2,229,0,0,0,0,0,0,Healthy,None
8745,M18744,M,303.2,313.7,1653,28.4,158,0,0,0,0,0,0,Healthy,None
8746,M18745,M,301.8,310.9,1700,50.6,202,1,0,0,1,0,0,Failure Risk,Power Failure
8747,L18746,L,302.7,312.6,1627,48.8,67,0,0,0,0,0,0,Healthy,None
8748,L18747,L,298.9,309.4,1706,54.8,167,1,0,0,1,0,0,Failure Risk,Power Failure
8749,L18748,L,300.8,310.0,1419,25.4,249,0,0,0,0,0,0,Healthy,None
8750,L18749,L,300.4,311.7,1784,30.1,196,0,0,0,0,0,0,Healthy,None
8751,M18750,M,302.3,311.3,1768,33.8,41,0,0,0,0,0,0,Healthy,None
8752,L18751,L,302.3,311.7,1606,56.2,213,1,0,0,1,1,0,Failure Risk,"Power Failure, Overstrain Failure"
8753,L18752,L,300.4,309.8,1486,40.6,171,0,0,0,0,0,0,Healthy,None
8754,L18753,L,297.0,307.7,1318,58.0,252,1,0,0,0,1,0,Failure Risk,Overstrain Failure
8755,H18754,H,303.6,312.8,1578,46.2,16,0,0,0,0,0,0,Healthy,None
8756,H18755,H,301.1,309.3,1839,38.9,147,0,0,0,0,0,0,Healthy,None
8757,L18756,L,298.8,309.9,1330,45.7,234,0,0,0,0,0,0,Healthy,None
8758,L18757,L,300.8,310.4,1720,22.9,115,0,0,0,0,0,0,Healthy,None
8759,L18758,L,297.0,305.9,1453,19.7,123,1,0,0,1,0,0,Failure Risk,Power Failure
8760,L18759,L,302.1,311.3,1468,42.6,203,0,0,0,0,0,0,Healthy,None
8761,L18760,L,297.1,308.8,1327,40.1,180,0,0,0,0,0,0,Healthy,None
8762,M18761,M,299.6,308.9,1403,59.1,43,0,0,0,0,0,0,Healthy,None
8763,M18762,M,300.5,310.4,1653,26.3,144,0,0,0,0,0,0,Healthy,None
8764,H18763,H,302.1,311.7,1676,43.7,243,0,0,0,0,0,0,Healthy,None
8765,L18764,L,300.2,309.0,1580,46.9,26,0,0,0,0,0,0,Healthy,None
8766,H18765,H,301.3,310.6,1448,43.4,150,0,0,0,0,0,0,Healthy,None
8767,M18766,M,299.9,308.6,1340,50.9,245,1,1,0,0,1,0,Failure Risk,"Tool Wear Failure, Overstrain Failure"
8768,L18767,L,299.9,310.9,1549,33.7,57,0,0,0,0,0,0,Healthy,None
8769,L18768,L,300.2,310.3,1472,48.2,196,0,0,0,0,0,0,Healthy,None
8770,L18769,L,299.6,312.1,1575,45.6,250,1,1,0,0,1,0,Failure Risk,"Tool Wear Failure, Overstrain Failure"
8771,L18770,L,296.6,305.9,1480,51.5,240,1,1,0,0,1,0,Failure Risk,"Tool Wear Failure, Overstrain Failure"
8772,L18771,L,298.5,307.6,1485,34.9,183,0,0,0,0,0,0,Healthy,None
8773,M18772,M,300.5,312.0,1566,28.3,91,0,0,0,0,0,0,Healthy,None
8774,L18773,L,299.5,310.6,1601,33.8,100,0,0,0,0,0,0,Healthy,None
8775,H18774,H,299.7,310.1,1757,29.5,93,0,0,0,0,0,0,Healthy,None
8776,L18775,L,299.4,308.3,1477,34.4,172,0,0,0,0,0,0,Healthy,None
8777,H18776,H,298.3,310.0,1635,36.7,156,0,0,0,0,0,0,Healthy,None
8778,L18777,L,299.0,308.9,1860,31.0,141,0,0,0,0,0,0,Healthy,None
8779,M18778,M,299.4,309.0,1640,40.1,135,0,0,0,0,0,0,Healthy,None
8780,L18779,L,300.0,311.1,1746,28.3,45,0,0,0,0,0,0,Healthy,None
8781,L18780,L,300.8,310.8,1426,39.3,154,0,0,0,0,0,0,Healthy,None
8782,H18781,H,299.6,308.4,1409,35.1,69,0,0,0,0,0,0,Healthy,None
8783,L18782,L,297.9,307.9,1509,38.8,134,0,0,0,0,0,0,Healthy,None
8784,M18783,M,297.2,306.4,1528,43.9,25,0,0,0,0,0,0,Healthy,None
8785,M18784,M,305.2,312.2,1729,35.9,169,0,0,0,0,0,0,Healthy,None
8786,L18785,L,297.7,306.8,1407,32.3,29,0,0,0,0,0,0,Healthy,None
8787,L18786,L,299.0,308.5,1522,33.5,208,0,0,0,0,0,0,Healthy,None
8788,M18787,M,301.0,309.8,1730,50.1,5,1,0,0,1,0,0,Failure Risk,Power Failure
8789,L18788,L,300.7,311.3,1576,52.6,66,0,0,0,0,0,0,Healthy,None
8790,M18789,M,301.0,310.2,1536,34.9,82,0,0,0,0,0,0,Healthy,None
8791,H18790,H,299.1,309.6,1580,38.5,210,0,0,0,0,0,0,Healthy,None
8792,L18791,L,300.5,309.3,1336,23.1,181,1,0,0,1,0,0,Failure Risk,Power Failure
8793,L18792,L,300.1,311.0,1333,38.2,215,0,0,0,0,0,0,Healthy,None
8794,M18793,M,299.4,308.1,1253,25.6,219,1,0,0,1,0,0,Failure Risk,Power Failure
8795,L18794,L,300.5,308.2,1574,35.2,34,0,0,0,0,0,0,Healthy,None
8796,L18795,L,302.1,313.3,1702,50.7,34,1,0,0,1,0,0,Failure Risk,Power Failure
8797,L18796,L,300.0,309.1,1675,25.1,4,0,0,0,0,0,0,Healthy,None
8798,M18797,M,300.0,311.8,1742,31.1,101,0,0,0,0,0,0,Healthy,None
8799,L18798,L,302.1,312.7,1798,31.1,5,0,0,0,0,0,0,Healthy,None
8800,L18799,L,301.9,312.7,1563,23.5,246,1,1,0,0,0,0,Failure Risk,Tool Wear Failure
8801,M18800,M,303.2,314.2,1526,48.5,92,0,0,0,0,0,0,Healthy,None
8802,L18801,L,296.5,306.6,1802,42.7,22,0,0,0,0,0,0,Healthy,None
8803,L18802,L,301.8,311.9,1412,57.9,236,1,0,0,0,1,0,Failure Risk,Overstrain Failure
8804,H18803,H,301.2,312.5,1327,30.1,58,0,0,0,0,0,0,Healthy,None
8805,M18804,M,298.2,308.3,1477,22.5,178,1,0,0,1,0,0,Failure Risk,Power Failure
8806,H18805,H,300.5,309.8,1456,49.3,189,0,0,0,0,0,0,Healthy,None
8807,L18806,L,302.1,312.7,1546,36.4,100,0,0,0,0,0,0,Healthy,None
8808,M18807,M,298.3,306.2,1385,35.4,31,0,0,0,0,0,0,Healthy,None
8809,L18808,L,300.9,312.2,1604,54.6,0,1,0,0,1,0,0,Failure Risk,Power Failure
8810,L18809,L,301.7,313.0,1436,41.7,176,0,0,0,0,0,0,Healthy,None
8811,L18810,L,297.9,309.1,1757,49.0,225,1,0,0,1,1,0,Failure Risk,"Power Failure, Overstrain Failure"
8812,L18811,L,299.7,310.9,1324,33.8,235,0,0,0,0,0,0,Healthy,None
8813,H18812,H,300.6,310.5,1513,32.8,27,0,0,0,0,0,0,Healthy,None
8814,L18813,L,298.4,308.3,1478,36.4,113,0,0,0,0,0,0,Healthy,None
8815,M18814,M,298.2,307.0,1579,46.6,198,0,0,0,0,0,0,Healthy,None
8816,M18815,M,299.7,311.4,1703,40.5,164,0,0,0,0,0,0,Healthy,None
8817,M18816,M,301.6,311.1,1585,44.6,28,0,0,0,0,0,0,Healthy,None
8818,L18817,L,301.3,311.6,1514,14.2,146,1,0,0,1,0,0,Failure Risk,Power Failure
8819,M18818,M,298.3,308.6,1661,21.4,111,0,0,0,0,0,0,Healthy,None
8820,L18819,L,301.3,310.0,1688,18.7,246,1,0,0,1,0,0,Failure Risk,Power Failure
8821,L18820,L,298.3,306.6,1586,36.2,107,0,0,0,0,0,0,Healthy,None
8822,H18821,H,296.8,306.8,1607,26.2,18,0,0,0,0,0,0,Healthy,None
8823,L18822,L,299.3,308.8,1653,56.7,178,1,0,0,1,0,0,Failure Risk,Power Failure
8824,L18823,L,302.2,312.1,1243,39.8,211,0,0,0,0,0,0,Healthy,None
8825,H18824,H,301.3,312.4,1475,42.1,116,0,0,0,0,0,0,Healthy,None
8826,L18825,L,300.0,310.2,1605,29.2,14,0,0,0,0,0,0,Healthy,None
8827,M18826,M,299.2,310.0,1485,28.9,151,0,0,0,0,0,0,Healthy,None
8828,L18827,L,299.2,309.6,1486,55.4,104,0,0,0,0,0,0,Healthy,None
8829,L18828,L,300.2,309.9,1605,57.6,188,1,0,0,1,0,0,Failure Risk,Power Failure
8830,L18829,L,297.9,306.9,1609,44.1,52,0,0,0,0,0,0,Healthy,None
8831,L18830,L,299.3,309.6,1621,19.9,199,1,0,0,1,0,0,Failure Risk,Power Failure
8832,L18831,L,299.6,309.7,1396,35.8,114,0,0,0,0,0,0,Healthy,None
8833,M18832,M,297.3,308.2,1284,43.1,186,0,0,0,0,0,0,Healthy,None
8834,M18833,M,298.3,308.1,1681,37.7,6,0,0,0,0,0,0,Healthy,None
8835,H18834,H,300.8,310.5,1405,19.0,210,1,0,0,1,0,0,Failure Risk,Power Failure
8836,L18835,L,300.0,309.8,1392,58.3,91,0,0,0,0,0,0,Healthy,None
8837,M18836,M,299.4,308.5,1376,31.7,75,0,0,0,0,0,0,Healthy,None
8838,M18837,M,298.2,309.6,1744,26.7,89,0,0,0,0,0,0,Healthy,None
8839,H18838,H,303.2,314.3,1575,39.7,98,0,0,0,0,0,0,Healthy,None
8840,L18839,L,298.3,307.1,1599,51.7,67,0,0,0,0,0,0,Healthy,None
8841,M18840,M,300.5,311.3,1661,45.1,33,0,0,0,0,0,0,Healthy,None
8842,H18841,H,299.0,307.2,1530,27.0,6,0,0,0,0,0,0,Healthy,None
8843,L18842,L,300.1,311.1,1719,25.3,181,0,0,0,0,0,0,Healthy,None
8844,H18843,H,300.9,310.2,1323,18.3,218,1,1,0,1,0,0,Failure Risk,"Tool Wear Failure, Power Failure"
8845,L18844,L,297.3,307.7,1343,37.1,194,0,0,0,0,0,0,Healthy,None
8846,M18845,M,300.0,308.1,1333,35.3,96,1,0,1,0,0,0,Failure Risk,Heat Dissipation Failure
8847,H18846,H,302.4,311.2,1613,45.1,139,0,0,0,0,0,0,Healthy,None
8848,M18847,M,303.5,314.0,1628,33.2,57,0,0,0,0,0,0,Healthy,None
8849,L18848,L,299.7,309.0,1453,49.6,210,0,0,0,0,0,0,Healthy,None
8850,L18849,L,300.1,309.3,1496,46.5,51,0,0,0,0,0,0,Healthy,None
8851,H18850,H,304.4,315.8,1764,32.8,121,0,0,0,0,0,0,Healthy,None
8852,L18851,L,302.3,314.5,1413,43.9,208,0,0,0,0,0,0,Healthy,None
8853,L18852,L,298.8,309.7,1590,53.2,55,0,0,0,0,0,0,Healthy,None
8854,M18853,M,298.8,307.7,1415,30.5,81,0,0,0,0,0,0,Healthy,None
8855,L18854,L,301.9,313.7,1734,37.9,2,0,0,0,0,0,0,Healthy,None
8856,L18855,L,298.0,306.4,1650,37.7,140,0,0,0,0,0,0,Healthy,None
8857,L18856,L,302.2,311.9,1287,36.5,95,0,0,0,0,0,0,Healthy,None
8858,L18857,L,300.7,310.8,1491,47.9,62,0,0,0,0,0,0,Healthy,None
8859,M18858,M,301.0,312.9,1168,48.7,132,0,0,0,0,0,0,Healthy,None
8860,M18859,M,299.5,310.4,1699,44.0,152,0,0,0,0,0,0,Healthy,None
8861,M18860,M,298.7,308.2,1904,43.6,85,0,0,0,0,0,0,Healthy,None
8862,H18861,H,302.9,312.0,1168,34.4,114,0,0,0,0,0,0,Healthy,None
8863,H18862,H,299.5,310.5,1282,43.3,114,0,0,0,0,0,0,Healthy,None
8864,M18863,M,299.2,308.7,1567,27.3,71,0,0,0,0,0,0,Healthy,None
8865,L18864,L,299.8,310.0,1534,64.5,51,1,0,0,1,0,0,Failure Risk,Power Failure
8866,M18865,M,300.4,309.0,1464,53.4,207,0,0,0,0,0,0,Healthy,None
8867,L18866,L,297.9,308.5,1226,49.5,95,0,0,0,0,0,0,Healthy,None
8868,M18867,M,298.9,309.4,1595,44.0,4,0,0,0,0,0,0,Healthy,None
8869,M18868,M,298.8,307.6,1696,44.1,99,0,0,0,0,0,0,Healthy,None
8870,L18869,L,301.7,312.7,2047,23.3,58,0,0,0,0,0,0,Healthy,None
8871,H18870,H,298.2,308.8,1772,27.5,24,0,0,0,0,0,0,Healthy,None
8872,L18871,L,296.5,307.2,1305,28.8,79,0,0,0,0,0,0,Healthy,None
8873,M18872,M,296.1,305.7,1535,40.6,87,0,0,0,0,0,0,Healthy,None
8874,L18873,L,297.1,307.3,1643,37.2,13,0,0,0,0,0,0,Healthy,None
8875,H18874,H,302.7,312.8,1414,48.0,204,1,1,0,0,0,0,Failure Risk,Tool Wear Failure
8876,L18875,L,300.0,309.9,1677,30.4,214,0,0,0,0,0,0,Healthy,None
8877,L18876,L,301.0,311.2,1663,50.2,51,0,0,0,0,0,0,Healthy,None
8878,L18877,L,301.1,312.4,1759,31.9,24,0,0,0,0,0,0,Healthy,None
8879,L18878,L,300.1,311.2,1681,35.9,218,0,0,0,0,0,0,Healthy,None
8880,L18879,L,299.9,308.7,1589,48.9,71,0,0,0,0,0,0,Healthy,None
8881,M18880,M,302.1,313.1,1423,45.0,55,0,0,0,0,0,0,Healthy,None
8882,L18881,L,300.3,311.5,1306,27.6,249,1,1,0,0,0,0,Failure Risk,Tool Wear Failure
8883,L18882,L,302.8,312.6,1577,50.5,209,0,0,0,0,0,0,Healthy,None
8884,L18883,L,301.2,311.7,1465,40.9,36,0,0,0,0,0,0,Healthy,None
8885,H18884,H,298.8,309.3,1483,18.8,197,1,0,0,1,0,0,Failure Risk,Power Failure
8886,M18885,M,299.0,308.2,1738,31.7,133,0,0,0,0,0,0,Healthy,None
8887,M18886,M,298.5,308.1,1783,35.9,152,0,0,0,0,0,0,Healthy,None
8888,M18887,M,302.4,313.2,1316,28.4,147,0,0,0,0,0,0,Healthy,None
8889,L18888,L,299.2,308.7,1500,53.3,22,0,0,0,0,0,0,Healthy,None
8890,L18889,L,298.4,309.4,1460,36.3,56,0,0,0,0,0,0,Healthy,None
8891,L18890,L,300.6,311.9,1594,44.6,180,0,0,0,0,0,0,Healthy,None
8892,H18891,H,299.8,310.9,1168,42.0,186,0,0,0,0,0,0,Healthy,None
8893,H18892,H,300.6,312.6,1276,47.0,117,0,0,0,0,0,0,Healthy,None
8894,L18893,L,303.8,313.7,1516,56.6,80,0,0,0,0,0,0,Healthy,None
8895,L18894,L,301.8,312.0,1678,46.7,223,1,1,0,0,0,0,Failure Risk,Tool Wear Failure
8896,L18895,L,300.1,310.4,1551,57.3,60,1,0,0,1,0,0,Failure Risk,Power Failure
8897,L18896,L,297.2,307.1,1658,47.0,54,0,0,0,0,0,0,Healthy,None
8898,M18897,M,299.0,309.5,1573,41.3,79,0,0,0,0,0,0,Healthy,None
8899,L18898,L,301.4,309.7,1766,43.2,228,0,0,0,0,0,0,Healthy,None
8900,H18899,H,297.7,307.9,1803,14.0,19,1,0,0,1,0,0,Failure Risk,Power Failure
8901,L18900,L,304.3,312.9,1401,35.5,2,0,0,0,0,0,0,Healthy,None
8902,H18901,H,300.0,309.0,1696,38.6,64,0,0,0,0,0,0,Healthy,None
8903,M18902,M,300.1,310.8,1628,44.3,36,0,0,0,0,0,0,Healthy,None
8904,M18903,M,298.7,308.5,1986,39.7,162,0,0,0,0,0,0,Healthy,None
8905,M18904,M,301.0,311.7,1395,43.3,247,1,1,0,0,0,0,Failure Risk,Tool Wear Failure
8906,M18905,M,297.7,307.5,1517,26.9,123,0,0,0,0,0,0,Healthy,None
8907,M18906,M,304.3,315.4,1353,24.3,15,1,0,0,1,0,0,Failure Risk,Power Failure
8908,M18907,M,302.6,312.4,1363,28.3,111,0,0,0,0,0,0,Healthy,None
8909,M18908,M,302.0,310.0,1607,55.6,252,1,0,0,1,1,0,Failure Risk,"Power Failure, Overstrain Failure"
8910,H18909,H,297.2,307.4,1574,27.4,3,0,0,0,0,0,0,Healthy,None
8911,M18910,M,300.4,308.2,1634,32.2,2,0,0,0,0,0,0,Healthy,None
8912,M18911,M,302.4,310.9,1631,41.0,107,0,0,0,0,0,0,Healthy,None
8913,H18912,H,301.2,310.3,1495,24.2,16,0,0,0,0,0,0,Healthy,None
8914,L18913,L,298.0,307.0,1494,31.4,171,0,0,0,0,0,0,Healthy,None
8915,L18914,L,298.7,308.2,1364,46.7,190,0,0,0,0,0,0,Healthy,None
8916,L18915,L,299.1,308.1,1412,35.7,233,0,0,0,0,0,0,Healthy,None
8917,M18916,M,298.8,307.4,1527,56.7,97,1,0,0,1,0,0,Failure Risk,Power Failure
8918,H18917,H,303.1,314.6,1573,23.2,169,0,0,0,0,0,0,Healthy,None
8919,L18918,L,296.2,305.5,1665,36.6,97,0,0,0,0,0,0,Healthy,None
8920,M18919,M,301.3,309.1,1646,35.7,144,0,0,0,0,0,0,Healthy,None
8921,M18920,M,297.4,307.0,1816,39.9,23,0,0,0,0,0,0,Healthy,None
8922,L18921,L,298.1,307.0,1363,27.9,164,0,0,0,0,0,0,Healthy,None
8923,M18922,M,296.0,305.1,1496,34.3,1,0,0,0,0,0,0,Healthy,None
8924,H18923,H,298.9,309.6,1379,47.8,119,0,0,0,0,0,0,Healthy,None
8925,L18924,L,303.0,312.6,1766,37.3,13,0,0,0,0,0,0,Healthy,None
8926,M18925,M,300.5,309.3,1448,29.4,137,0,0,0,0,0,0,Healthy,None
8927,M18926,M,297.6,308.0,1744,60.6,14,1,0,0,1,0,0,Failure Risk,Power Failure
8928,L18927,L,302.0,313.1,1798,40.5,36,0,0,0,0,0,0,Healthy,None
8929,L18928,L,302.5,313.0,1612,46.1,57,0,0,0,0,0,0,Healthy,None
8930,H18929,H,300.2,307.7,1590,47.6,173,0,0,0,0,0,0,Healthy,None
8931,L18930,L,304.1,313.0,1544,39.3,180,0,0,0,0,0,0,Healthy,None
8932,L18931,L,301.6,311.6,1481,32.2,81,0,0,0,0,0,0,Healthy,None
8933,L18932,L,301.4,311.2,1459,42.0,55,0,0,0,0,0,0,Healthy,None
8934,M18933,M,298.4,308.1,1511,33.1,236,1,1,0,0,0,0,Failure Risk,Tool Wear Failure
8935,M18934,M,301.3,310.3,1864,43.7,12,0,0,0,0,0,0,Healthy,None
8936,M18935,M,300.4,309.0,1351,38.4,162,0,0,0,0,0,0,Healthy,None
8937,L18936,L,301.0,313.0,1574,50.2,163,0,0,0,0,0,0,Healthy,None
8938,H18937,H,298.6,308.6,1665,28.7,228,1,1,0,0,0,0,Failure Risk,Tool Wear Failure
8939,L18938,L,300.3,310.9,1487,47.1,73,0,0,0,0,0,0,Healthy,None
8940,L18939,L,298.4,308.4,1612,46.1,248,1,0,0,0,1,0,Failure Risk,Overstrain Failure
8941,L18940,L,295.7,305.7,1268,37.6,92,0,0,0,0,0,0,Healthy,None
8942,L18941,L,302.0,311.9,1775,47.2,161,0,0,0,0,0,0,Healthy,None
8943,H18942,H,297.0,305.9,1740,44.1,23,0,0,0,0,0,0,Healthy,None
8944,H18943,H,300.2,308.7,1520,46.6,180,0,0,0,0,0,0,Healthy,None
8945,L18944,L,300.7,311.1,1380,46.0,26,0,0,0,0,0,0,Healthy,None
8946,H18945,H,300.7,310.9,1679,40.5,200,1,1,0,0,0,0,Failure Risk,Tool Wear Failure
8947,M18946,M,299.4,310.3,1332,34.1,200,1,1,0,0,0,0,Failure Risk,Tool Wear Failure
8948,H18947,H,300.5,311.2,1358,34.0,73,0,0,0,0,0,0,Healthy,None
8949,L18948,L,300.9,310.1,1528,37.9,139,0,0,0,0,0,0,Healthy,None
8950,M18949,M,301.5,312.6,1809,48.3,142,1,0,0,1,0,0,Failure Risk,Power Failure
8951,L18950,L,303.5,314.3,1652,46.3,2,0,0,0,0,0,0,Healthy,None
8952,H18951,H,300.5,311.2,1422,50.0,27,0,0,0,0,0,0,Healthy,None
8953,L18952,L,300.1,312.3,1236,51.0,8,0,0,0,0,0,0,Healthy,None
8954,M18953,M,298.2,310.2,1545,37.9,166,0,0,0,0,0,0,Healthy,None
8955,L18954,L,300.9,311.6,1583,59.4,29,1,0,0,1,0,0,Failure Risk,Power Failure
8956,L18955,L,301.3,311.9,1524,39.0,56,0,0,0,0,0,0,Healthy,None
8957,M18956,M,299.6,310.7,1861,35.1,22,0,0,0,0,0,0,Healthy,None
8958,H18957,H,301.1,310.5,1514,43.3,157,0,0,0,0,0,0,Healthy,None
8959,M18958,M,299.4,308.8,1168,44.8,63,0,0,0,0,0,0,Healthy,None
8960,H18959,H,301.3,312.0,1465,32.7,143,0,0,0,0,0,0,Healthy,None
8961,L18960,L,301.8,310.9,1619,38.4,119,0,0,0,0,0,0,Healthy,None
8962,M18961,M,301.8,312.4,1607,35.6,163,0,0,0,0,0,0,Healthy,None
8963,L18962,L,300.2,310.4,1506,41.4,29,0,0,0,0,0,0,Healthy,None
8964,L18963,L,297.9,307.0,1476,47.9,45,0,0,0,0,0,0,Healthy,None
8965,M18964,M,298.8,308.8,1180,37.4,100,0,0,0,0,0,0,Healthy,None
8966,M18965,M,301.2,312.5,1553,45.7,79,0,0,0,0,0,0,Healthy,None
8967,M18966,M,304.9,315.0,1477,26.3,91,0,0,0,0,0,0,Healthy,None
8968,M18967,M,299.3,309.4,1582,48.8,117,0,0,0,0,0,0,Healthy,None
8969,M18968,M,300.9,311.2,1625,35.5,147,0,0,0,0,0,0,Healthy,None
8970,L18969,L,298.9,309.4,1760,35.3,205,0,0,0,0,0,0,Healthy,None
8971,L18970,L,298.1,307.8,1366,44.0,108,0,0,0,0,0,0,Healthy,None
8972,M18971,M,298.6,309.0,1306,44.5,55,0,0,0,0,0,0,Healthy,None
8973,L18972,L,295.8,304.8,1435,38.9,220,0,0,0,0,0,0,Healthy,None
8974,L18973,L,302.7,311.9,1406,31.2,237,1,1,0,0,0,0,Failure Risk,Tool Wear Failure
8975,L18974,L,295.5,304.8,1390,35.3,36,0,0,0,0,0,0,Healthy,None
8976,M18975,M,299.5,310.0,1796,40.9,210,0,0,0,0,0,0,Healthy,None
8977,L18976,L,297.6,307.8,1564,44.8,208,0,0,0,0,0,0,Healthy,None
8978,M18977,M,298.2,308.1,1891,31.9,189,0,0,0,0,0,0,Healthy,None
8979,M18978,M,302.8,313.5,1537,33.7,192,0,0,0,0,0,0,Healthy,None
8980,L18979,L,300.4,310.8,1328,42.6,156,0,0,0,0,0,0,Healthy,None
8981,M18980,M,298.1,307.8,1393,39.2,125,0,0,0,0,0,0,Healthy,None
8982,M18981,M,298.8,307.8,1721,41.5,125,0,0,0,0,0,0,Healthy,None
8983,M18982,M,298.5,307.7,1335,14.1,127,1,0,0,1,0,0,Failure Risk,Power Failure
8984,M18983,M,299.9,308.4,1637,37.1,92,0,0,0,0,0,0,Healthy,None
8985,L18984,L,300.3,310.4,1474,48.4,215,0,0,0,0,0,0,Healthy,None
8986,M18985,M,303.8,312.9,1371,33.9,82,0,0,0,0,0,0,Healthy,None
8987,L18986,L,296.2,305.7,1786,44.8,42,0,0,0,0,0,0,Healthy,None
8988,H18987,H,299.9,309.8,1432,28.0,201,0,0,0,0,0,0,Healthy,None
8989,H18988,H,299.4,310.4,1389,24.5,35,0,0,0,0,0,0,Healthy,None
8990,M18989,M,301.9,312.8,1523,44.1,118,0,0,0,0,0,0,Healthy,None
8991,L18990,L,300.7,310.6,1447,39.5,144,0,0,0,0,0,0,Healthy,None
8992,L18991,L,301.2,312.5,1934,36.7,181,0,0,0,0,0,0,Healthy,None
8993,L18992,L,300.7,308.7,1727,48.4,144,0,0,0,0,0,0,Healthy,None
8994,L18993,L,298.1,310.0,1432,36.9,159,0,0,0,0,0,0,Healthy,None
8995,L18994,L,302.4,313.1,1452,33.7,143,0,0,0,0,0,0,Healthy,None
8996,M18995,M,301.6,311.7,1176,32.7,50,0,0,0,0,0,0,Healthy,None
8997,L18996,L,301.8,310.9,1562,30.6,115,0,0,0,0,0,0,Healthy,None
8998,H18997,H,302.5,312.1,1404,44.6,186,0,0,0,0,0,0,Healthy,None
8999,L18998,L,300.8,311.4,1553,36.9,237,0,0,0,0,0,0,Healthy,None
9000,H18999,H,303.0,313.6,1186,51.3,22,0,0,0,0,0,0,Healthy,None
9001,H19000,H,300.8,311.5,1533,10.8,143,1,0,0,1,0,0,Failure Risk,Power Failure
9002,M19001,M,299.6,308.9,1842,49.1,31,1,0,0,1,0,0,Failure Risk,Power Failure
9003,M19002,M,300.0,309.1,1547,43.6,65,0,0,0,0,0,0,Healthy,None
9004,L19003,L,300.0,310.2,1399,39.1,103,0,0,0,0,0,0,Healthy,None
9005,M19004,M,299.0,309.8,1534,27.2,69,0,0,0,0,0,0,Healthy,None
9006,L19005,L,303.3,313.3,1526,23.6,201,0,0,0,0,0,0,Healthy,None
9007,L19006,L,300.6,312.1,1930,47.4,225,1,1,0,1,0,0,Failure Risk,"Tool Wear Failure, Power Failure"
9008,M19007,M,300.2,310.2,1478,42.4,189,0,0,0,0,0,0,Healthy,None
9009,L19008,L,300.8,310.8,1322,42.2,157,0,0,0,0,0,0,Healthy,None
9010,M19009,M,306.0,316.7,1541,39.0,114,0,0,0,0,0,0,Healthy,None
9011,L19010,L,297.7,308.9,1573,48.4,163,0,0,0,0,0,0,Healthy,None
9012,L19011,L,298.3,307.0,1638,34.2,5,0,0,0,0,0,0,Healthy,None
9013,L19012,L,297.2,306.1,1673,36.7,44,0,0,0,0,0,0,Healthy,None
9014,L19013,L,299.5,309.2,1888,38.3,32,0,0,0,0,0,0,Healthy,None
9015,L19014,L,300.5,313.7,1431,37.9,4,0,0,0,0,0,0,Healthy,None
9016,L19015,L,299.1,308.8,1415,53.2,55,0,0,0,0,0,0,Healthy,None
9017,L19016,L,298.9,308.8,1206,27.6,27,1,0,0,1,0,0,Failure Risk,Power Failure
9018,H19017,H,300.3,310.9,1656,20.6,134,0,0,0,0,0,0,Healthy,None
9019,L19018,L,299.0,310.0,1379,25.6,237,0,0,0,0,0,0,Healthy,None
9020,M19019,M,300.6,310.8,1697,46.8,58,0,0,0,0,0,0,Healthy,None
9021,L19020,L,302.2,313.4,1449,39.0,146,0,0,0,0,0,0,Healthy,None
9022,H19021,H,301.4,310.2,1846,24.2,61,0,0,0,0,0,0,Healthy,None
9023,L19022,L,301.8,311.0,1281,41.0,42,0,0,0,0,0,0,Healthy,None
9024,L19023,L,302.2,313.4,1721,36.8,49,0,0,0,0,0,0,Healthy,None
9025,M19024,M,300.6,310.6,1699,45.5,241,0,0,0,0,0,0,Healthy,None
9026,L19025,L,299.7,308.4,1632,47.9,217,0,0,0,0,0,0,Healthy,None
9027,M19026,M,298.5,307.2,1338,64.9,180,1,0,0,1,0,0,Failure Risk,Power Failure
9028,L19027,L,299.2,308.4,1633,28.3,119,0,0,0,0,0,0,Healthy,None
9029,H19028,H,299.0,309.0,1560,21.6,101,0,0,0,0,0,0,Healthy,None
9030,L19029,L,301.5,312.0,1210,45.8,37,0,0,0,0,0,0,Healthy,None
9031,L19030,L,300.7,310.4,1816,49.8,230,1,0,0,1,1,0,Failure Risk,"Power Failure, Overstrain Failure"
9032,M19031,M,301.4,311.8,1476,27.4,144,0,0,0,0,0,0,Healthy,None
9033,L19032,L,297.7,307.3,1803,27.4,210,1,1,0,0,0,0,Failure Risk,Tool Wear Failure
9034,H19033,H,302.9,314.1,1525,43.4,26,0,0,0,0,0,0,Healthy,None
9035,L19034,L,299.1,311.7,1713,57.0,164,1,0,0,1,0,0,Failure Risk,Power Failure
9036,M19035,M,297.8,307.4,1384,31.3,126,0,0,0,0,0,0,Healthy,None
9037,L19036,L,299.1,309.6,1576,40.9,6,0,0,0,0,0,0,Healthy,None
9038,H19037,H,305.0,315.4,1563,21.2,37,1,0,0,1,0,0,Failure Risk,Power Failure
9039,M19038,M,299.2,309.3,1480,38.0,208,0,0,0,0,0,0,Healthy,None
9040,L19039,L,299.3,310.0,1382,38.9,120,0,0,0,0,0,0,Healthy,None
9041,L19040,L,299.6,310.1,1168,54.5,156,0,0,0,0,0,0,Healthy,None
9042,L19041,L,299.7,309.2,1386,33.0,50,0,0,0,0,0,0,Healthy,None
9043,H19042,H,298.4,309.7,1663,46.8,107,0,0,0,0,0,0,Healthy,None
9044,L19043,L,300.3,310.5,1288,32.4,102,0,0,0,0,0,0,Healthy,None
9045,L19044,L,302.2,311.8,1325,40.9,235,1,1,0,0,0,0,Failure Risk,Tool Wear Failure
9046,L19045,L,300.6,313.0,1281,60.6,208,1,0,0,0,1,0,Failure Risk,Overstrain Failure
9047,L19046,L,297.8,307.7,1575,57.8,142,1,0,0,1,0,0,Failure Risk,Power Failure
9048,M19047,M,299.3,309.6,1378,59.4,143,0,0,0,0,0,0,Healthy,None
9049,H19048,H,298.9,309.1,1756,43.9,96,0,0,0,0,0,0,Healthy,None
9050,M19049,M,300.1,310.0,1669,37.9,10,0,0,0,0,0,0,Healthy,None
9051,H19050,H,302.7,313.1,1573,42.8,160,0,0,0,0,0,0,Healthy,None
9052,M19051,M,299.7,308.9,1592,44.6,95,0,0,0,0,0,0,Healthy,None
9053,L19052,L,299.8,310.4,1401,43.9,236,1,1,0,0,0,0,Failure Risk,Tool Wear Failure
9054,L19053,L,303.6,311.8,1401,33.0,91,0,0,0,0,0,0,Healthy,None
9055,M19054,M,301.8,310.5,1665,32.6,126,0,0,0,0,0,0,Healthy,None
9056,H19055,H,301.1,312.9,1701,34.1,147,0,0,0,0,0,0,Healthy,None
9057,H19056,H,303.9,312.6,1663,50.6,240,0,0,0,0,0,0,Healthy,None
9058,L19057,L,301.0,309.0,1453,51.7,28,0,0,0,0,0,0,Healthy,None
9059,L19058,L,296.0,304.8,1467,71.5,15,1,0,0,1,0,0,Failure Risk,Power Failure
9060,L19059,L,301.7,313.4,1371,44.2,93,0,0,0,0,0,0,Healthy,None
9061,H19060,H,296.8,305.0,1675,32.2,144,0,0,0,0,0,0,Healthy,None
9062,H19061,H,300.9,309.9,1186,35.3,184,0,0,0,0,0,0,Healthy,None
9063,M19062,M,296.6,305.1,1168,38.4,205,1,0,1,0,0,0,Failure Risk,Heat Dissipation Failure
9064,L19063,L,299.1,308.8,1179,54.9,215,1,0,0,0,1,0,Failure Risk,Overstrain Failure
9065,M19064,M,299.3,308.9,1168,47.3,36,0,0,0,0,0,0,Healthy,None
9066,L19065,L,298.5,308.0,1780,26.7,76,0,0,0,0,0,0,Healthy,None
9067,L19066,L,299.3,311.2,1678,39.4,17,0,0,0,0,0,0,Healthy,None
9068,M19067,M,302.1,310.9,1323,25.4,70,0,0,0,0,0,0,Healthy,None
9069,L19068,L,298.6,308.5,1519,45.9,123,0,0,0,0,0,0,Healthy,None
9070,L19069,L,301.1,311.4,1800,33.0,176,0,0,0,0,0,0,Healthy,None
9071,H19070,H,298.1,307.1,1627,33.9,138,0,0,0,0,0,0,Healthy,None
9072,M19071,M,299.6,310.1,1916,21.4,184,0,0,0,0,0,0,Healthy,None
9073,L19072,L,300.6,310.2,1517,47.5,208,0,0,0,0,0,0,Healthy,None
9074,M19073,M,298.0,308.4,1420,52.0,18,0,0,0,0,0,0,Healthy,None
9075,L19074,L,297.4,307.3,1344,33.1,69,0,0,0,0,0,0,Healthy,None
9076,M19075,M,301.0,308.9,1542,38.4,115,0,0,0,0,0,0,Healthy,None
9077,M19076,M,302.2,313.5,1705,35.3,209,0,0,0,0,0,0,Healthy,None
9078,M19077,M,299.8,311.9,1555,37.8,52,0,0,0,0,0,0,Healthy,None
9079,M19078,M,299.1,308.9,1473,31.9,9,0,0,0,0,0,0,Healthy,None
9080,L19079,L,300.3,309.4,1762,29.1,0,0,0,0,0,0,0,Healthy,None
9081,L19080,L,300.1,311.6,1632,53.5,0,1,0,0,1,0,0,Failure Risk,Power Failure
9082,L19081,L,300.5,312.4,1517,13.9,46,1,0,0,1,0,0,Failure Risk,Power Failure
9083,L19082,L,294.9,304.7,1400,45.0,250,1,0,0,0,1,0,Failure Risk,Overstrain Failure
9084,M19083,M,297.9,307.7,1492,42.8,229,0,0,0,0,0,0,Healthy,None
9085,L19084,L,298.3,308.2,1622,56.4,154,1,0,0,1,0,0,Failure Risk,Power Failure
9086,L19085,L,300.3,308.6,1398,37.7,152,0,0,0,0,0,0,Healthy,None
9087,L19086,L,300.4,310.1,1317,36.3,217,0,0,0,0,0,0,Healthy,None
9088,H19087,H,301.3,313.0,1452,32.0,102,0,0,0,0,0,0,Healthy,None
9089,L19088,L,300.5,310.3,1529,43.5,137,0,0,0,0,0,0,Healthy,None
9090,M19089,M,297.4,306.4,1782,33.0,163,0,0,0,0,0,0,Healthy,None
9091,L19090,L,302.9,313.4,1330,28.8,173,0,0,0,0,0,0,Healthy,None
9092,L19091,L,302.5,311.8,1578,32.7,135,0,0,0,0,0,0,Healthy,None
9093,L19092,L,297.5,307.4,1488,30.6,224,0,0,0,0,0,0,Healthy,None
9094,M19093,M,300.7,309.4,1497,30.0,189,0,0,0,0,0,0,Healthy,None
9095,M19094,M,298.8,307.8,1813,40.8,156,0,0,0,0,0,0,Healthy,None
9096,H19095,H,300.3,311.0,1552,38.1,52,0,0,0,0,0,0,Healthy,None
9097,L19096,L,302.1,312.2,1374,45.4,225,0,0,0,0,0,0,Healthy,None
9098,L19097,L,304.3,313.5,1697,41.5,218,0,0,0,0,0,0,Healthy,None
9099,H19098,H,301.5,311.6,1683,28.1,242,0,0,0,0,0,0,Healthy,None
9100,L19099,L,300.6,310.0,1358,19.0,105,1,0,0,1,0,0,Failure Risk,Power Failure
9101,M19100,M,299.3,308.5,1324,29.5,3,0,0,0,0,0,0,Healthy,None
9102,M19101,M,300.4,311.6,1611,47.6,48,0,0,0,0,0,0,Healthy,None
9103,L19102,L,302.7,313.5,1532,47.3,111,0,0,0,0,0,0,Healthy,None
9104,M19103,M,299.9,309.9,1453,49.7,196,0,0,0,0,0,0,Healthy,None
9105,L19104,L,298.2,308.3,1727,48.3,169,0,0,0,0,0,0,Healthy,None
9106,L19105,L,296.8,306.8,1431,50.8,117,0,0,0,0,0,0,Healthy,None
9107,L19106,L,301.0,311.5,1613,44.0,74,0,0,0,0,0,0,Healthy,None
9108,H19107,H,300.5,309.7,1748,57.8,64,1,0,0,1,0,0,Failure Risk,Power Failure
9109,L19108,L,298.7,309.6,1477,42.9,204,0,0,0,0,0,0,Healthy,None
9110,M19109,M,302.1,312.5,1210,59.8,83,0,0,0,0,0,0,Healthy,None
9111,H19110,H,299.2,308.9,1465,33.8,33,0,0,0,0,0,0,Healthy,None
9112,M19111,M,299.7,309.2,1571,33.5,96,0,0,0,0,0,0,Healthy,None
9113,M19112,M,300.0,310.8,1717,38.1,13,0,0,0,0,0,0,Healthy,None
9114,L19113,L,299.3,309.1,1444,39.6,180,0,0,0,0,0,0,Healthy,None
9115,L19114,L,300.5,309.8,1846,36.8,75,0,0,0,0,0,0,Healthy,None
9116,L19115,L,302.3,311.9,1305,45.3,202,0,0,0,0,0,0,Healthy,None
9117,M19116,M,297.7,308.5,1567,39.0,0,0,0,0,0,0,0,Healthy,None
9118,H19117,H,301.0,309.4,1495,34.0,237,0,0,0,0,0,0,Healthy,None
9119,H19118,H,300.3,309.9,1779,36.1,7,0,0,0,0,0,0,Healthy,None
9120,H19119,H,300.3,311.4,1274,52.1,145,0,0,0,0,0,0,Healthy,None
9121,H19120,H,301.7,311.5,1614,43.1,132,0,0,0,0,0,0,Healthy,None
9122,L19121,L,300.1,310.4,1494,23.4,126,0,0,0,0,0,0,Healthy,None
9123,M19122,M,301.0,312.1,1811,55.0,127,1,0,0,1,0,0,Failure Risk,Power Failure
9124,H19123,H,301.4,312.3,1389,44.3,222,0,0,0,0,0,0,Healthy,None
9125,L19124,L,299.0,308.6,1612,46.3,66,0,0,0,0,0,0,Healthy,None
9126,H19125,H,300.6,310.5,1387,49.2,149,0,0,0,0,0,0,Healthy,None
9127,L19126,L,299.5,310.4,1571,49.7,133,0,0,0,0,0,0,Healthy,None
9128,M19127,M,299.7,310.6,1471,30.9,87,0,0,0,0,0,0,Healthy,None
9129,M19128,M,299.4,309.3,1469,29.4,154,0,0,0,0,0,0,Healthy,None
9130,H19129,H,300.9,310.8,1182,63.7,212,1,0,0,0,1,0,Failure Risk,Overstrain Failure
9131,L19130,L,300.2,310.5,1612,33.1,36,0,0,0,0,0,0,Healthy,None
9132,M19131,M,300.8,312.2,1344,43.7,244,0,0,0,0,0,0,Healthy,None
9133,M19132,M,300.0,311.1,1338,56.2,120,0,0,0,0,0,0,Healthy,None
9134,L19133,L,296.8,307.5,1259,35.6,225,1,1,0,0,0,0,Failure Risk,Tool Wear Failure
9135,M19134,M,300.1,309.0,1348,36.4,34,0,0,0,0,0,0,Healthy,None
9136,M19135,M,300.1,309.8,1627,49.2,126,0,0,0,0,0,0,Healthy,None
9137,M19136,M,300.5,310.3,1618,42.1,35,0,0,0,0,0,0,Healthy,None
9138,L19137,L,298.8,310.2,1656,44.9,188,0,0,0,0,0,0,Healthy,None
9139,L19138,L,297.6,307.4,1354,39.2,246,0,0,0,0,0,0,Healthy,None
9140,M19139,M,301.2,312.5,1576,34.8,217,1,1,0,0,0,0,Failure Risk,Tool Wear Failure
9141,L19140,L,299.5,308.9,1427,36.7,123,0,0,0,0,0,0,Healthy,None
9142,L19141,L,300.3,309.8,1708,51.8,0,1,0,0,1,0,0,Failure Risk,Power Failure
9143,H19142,H,299.4,309.9,1614,37.1,175,0,0,0,0,0,0,Healthy,None
9144,M19143,M,300.0,311.6,1420,44.2,210,0,0,0,0,0,0,Healthy,None
9145,M19144,M,299.1,308.9,1724,30.4,217,0,0,0,0,0,0,Healthy,None
9146,L19145,L,298.1,305.5,1628,60.2,86,1,0,0,1,0,0,Failure Risk,Power Failure
9147,L19146,L,300.9,309.3,1289,43.2,231,1,0,1,0,0,0,Failure Risk,Heat Dissipation Failure
9148,L19147,L,298.8,309.1,1238,43.4,225,1,1,0,0,0,0,Failure Risk,Tool Wear Failure
9149,L19148,L,300.3,308.8,1296,49.2,90,1,0,1,0,0,0,Failure Risk,Heat Dissipation Failure
9150,M19149,M,300.8,309.9,1833,35.2,66,0,0,0,0,0,0,Healthy,None
9151,M19150,M,298.8,308.8,1356,51.8,237,1,0,0,0,1,0,Failure Risk,Overstrain Failure
9152,L19151,L,297.6,305.2,1873,25.0,230,0,0,0,0,0,0,Healthy,None
9153,L19152,L,304.9,314.5,1346,33.9,76,0,0,0,0,0,0,Healthy,None
9154,L19153,L,298.9,307.7,1327,32.1,166,0,0,0,0,0,0,Healthy,None
9155,L19154,L,301.2,309.7,1695,21.4,207,0,0,0,0,0,0,Healthy,None
9156,L19155,L,303.9,313.1,1703,34.8,2,0,0,0,0,0,0,Healthy,None
9157,H19156,H,301.6,310.5,1637,39.5,25,0,0,0,0,0,0,Healthy,None
9158,M19157,M,299.4,309.9,1659,29.2,196,0,0,0,0,0,0,Healthy,None
9159,M19158,M,299.9,311.1,1394,27.8,182,0,0,0,0,0,0,Healthy,None
9160,L19159,L,298.3,307.9,1687,40.4,2,0,0,0,0,0,0,Healthy,None
9161,H19160,H,301.8,311.2,1580,39.2,55,0,0,0,0,0,0,Healthy,None
9162,M19161,M,301.1,310.7,1472,37.4,27,0,0,0,0,0,0,Healthy,None
9163,M19162,M,299.0,307.9,1554,27.5,238,0,0,0,0,0,0,Healthy,None
9164,L19163,L,297.9,306.6,1727,36.1,243,0,0,0,0,0,0,Healthy,None
9165,H19164,H,297.4,305.8,1608,33.4,170,0,0,0,0,0,0,Healthy,None
9166,H19165,H,302.0,310.7,1168,40.9,29,0,0,0,0,0,0,Healthy,None
9167,H19166,H,300.2,311.8,1697,34.5,86,0,0,0,0,0,0,Healthy,None
9168,L19167,L,300.4,309.7,1683,39.6,145,0,0,0,0,0,0,Healthy,None
9169,L19168,L,298.4,305.5,1470,27.0,4,0,0,0,0,0,0,Healthy,None
9170,L19169,L,297.1,306.5,1558,26.2,85,0,0,0,0,0,0,Healthy,None
9171,L19170,L,301.9,310.3,1558,45.5,108,0,0,0,0,0,0,Healthy,None
9172,H19171,H,300.1,310.2,1183,47.6,60,0,0,0,0,0,0,Healthy,None
9173,L19172,L,301.8,311.8,1466,36.1,0,0,0,0,0,0,0,Healthy,None
9174,L19173,L,299.2,309.3,1473,40.3,63,0,0,0,0,0,0,Healthy,None
9175,L19174,L,299.5,309.5,1509,35.5,218,0,0,0,0,0,0,Healthy,None
9176,L19175,L,301.4,311.0,1443,50.9,141,0,0,0,0,0,0,Healthy,None
9177,L19176,L,301.5,310.0,1656,38.0,40,0,0,0,0,0,0,Healthy,None
9178,M19177,M,301.6,311.5,1393,35.1,72,0,0,0,0,0,0,Healthy,None
9179,M19178,M,299.4,310.4,1700,49.6,195,0,0,0,0,0,0,Healthy,None
9180,L19179,L,301.2,313.0,1648,32.3,180,0,0,0,0,0,0,Healthy,None
9181,L19180,L,302.2,312.0,1781,41.6,216,0,0,0,0,0,0,Healthy,None
9182,L19181,L,299.8,309.7,1848,29.6,158,0,0,0,0,0,0,Healthy,None
9183,L19182,L,299.0,309.5,1849,46.6,121,1,0,0,1,0,0,Failure Risk,Power Failure
9184,M19183,M,302.7,314.2,1325,48.1,58,0,0,0,0,0,0,Healthy,None
9185,M19184,M,298.7,308.2,1599,27.2,223,1,1,0,0,0,0,Failure Risk,Tool Wear Failure
9186,M19185,M,301.3,312.0,1409,25.7,193,0,0,0,0,0,0,Healthy,None
9187,M19186,M,299.9,309.1,2125,42.9,239,1,0,0,1,0,0,Failure Risk,Power Failure
9188,L19187,L,296.3,306.6,1647,59.2,36,1,0,0,1,0,0,Failure Risk,Power Failure
9189,H19188,H,302.3,313.3,1791,48.8,243,1,1,0,1,0,0,Failure Risk,"Tool Wear Failure, Power Failure"
9190,H19189,H,294.5,303.2,1615,37.9,49,0,0,0,0,0,0,Healthy,None
9191,H19190,H,296.0,305.5,1168,31.5,193,0,0,0,0,0,0,Healthy,None
9192,L19191,L,301.1,312.1,1397,28.0,13,0,0,0,0,0,0,Healthy,None
9193,H19192,H,301.1,311.7,1415,47.1,142,0,0,0,0,0,0,Healthy,None
9194,H19193,H,298.7,309.7,1468,49.1,24,0,0,0,0,0,0,Healthy,None
9195,H19194,H,300.3,311.1,1602,33.8,201,0,0,0,0,0,0,Healthy,None
9196,L19195,L,294.9,304.6,1627,37.6,91,0,0,0,0,0,0,Healthy,None
9197,M19196,M,301.4,313.6,1168,40.5,239,0,0,0,0,0,0,Healthy,None
9198,H19197,H,300.5,310.6,1495,57.9,7,1,0,0,1,0,0,Failure Risk,Power Failure
9199,M19198,M,299.9,306.8,1451,40.6,185,0,0,0,0,0,0,Healthy,None
9200,M19199,M,300.0,309.7,1785,30.3,121,0,0,0,0,0,0,Healthy,None
9201,H19200,H,301.0,310.5,1644,28.5,247,0,0,0,0,0,0,Healthy,None
9202,L19201,L,299.9,310.7,1505,31.0,183,0,0,0,0,0,0,Healthy,None
9203,M19202,M,296.3,305.8,1578,52.5,244,1,1,0,0,1,0,Failure Risk,"Tool Wear Failure, Overstrain Failure"
9204,L19203,L,304.4,315.5,1236,45.1,141,0,0,0,0,0,0,Healthy,None
9205,H19204,H,302.4,313.0,1656,36.6,83,0,0,0,0,0,0,Healthy,None
9206,L19205,L,297.4,306.4,1467,11.0,41,1,0,0,1,0,0,Failure Risk,Power Failure
9207,M19206,M,299.3,309.2,1393,31.6,12,0,0,0,0,0,0,Healthy,None
9208,M19207,M,299.5,308.7,1773,43.4,18,0,0,0,0,0,0,Healthy,None
9209,M19208,M,302.2,312.4,1586,43.5,33,0,0,0,0,0,0,Healthy,None
9210,M19209,M,295.7,304.9,1418,43.4,217,1,1,0,0,0,0,Failure Risk,Tool Wear Failure
9211,H19210,H,299.0,309.1,1429,26.7,100,0,0,0,0,0,0,Healthy,None
9212,H19211,H,296.5,306.2,1603,41.8,173,0,0,0,0,0,0,Healthy,None
9213,L19212,L,299.4,309.2,1589,30.3,215,0,0,0,0,0,0,Healthy,None
9214,L19213,L,299.1,311.2,1543,40.0,116,0,0,0,0,0,0,Healthy,None
9215,L19214,L,300.2,309.8,1322,32.4,54,0,0,0,0,0,0,Healthy,None
9216,L19215,L,298.8,306.9,1349,50.6,212,1,0,1,0,0,0,Failure Risk,Heat Dissipation Failure
9217,M19216,M,298.5,309.5,1404,43.3,191,0,0,0,0,0,0,Healthy,None
9218,H19217,H,301.2,312.2,1502,38.6,249,0,0,0,0,0,0,Healthy,None
9219,H19218,H,300.9,308.9,1530,53.7,184,0,0,0,0,0,0,Healthy,None
9220,L19219,L,301.1,310.4,1509,36.3,215,0,0,0,0,0,0,Healthy,None
9221,L19220,L,299.6,310.0,1517,26.0,199,0,0,0,0,0,0,Healthy,None
9222,M19221,M,298.9,309.4,1874,50.5,191,1,0,0,1,0,0,Failure Risk,Power Failure
9223,M19222,M,299.8,309.8,1690,42.5,96,0,0,0,0,0,0,Healthy,None
9224,L19223,L,301.0,311.0,1750,36.8,132,0,0,0,0,0,0,Healthy,None
9225,H19224,H,295.6,304.7,1621,33.6,216,0,0,0,0,0,0,Healthy,None
9226,H19225,H,300.8,308.4,1550,45.1,42,0,0,0,0,0,0,Healthy,None
9227,L19226,L,300.6,312.6,1611,48.1,103,0,0,0,0,0,0,Healthy,None
9228,H19227,H,300.1,309.1,1578,32.4,16,0,0,0,0,0,0,Healthy,None
9229,L19228,L,299.7,309.9,1682,45.6,88,0,0,0,0,0,0,Healthy,None
9230,M19229,M,294.9,304.7,1363,42.5,233,0,0,0,0,0,0,Healthy,None
9231,L19230,L,299.1,310.0,1667,31.8,173,0,0,0,0,0,0,Healthy,None
9232,L19231,L,303.6,313.7,1567,40.0,160,0,0,0,0,0,0,Healthy,None
9233,H19232,H,300.0,310.2,1214,34.6,68,0,0,0,0,0,0,Healthy,None
9234,L19233,L,299.4,306.8,1553,52.3,14,0,0,0,0,0,0,Healthy,None
9235,M19234,M,300.0,309.2,1304,33.6,41,0,0,0,0,0,0,Healthy,None
9236,L19235,L,300.7,311.4,1442,54.9,142,0,0,0,0,0,0,Healthy,None
9237,L19236,L,301.3,312.0,1509,41.3,192,0,0,0,0,0,0,Healthy,None
9238,L19237,L,299.5,308.5,1268,22.7,190,1,0,0,1,0,0,Failure Risk,Power Failure
9239,L19238,L,300.8,309.2,1528,18.5,55,1,0,0,1,0,0,Failure Risk,Power Failure
9240,M19239,M,303.4,313.5,1550,37.9,170,0,0,0,0,0,0,Healthy,None
9241,L19240,L,302.0,309.1,1673,53.2,81,1,0,0,1,0,0,Failure Risk,Power Failure
9242,M19241,M,304.7,313.6,1456,52.2,197,0,0,0,0,0,0,Healthy,None
9243,M19242,M,298.7,310.5,1587,41.6,33,0,0,0,0,0,0,Healthy,None
9244,M19243,M,303.4,314.8,1520,32.7,193,0,0,0,0,0,0,Healthy,None
9245,L19244,L,298.4,308.9,1463,35.9,208,0,0,0,0,0,0,Healthy,None
9246,H19245,H,300.7,311.0,1238,42.1,117,0,0,0,0,0,0,Healthy,None
9247,L19246,L,301.5,309.5,1518,50.8,68,0,0,0,0,0,0,Healthy,None
9248,L19247,L,299.0,308.3,1671,45.6,19,0,0,0,0,0,0,Healthy,None
9249,L19248,L,300.2,309.9,1370,49.6,141,0,0,0,0,0,0,Healthy,None
9250,L19249,L,301.8,311.1,1499,46.4,203,0,0,0,0,0,0,Healthy,None
9251,L19250,L,298.6,308.2,1525,49.3,67,0,0,0,0,0,0,Healthy,None
9252,M19251,M,303.3,314.6,1735,17.6,40,1,0,0,1,0,0,Failure Risk,Power Failure
9253,L19252,L,297.2,306.7,1543,31.2,186,0,0,0,0,0,0,Healthy,None
9254,L19253,L,303.9,313.6,1589,29.1,49,0,0,0,0,0,0,Healthy,None
9255,M19254,M,302.0,312.7,1536,28.1,201,0,0,0,0,0,0,Healthy,None
9256,L19255,L,299.8,308.4,1449,40.1,166,0,0,0,0,0,0,Healthy,None
9257,L19256,L,299.2,308.4,1334,25.7,157,0,0,0,0,0,0,Healthy,None
9258,L19257,L,299.0,308.3,1486,30.7,164,0,0,0,0,0,0,Healthy,None
9259,M19258,M,299.7,309.8,1608,39.0,46,0,0,0,0,0,0,Healthy,None
9260,L19259,L,299.9,309.6,1560,24.1,125,0,0,0,0,0,0,Healthy,None
9261,L19260,L,302.5,312.2,1802,35.2,217,0,0,0,0,0,0,Healthy,None
9262,M19261,M,303.9,313.2,1707,46.3,172,0,0,0,0,0,0,Healthy,None
9263,M19262,M,300.4,309.3,1760,27.9,237,0,0,0,0,0,0,Healthy,None
9264,M19263,M,298.3,308.9,1174,47.9,56,0,0,0,0,0,0,Healthy,None
9265,H19264,H,298.9,308.6,1820,32.0,131,0,0,0,0,0,0,Healthy,None
9266,L19265,L,299.6,310.2,1585,42.7,5,0,0,0,0,0,0,Healthy,None
9267,L19266,L,297.9,306.8,1611,29.0,142,0,0,0,0,0,0,Healthy,None
9268,L19267,L,297.6,306.9,1698,44.5,108,0,0,0,0,0,0,Healthy,None
9269,L19268,L,304.2,314.0,1541,37.0,172,0,0,0,0,0,0,Healthy,None
9270,L19269,L,300.6,310.5,1346,44.6,81,0,0,0,0,0,0,Healthy,None
9271,L19270,L,298.3,309.1,1797,34.6,80,0,0,0,0,0,0,Healthy,None
9272,M19271,M,301.6,311.2,1400,45.5,187,0,0,0,0,0,0,Healthy,None
9273,M19272,M,297.6,308.3,1361,48.4,224,0,0,0,0,0,0,Healthy,None
9274,L19273,L,297.8,308.2,1496,41.2,99,0,0,0,0,0,0,Healthy,None
9275,M19274,M,298.4,308.3,1468,35.3,106,0,0,0,0,0,0,Healthy,None
9276,L19275,L,303.3,312.3,1538,37.7,88,0,0,0,0,0,0,Healthy,None
9277,L19276,L,299.5,310.3,1520,27.5,114,0,0,0,0,0,0,Healthy,None
9278,M19277,M,295.1,304.2,1779,42.0,155,0,0,0,0,0,0,Healthy,None
9279,L19278,L,302.4,312.4,1620,46.2,76,0,0,0,0,0,0,Healthy,None
9280,L19279,L,299.4,309.3,1384,55.5,31,0,0,0,0,0,0,Healthy,None
9281,L19280,L,296.3,306.1,1409,53.0,175,0,0,0,0,0,0,Healthy,None
9282,H19281,H,299.4,309.0,1468,30.3,146,0,0,0,0,0,0,Healthy,None
9283,M19282,M,301.0,310.2,1469,42.1,30,0,0,0,0,0,0,Healthy,None
9284,L19283,L,300.8,309.2,1445,38.7,206,0,0,0,0,0,0,Healthy,None
9285,H19284,H,303.6,315.0,1340,52.1,187,0,0,0,0,0,0,Healthy,None
9286,M19285,M,298.3,307.8,1589,33.0,43,0,0,0,0,0,0,Healthy,None
9287,M19286,M,300.1,310.0,1456,48.7,150,0,0,0,0,0,0,Healthy,None
9288,H19287,H,298.6,308.5,1367,30.2,231,0,0,0,0,0,0,Healthy,None
9289,L19288,L,296.9,308.0,1624,39.0,26,0,0,0,0,0,0,Healthy,None
9290,L19289,L,301.8,313.7,1689,31.2,245,1,1,0,0,0,0,Failure Risk,Tool Wear Failure
9291,M19290,M,300.9,311.1,1494,20.5,128,1,0,0,1,0,0,Failure Risk,Power Failure
9292,M19291,M,300.6,310.4,1856,31.0,149,0,0,0,0,0,0,Healthy,None
9293,M19292,M,300.9,309.8,1934,37.5,135,0,0,0,0,0,0,Healthy,None
9294,M19293,M,298.6,307.2,1626,54.1,68,1,0,0,1,0,0,Failure Risk,Power Failure
9295,H19294,H,298.0,306.2,1454,29.2,23,0,0,0,0,0,0,Healthy,None
9296,H19295,H,300.1,309.3,1586,34.0,123,0,0,0,0,0,0,Healthy,None
9297,H19296,H,302.3,310.2,1318,25.7,32,1,0,1,0,0,0,Failure Risk,Heat Dissipation Failure
9298,H19297,H,303.2,314.3,1381,51.4,139,0,0,0,0,0,0,Healthy,None
9299,H19298,H,301.6,312.0,1236,35.4,3,0,0,0,0,0,0,Healthy,None
9300,L19299,L,300.1,309.8,1425,36.7,63,0,0,0,0,0,0,Healthy,None
9301,L19300,L,300.5,311.6,1317,36.6,206,0,0,0,0,0,0,Healthy,None
9302,L19301,L,300.0,308.9,1649,20.7,59,0,0,0,0,0,0,Healthy,None
9303,H19302,H,297.9,307.1,1403,25.5,136,0,0,0,0,0,0,Healthy,None
9304,M19303,M,300.0,308.1,1587,30.6,41,0,0,0,0,0,0,Healthy,None
9305,M19304,M,297.3,308.1,1671,46.1,52,0,0,0,0,0,0,Healthy,None
9306,L19305,L,299.8,309.0,1747,15.3,204,1,0,0,1,0,0,Failure Risk,Power Failure
9307,L19306,L,303.3,313.3,1474,45.4,201,0,0,0,0,0,0,Healthy,None
9308,M19307,M,301.6,312.6,1593,43.4,59,0,0,0,0,0,0,Healthy,None
9309,L19308,L,298.2,309.6,1599,22.0,105,0,0,0,0,0,0,Healthy,None
9310,L19309,L,299.9,309.9,1765,36.9,141,0,0,0,0,0,0,Healthy,None
9311,L19310,L,298.3,308.7,1678,51.5,50,1,0,0,1,0,0,Failure Risk,Power Failure
9312,L19311,L,299.9,309.0,1771,29.4,242,0,0,0,0,0,0,Healthy,None
9313,M19312,M,302.1,313.8,1240,34.5,120,0,0,0,0,0,0,Healthy,None
9314,L19313,L,301.3,311.1,1419,67.3,64,1,0,0,1,0,0,Failure Risk,Power Failure
9315,M19314,M,305.0,315.1,1722,43.2,154,0,0,0,0,0,0,Healthy,None
9316,L19315,L,302.4,312.0,1641,37.4,21,0,0,0,0,0,0,Healthy,None
9317,H19316,H,300.4,311.6,1515,35.3,21,0,0,0,0,0,0,Healthy,None
9318,L19317,L,301.4,311.6,1453,43.7,217,0,0,0,0,0,0,Healthy,None
9319,M19318,M,299.6,310.4,1679,46.8,191,0,0,0,0,0,0,Healthy,None
9320,M19319,M,297.7,308.1,1183,18.7,126,1,0,0,1,0,0,Failure Risk,Power Failure
9321,L19320,L,302.6,312.4,1679,17.9,23,1,0,0,1,0,0,Failure Risk,Power Failure
9322,H19321,H,302.0,312.9,1554,30.1,29,0,0,0,0,0,0,Healthy,None
9323,M19322,M,299.5,309.8,1450,38.5,39,0,0,0,0,0,0,Healthy,None
9324,L19323,L,300.5,309.5,1627,40.7,80,0,0,0,0,0,0,Healthy,None
9325,L19324,L,302.5,311.5,1468,23.1,150,0,0,0,0,0,0,Healthy,None
9326,H19325,H,301.7,311.8,1543,38.0,137,0,0,0,0,0,0,Healthy,None
9327,M19326,M,297.1,308.0,1529,39.3,32,0,0,0,0,0,0,Healthy,None
9328,L19327,L,300.5,312.1,1671,31.6,71,0,0,0,0,0,0,Healthy,None
9329,L19328,L,299.7,307.9,1566,34.7,4,0,0,0,0,0,0,Healthy,None
9330,H19329,H,302.2,312.2,1196,32.8,225,0,0,0,0,0,0,Healthy,None
9331,M19330,M,302.1,312.6,1288,44.6,242,0,0,0,0,0,0,Healthy,None
9332,M19331,M,302.6,312.9,1343,40.1,154,0,0,0,0,0,0,Healthy,None
9333,L19332,L,297.8,308.8,1619,28.7,61,0,0,0,0,0,0,Healthy,None
9334,M19333,M,298.4,309.1,1637,49.5,222,0,0,0,0,0,0,Healthy,None
9335,L19334,L,302.2,311.2,1836,26.5,152,0,0,0,0,0,0,Healthy,None
9336,L19335,L,298.8,307.8,1356,23.0,193,1,0,0,1,0,0,Failure Risk,Power Failure
9337,M19336,M,297.0,307.3,1772,37.6,19,0,0,0,0,0,0,Healthy,None
9338,H19337,H,301.1,312.1,1191,37.5,118,0,0,0,0,0,0,Healthy,None
9339,L19338,L,298.9,309.0,1541,40.7,119,0,0,0,0,0,0,Healthy,None
9340,L19339,L,303.6,312.0,1581,28.3,42,0,0,0,0,0,0,Healthy,None
9341,M19340,M,300.6,309.6,1581,48.8,66,0,0,0,0,0,0,Healthy,None
9342,M19341,M,300.3,311.0,1482,57.0,185,0,0,0,0,0,0,Healthy,None
9343,H19342,H,299.3,309.0,1559,39.8,249,0,0,0,0,0,0,Healthy,None
9344,M19343,M,303.2,313.3,1316,43.1,168,0,0,0,0,0,0,Healthy,None
9345,L19344,L,300.7,311.8,1692,19.1,231,1,0,0,1,0,0,Failure Risk,Power Failure
9346,H19345,H,299.2,308.0,1582,35.7,63,0,0,0,0,0,0,Healthy,None
9347,M19346,M,298.4,308.0,1602,33.1,101,0,0,0,0,0,0,Healthy,None
9348,H19347,H,299.9,309.4,1488,31.5,45,0,0,0,0,0,0,Healthy,None
9349,M19348,M,298.0,308.4,1479,33.5,187,0,0,0,0,0,0,Healthy,None
9350,H19349,H,302.1,312.9,1631,34.5,231,0,0,0,0,0,0,Healthy,None
9351,L19350,L,296.4,304.9,1822,25.6,142,0,0,0,0,0,0,Healthy,None
9352,L19351,L,299.7,309.7,1288,35.2,26,0,0,0,0,0,0,Healthy,None
9353,H19352,H,301.2,312.1,1279,29.7,185,0,0,0,0,0,0,Healthy,None
9354,L19353,L,300.7,308.8,1585,47.8,151,0,0,0,0,0,0,Healthy,None
9355,L19354,L,298.6,308.5,1478,43.3,162,0,0,0,0,0,0,Healthy,None
9356,M19355,M,301.3,310.1,1560,43.3,22,0,0,0,0,0,0,Healthy,None
9357,H19356,H,298.2,307.6,1533,49.7,7,0,0,0,0,0,0,Healthy,None
9358,L19357,L,300.0,307.5,1649,31.8,123,0,0,0,0,0,0,Healthy,None
9359,H19358,H,301.3,312.7,1486,42.7,213,0,0,0,0,0,0,Healthy,None
9360,M19359,M,300.9,310.5,1321,50.6,143,0,0,0,0,0,0,Healthy,None
9361,M19360,M,298.6,307.8,1396,31.1,197,0,0,0,0,0,0,Healthy,None
9362,H19361,H,302.4,312.7,1509,19.9,230,1,1,0,1,0,0,Failure Risk,"Tool Wear Failure, Power Failure"
9363,L19362,L,300.2,309.2,1313,33.2,188,0,0,0,0,0,0,Healthy,None
9364,L19363,L,301.5,310.4,1531,49.5,108,0,0,0,0,0,0,Healthy,None
9365,L19364,L,303.1,314.6,1548,30.6,243,0,0,0,0,0,0,Healthy,None
9366,M19365,M,302.2,314.0,1473,35.4,185,0,0,0,0,0,0,Healthy,None
9367,M19366,M,302.2,311.6,1575,32.3,156,0,0,0,0,0,0,Healthy,None
9368,H19367,H,300.4,311.5,1249,38.1,62,0,0,0,0,0,0,Healthy,None
9369,M19368,M,301.6,312.0,1367,29.6,153,0,0,0,0,0,0,Healthy,None
9370,M19369,M,300.4,309.0,1333,25.3,136,0,0,0,0,0,0,Healthy,None
9371,M19370,M,297.6,306.7,1695,35.6,146,0,0,0,0,0,0,Healthy,None
9372,L19371,L,300.6,312.2,1950,37.3,70,0,0,0,0,0,0,Healthy,None
9373,L19372,L,300.5,309.1,1380,51.1,111,0,0,0,0,0,0,Healthy,None
9374,H19373,H,301.2,313.5,1495,40.7,24,0,0,0,0,0,0,Healthy,None
9375,L19374,L,299.7,309.1,1413,28.4,23,0,0,0,0,0,0,Healthy,None
9376,L19375,L,298.5,310.1,1577,32.8,38,0,0,0,0,0,0,Healthy,None
9377,M19376,M,301.3,311.0,1429,47.1,174,0,0,0,0,0,0,Healthy,None
9378,L19377,L,297.4,308.2,1588,35.8,188,0,0,0,0,0,0,Healthy,None
9379,H19378,H,302.9,314.3,1657,29.2,100,0,0,0,0,0,0,Healthy,None
9380,L19379,L,299.5,310.9,1318,40.8,225,0,0,0,0,0,0,Healthy,None
9381,L19380,L,300.5,309.9,1586,32.2,156,0,0,0,0,0,0,Healthy,None
9382,L19381,L,301.1,310.2,1216,44.7,97,0,0,0,0,0,0,Healthy,None
9383,M19382,M,301.2,311.1,1492,43.6,19,0,0,0,0,0,0,Healthy,None
9384,L19383,L,297.2,305.9,1480,28.6,4,0,0,0,0,0,0,Healthy,None
9385,M19384,M,301.6,311.8,1496,57.7,235,1,0,0,1,1,0,Failure Risk,"Power Failure, Overstrain Failure"
9386,H19385,H,300.6,309.8,1482,38.8,163,0,0,0,0,0,0,Healthy,None
9387,H19386,H,298.7,309.8,1449,13.6,221,1,0,0,1,0,0,Failure Risk,Power Failure
9388,L19387,L,298.5,307.9,1490,43.8,122,0,0,0,0,0,0,Healthy,None
9389,L19388,L,299.3,307.6,1580,14.3,189,1,0,0,1,0,0,Failure Risk,Power Failure
9390,M19389,M,297.4,308.8,1585,50.3,177,0,0,0,0,0,0,Healthy,None
9391,H19390,H,303.4,313.6,1558,40.6,19,0,0,0,0,0,0,Healthy,None
9392,H19391,H,303.0,313.0,1435,38.6,138,0,0,0,0,0,0,Healthy,None
9393,L19392,L,300.9,312.0,1731,39.2,124,0,0,0,0,0,0,Healthy,None
9394,M19393,M,299.6,310.5,1811,45.0,212,0,0,0,0,0,0,Healthy,None
9395,L19394,L,299.6,308.8,1307,34.4,147,0,0,0,0,0,0,Healthy,None
9396,L19395,L,301.5,311.1,1567,39.1,5,0,0,0,0,0,0,Healthy,None
9397,L19396,L,303.5,312.4,1454,40.3,172,0,0,0,0,0,0,Healthy,None
9398,L19397,L,298.9,307.4,1703,10.6,25,1,0,0,1,0,0,Failure Risk,Power Failure
9399,L19398,L,297.8,308.4,1535,45.0,150,0,0,0,0,0,0,Healthy,None
9400,L19399,L,303.1,313.5,1547,46.7,132,0,0,0,0,0,0,Healthy,None
9401,M19400,M,296.4,307.2,1626,43.6,152,0,0,0,0,0,0,Healthy,None
9402,L19401,L,298.0,309.3,1484,42.9,220,1,1,0,0,0,0,Failure Risk,Tool Wear Failure
9403,M19402,M,299.5,310.3,1838,55.0,3,1,0,0,1,0,0,Failure Risk,Power Failure
9404,L19403,L,296.9,307.8,1629,38.7,90,0,0,0,0,0,0,Healthy,None
9405,L19404,L,302.2,310.1,1704,39.1,137,0,0,0,0,0,0,Healthy,None
9406,L19405,L,301.7,311.4,1498,32.7,161,0,0,0,0,0,0,Healthy,None
9407,L19406,L,298.9,309.9,1516,20.2,90,1,0,0,1,0,0,Failure Risk,Power Failure
9408,M19407,M,302.6,311.4,1683,43.7,185,0,0,0,0,0,0,Healthy,None
9409,L19408,L,302.9,313.0,1665,33.8,7,0,0,0,0,0,0,Healthy,None
9410,M19409,M,299.8,310.3,1314,20.1,125,1,0,0,1,0,0,Failure Risk,Power Failure
9411,L19410,L,299.1,309.5,1560,38.4,179,0,0,0,0,0,0,Healthy,None
9412,M19411,M,304.5,314.9,1622,38.1,115,0,0,0,0,0,0,Healthy,None
9413,M19412,M,301.4,312.0,1514,36.9,98,0,0,0,0,0,0,Healthy,None
9414,L19413,L,300.5,310.7,1605,40.5,27,0,0,0,0,0,0,Healthy,None
9415,L19414,L,302.7,311.2,1522,23.7,136,0,0,0,0,0,0,Healthy,None
9416,L19415,L,300.6,311.1,1168,49.0,243,1,1,0,0,1,0,Failure Risk,"Tool Wear Failure, Overstrain Failure"
9417,M19416,M,299.0,309.3,1303,43.5,161,0,0,0,0,0,0,Healthy,None
9418,L19417,L,300.2,308.8,1712,51.5,186,1,0,0,1,0,0,Failure Risk,Power Failure
9419,M19418,M,302.1,313.5,1494,33.7,221,0,0,0,0,0,0,Healthy,None
9420,M19419,M,296.0,306.5,1571,43.4,144,0,0,0,0,0,0,Healthy,None
9421,H19420,H,299.4,308.0,1537,20.7,123,1,0,0,1,0,0,Failure Risk,Power Failure
9422,M19421,M,302.8,312.0,1390,30.9,32,0,0,0,0,0,0,Healthy,None
9423,M19422,M,299.0,308.4,1454,25.6,55,0,0,0,0,0,0,Healthy,None
9424,L19423,L,303.1,312.5,1596,41.7,60,0,0,0,0,0,0,Healthy,None
9425,H19424,H,302.8,313.1,1615,28.2,220,0,0,0,0,0,0,Healthy,None
9426,M19425,M,299.9,308.9,1929,34.8,112,0,0,0,0,0,0,Healthy,None
9427,L19426,L,298.9,310.0,1452,39.1,36,0,0,0,0,0,0,Healthy,None
9428,H19427,H,299.4,310.4,1837,35.1,12,0,0,0,0,0,0,Healthy,None
9429,L19428,L,305.3,315.9,1383,26.1,156,0,0,0,0,0,0,Healthy,None
9430,H19429,H,303.7,313.7,1625,55.5,39,1,0,0,1,0,0,Failure Risk,Power Failure
9431,H19430,H,300.3,311.2,1569,40.3,102,0,0,0,0,0,0,Healthy,None
9432,L19431,L,298.8,308.5,1515,55.5,54,0,0,0,0,0,0,Healthy,None
9433,M19432,M,300.2,309.5,1536,28.9,13,0,0,0,0,0,0,Healthy,None
9434,L19433,L,300.5,311.7,1426,35.4,7,0,0,0,0,0,0,Healthy,None
9435,L19434,L,297.5,307.8,1699,40.0,159,0,0,0,0,0,0,Healthy,None
9436,L19435,L,300.2,309.5,1387,54.3,138,0,0,0,0,0,0,Healthy,None
9437,M19436,M,302.6,312.2,1594,55.5,226,1,0,0,1,1,0,Failure Risk,"Power Failure, Overstrain Failure"
9438,L19437,L,296.4,305.7,1673,34.9,68,0,0,0,0,0,0,Healthy,None
9439,L19438,L,301.7,313.7,1785,31.9,177,0,0,0,0,0,0,Healthy,None
9440,M19439,M,302.7,312.7,1711,39.1,164,0,0,0,0,0,0,Healthy,None
9441,L19440,L,298.9,309.1,1640,51.0,44,0,0,0,0,0,0,Healthy,None
9442,L19441,L,303.4,314.1,1423,40.5,196,0,0,0,0,0,0,Healthy,None
9443,L19442,L,298.6,307.4,1397,42.3,65,0,0,0,0,0,0,Healthy,None
9444,L19443,L,300.9,312.0,1334,51.0,153,0,0,0,0,0,0,Healthy,None
9445,L19444,L,299.4,308.8,1317,49.4,29,0,0,0,0,0,0,Healthy,None
9446,L19445,L,299.4,311.2,1537,49.7,76,0,0,0,0,0,0,Healthy,None
9447,H19446,H,298.8,308.5,1407,46.2,123,0,0,0,0,0,0,Healthy,None
9448,M19447,M,301.4,312.4,1752,53.4,37,1,0,0,1,0,0,Failure Risk,Power Failure
9449,L19448,L,301.7,309.2,1434,28.0,240,0,0,0,0,0,0,Healthy,None
9450,L19449,L,299.9,308.7,1554,62.3,103,1,0,0,1,0,0,Failure Risk,Power Failure
9451,L19450,L,297.3,307.0,1490,50.5,154,0,0,0,0,0,0,Healthy,None
9452,M19451,M,300.8,308.8,1286,38.4,80,1,0,1,0,0,0,Failure Risk,Heat Dissipation Failure
9453,L19452,L,300.8,311.4,1733,51.0,178,1,0,0,1,0,0,Failure Risk,Power Failure
9454,L19453,L,299.6,309.9,1662,36.6,142,0,0,0,0,0,0,Healthy,None
9455,H19454,H,303.7,312.7,1683,44.7,61,0,0,0,0,0,0,Healthy,None
9456,L19455,L,296.9,306.9,1644,45.9,96,0,0,0,0,0,0,Healthy,None
9457,L19456,L,295.6,306.4,1402,48.5,29,0,0,0,0,0,0,Healthy,None
9458,H19457,H,298.5,306.4,1405,35.4,159,0,0,0,0,0,0,Healthy,None
9459,M19458,M,301.4,310.1,1618,48.7,177,0,0,0,0,0,0,Healthy,None
9460,L19459,L,297.9,307.6,1814,35.6,6,0,0,0,0,0,0,Healthy,None
9461,M19460,M,298.0,308.0,1607,47.2,38,0,0,0,0,0,0,Healthy,None
9462,L19461,L,301.9,311.8,1713,39.8,188,0,0,0,0,0,0,Healthy,None
9463,M19462,M,300.9,311.8,1443,21.9,15,1,0,0,1,0,0,Failure Risk,Power Failure
9464,L19463,L,300.8,311.3,1734,32.7,202,0,0,0,0,0,0,Healthy,None
9465,H19464,H,301.6,312.3,1462,48.4,164,0,0,0,0,0,0,Healthy,None
9466,H19465,H,299.1,307.7,1580,37.0,52,0,0,0,0,0,0,Healthy,None
9467,H19466,H,299.2,309.3,1472,52.0,77,0,0,0,0,0,0,Healthy,None
9468,H19467,H,301.6,311.3,1697,28.0,150,0,0,0,0,0,0,Healthy,None
9469,M19468,M,297.3,308.8,1699,46.9,121,0,0,0,0,0,0,Healthy,None
9470,L19469,L,295.7,305.9,1273,39.5,186,0,0,0,0,0,0,Healthy,None
9471,L19470,L,299.1,308.4,1775,37.6,94,0,0,0,0,0,0,Healthy,None
9472,M19471,M,301.9,312.8,1963,28.3,27,0,0,0,0,0,0,Healthy,None
9473,H19472,H,300.5,311.1,1474,42.1,233,0,0,0,0,0,0,Healthy,None
9474,L19473,L,301.7,310.9,1515,30.0,196,0,0,0,0,0,0,Healthy,None
9475,H19474,H,296.0,305.7,1759,33.7,87,0,0,0,0,0,0,Healthy,None
9476,H19475,H,300.6,310.3,1549,38.6,178,0,0,0,0,0,0,Healthy,None
9477,H19476,H,301.3,312.5,1537,36.4,209,1,1,0,0,0,0,Failure Risk,Tool Wear Failure
9478,H19477,H,297.3,307.5,1877,50.2,249,1,1,0,1,0,0,Failure Risk,"Tool Wear Failure, Power Failure"
9479,L19478,L,301.7,312.4,1295,14.4,195,1,0,0,1,0,0,Failure Risk,Power Failure
9480,L19479,L,299.8,309.3,1396,38.2,214,0,0,0,0,0,0,Healthy,None
9481,L19480,L,306.1,316.4,1612,36.4,200,1,0,0,0,0,1,Failure Risk,Random Failure
9482,L19481,L,295.6,306.9,1248,39.9,114,0,0,0,0,0,0,Healthy,None
9483,M19482,M,302.7,312.3,1471,34.6,138,0,0,0,0,0,0,Healthy,None
9484,H19483,H,299.2,309.3,1469,50.1,34,0,0,0,0,0,0,Healthy,None
9485,H19484,H,296.8,305.4,1710,37.4,138,0,0,0,0,0,0,Healthy,None
9486,M19485,M,298.9,308.1,1662,41.3,198,0,0,0,0,0,0,Healthy,None
9487,L19486,L,300.6,310.3,1236,48.8,16,0,0,0,0,0,0,Healthy,None
9488,L19487,L,302.1,311.0,1413,40.5,54,0,0,0,0,0,0,Healthy,None
9489,L19488,L,303.4,314.7,1414,27.4,81,0,0,0,0,0,0,Healthy,None
9490,L19489,L,302.8,312.0,1499,35.8,25,0,0,0,0,0,0,Healthy,None
9491,M19490,M,298.1,308.9,1341,38.8,46,0,0,0,0,0,0,Healthy,None
9492,L19491,L,302.3,312.5,1618,23.7,240,0,0,0,0,0,0,Healthy,None
9493,L19492,L,300.8,310.8,1413,33.0,25,0,0,0,0,0,0,Healthy,None
9494,L19493,L,298.7,310.2,1643,39.3,56,0,0,0,0,0,0,Healthy,None
9495,M19494,M,299.6,307.3,1537,59.9,208,1,1,0,1,1,0,Failure Risk,"Tool Wear Failure, Power Failure, Overstrain Failure"
9496,L19495,L,298.6,308.4,1363,43.7,119,0,0,0,0,0,0,Healthy,None
9497,L19496,L,300.1,309.0,1786,41.6,201,0,0,0,0,0,0,Healthy,None
9498,L19497,L,298.5,306.5,1791,56.7,221,1,1,0,1,1,0,Failure Risk,"Tool Wear Failure, Power Failure, Overstrain Failure"
9499,H19498,H,297.9,306.7,1589,45.8,78,0,0,0,0,0,0,Healthy,None
9500,L19499,L,301.0,311.0,1495,47.2,246,1,0,0,0,1,0,Failure Risk,Overstrain Failure
9501,M19500,M,301.3,310.6,1348,36.0,175,0,0,0,0,0,0,Healthy,None
9502,M19501,M,299.6,310.5,1729,27.5,238,1,1,0,0,0,0,Failure Risk,Tool Wear Failure
9503,M19502,M,302.7,312.5,1685,42.6,25,0,0,0,0,0,0,Healthy,None
9504,H19503,H,299.5,309.2,1392,58.0,40,0,0,0,0,0,0,Healthy,None
9505,L19504,L,299.4,309.1,1415,55.0,155,0,0,0,0,0,0,Healthy,None
9506,L19505,L,301.3,311.2,1619,46.5,244,1,0,0,0,1,0,Failure Risk,Overstrain Failure
9507,L19506,L,299.7,309.3,1327,33.2,146,0,0,0,0,0,0,Healthy,None
9508,M19507,M,300.2,309.3,1426,24.6,0,0,0,0,0,0,0,Healthy,None
9509,L19508,L,295.0,306.0,1351,31.9,33,0,0,0,0,0,0,Healthy,None
9510,L19509,L,300.0,309.4,1357,42.2,101,0,0,0,0,0,0,Healthy,None
9511,M19510,M,296.3,305.9,1409,35.3,87,0,0,0,0,0,0,Healthy,None
9512,M19511,M,297.6,308.0,1700,49.9,168,0,0,0,0,0,0,Healthy,None
9513,L19512,L,297.3,307.6,1223,25.3,87,1,0,0,1,0,0,Failure Risk,Power Failure
9514,M19513,M,297.9,307.0,1615,38.7,209,1,1,0,0,0,0,Failure Risk,Tool Wear Failure
9515,M19514,M,298.9,309.7,1584,32.4,64,0,0,0,0,0,0,Healthy,None
9516,L19515,L,299.0,309.5,1711,49.8,73,0,0,0,0,0,0,Healthy,None
9517,L19516,L,301.3,311.5,1584,45.4,3,0,0,0,0,0,0,Healthy,None
9518,M19517,M,300.4,310.0,1470,31.8,141,0,0,0,0,0,0,Healthy,None
9519,M19518,M,296.2,305.8,1392,48.5,190,0,0,0,0,0,0,Healthy,None
9520,L19519,L,300.2,310.0,1715,23.9,20,0,0,0,0,0,0,Healthy,None
9521,L19520,L,300.6,309.4,1626,22.3,63,0,0,0,0,0,0,Healthy,None
9522,M19521,M,299.3,309.3,1449,31.2,153,0,0,0,0,0,0,Healthy,None
9523,H19522,H,299.9,310.8,1700,20.4,101,0,0,0,0,0,0,Healthy,None
9524,M19523,M,300.4,311.3,1458,38.9,243,1,1,0,0,0,0,Failure Risk,Tool Wear Failure
9525,L19524,L,301.5,311.1,1537,39.2,68,0,0,0,0,0,0,Healthy,None
9526,L19525,L,296.9,308.0,1429,36.0,206,0,0,0,0,0,0,Healthy,None
9527,H19526,H,299.5,311.4,1633,45.3,151,0,0,0,0,0,0,Healthy,None
9528,L19527,L,303.0,312.7,1360,32.8,9,0,0,0,0,0,0,Healthy,None
9529,H19528,H,302.8,313.5,1484,27.2,98,0,0,0,0,0,0,Healthy,None
9530,H19529,H,301.7,309.4,1420,32.1,208,0,0,0,0,0,0,Healthy,None
9531,L19530,L,301.1,309.8,1585,27.9,31,0,0,0,0,0,0,Healthy,None
9532,H19531,H,303.3,313.4,1607,33.9,72,0,0,0,0,0,0,Healthy,None
9533,L19532,L,303.8,312.8,1340,45.9,158,0,0,0,0,0,0,Healthy,None
9534,H19533,H,299.7,311.7,1610,22.6,232,0,0,0,0,0,0,Healthy,None
9535,L19534,L,298.1,308.7,1273,36.6,142,0,0,0,0,0,0,Healthy,None
9536,L19535,L,299.5,310.5,1930,49.5,177,1,0,0,1,0,0,Failure Risk,Power Failure
9537,M19536,M,306.2,316.2,1446,50.6,2,0,0,0,0,0,0,Healthy,None
9538,M19537,M,296.9,305.9,1725,33.2,103,0,0,0,0,0,0,Healthy,None
9539,L19538,L,299.1,308.6,1574,61.9,34,1,0,0,1,0,0,Failure Risk,Power Failure
9540,M19539,M,297.2,307.5,1581,29.6,114,0,0,0,0,0,0,Healthy,None
9541,L19540,L,300.2,309.6,1329,37.7,53,0,0,0,0,0,0,Healthy,None
9542,L19541,L,297.6,308.3,1688,28.4,204,0,0,0,0,0,0,Healthy,None
9543,L19542,L,299.8,310.5,1546,44.3,85,0,0,0,0,0,0,Healthy,None
9544,L19543,L,296.1,306.1,1622,67.7,111,1,0,0,1,0,0,Failure Risk,Power Failure
9545,L19544,L,301.2,309.4,1521,58.3,198,1,0,0,1,1,0,Failure Risk,"Power Failure, Overstrain Failure"
9546,L19545,L,302.4,314.1,1561,48.4,249,1,0,0,0,1,0,Failure Risk,Overstrain Failure
9547,L19546,L,299.2,309.0,1379,34.0,83,0,0,0,0,0,0,Healthy,None
9548,L19547,L,299.7,312.4,1510,38.3,100,0,0,0,0,0,0,Healthy,None
9549,L19548,L,299.7,310.4,1462,51.0,153,0,0,0,0,0,0,Healthy,None
9550,H19549,H,300.4,310.2,1411,47.4,82,0,0,0,0,0,0,Healthy,None
9551,L19550,L,299.9,310.3,1562,40.8,221,1,1,0,0,0,0,Failure Risk,Tool Wear Failure
9552,H19551,H,301.5,309.5,1603,41.4,97,0,0,0,0,0,0,Healthy,None
9553,M19552,M,302.5,313.5,1582,50.5,34,0,0,0,0,0,0,Healthy,None
9554,M19553,M,298.4,311.0,1519,52.9,155,0,0,0,0,0,0,Healthy,None
9555,M19554,M,299.4,307.3,1611,25.1,98,0,0,0,0,0,0,Healthy,None
9556,H19555,H,301.8,311.5,1581,42.2,252,0,0,0,0,0,0,Healthy,None
9557,L19556,L,297.2,307.1,1555,45.7,225,1,1,0,0,0,0,Failure Risk,Tool Wear Failure
9558,M19557,M,296.1,307.0,1567,34.7,239,0,0,0,0,0,0,Healthy,None
9559,M19558,M,300.5,312.6,1749,52.7,112,1,0,0,1,0,0,Failure Risk,Power Failure
9560,M19559,M,301.0,311.4,1322,37.1,122,0,0,0,0,0,0,Healthy,None
9561,H19560,H,298.6,310.7,1480,52.9,143,0,0,0,0,0,0,Healthy,None
9562,L19561,L,298.8,309.0,1598,36.4,175,0,0,0,0,0,0,Healthy,None
9563,M19562,M,298.5,309.0,1254,42.6,242,0,0,0,0,0,0,Healthy,None
9564,M19563,M,298.3,308.6,1785,42.3,223,1,1,0,0,0,0,Failure Risk,Tool Wear Failure
9565,L19564,L,301.4,312.6,1583,56.5,80,1,0,0,1,0,0,Failure Risk,Power Failure
9566,L19565,L,297.6,307.2,1709,47.3,87,0,0,0,0,0,0,Healthy,None
9567,M19566,M,299.5,310.3,1738,35.5,68,0,0,0,0,0,0,Healthy,None
9568,H19567,H,298.2,307.0,1611,37.3,203,1,1,0,0,0,0,Failure Risk,Tool Wear Failure
9569,L19568,L,297.1,306.8,1168,37.3,149,0,0,0,0,0,0,Healthy,None
9570,H19569,H,301.7,311.1,1564,40.2,11,0,0,0,0,0,0,Healthy,None
9571,L19570,L,299.0,309.1,1575,30.6,92,0,0,0,0,0,0,Healthy,None
9572,L19571,L,300.4,310.1,1343,39.2,57,0,0,0,0,0,0,Healthy,None
9573,L19572,L,297.0,308.1,1217,53.5,230,1,0,0,0,1,0,Failure Risk,Overstrain Failure
9574,L19573,L,298.5,307.6,1620,53.1,38,1,0,0,1,0,0,Failure Risk,Power Failure
9575,L19574,L,301.5,309.8,1314,24.5,163,1,0,1,1,0,0,Failure Risk,"Heat Dissipation Failure, Power Failure"
9576,L19575,L,305.2,313.8,1906,22.9,5,0,0,0,0,0,0,Healthy,None
9577,M19576,M,296.0,307.0,1585,34.1,175,0,0,0,0,0,0,Healthy,None
9578,M19577,M,299.6,308.6,1779,22.4,7,0,0,0,0,0,0,Healthy,None
9579,L19578,L,300.8,311.2,1543,27.5,69,0,0,0,0,0,0,Healthy,None
9580,L19579,L,298.8,308.5,1672,43.5,54,0,0,0,0,0,0,Healthy,None
9581,L19580,L,301.7,312.5,1547,39.6,93,0,0,0,0,0,0,Healthy,None
9582,M19581,M,298.3,308.1,1717,23.0,60,0,0,0,0,0,0,Healthy,None
9583,L19582,L,300.3,313.1,1173,51.6,82,0,0,0,0,0,0,Healthy,None
9584,L19583,L,299.0,310.9,1696,35.8,93,0,0,0,0,0,0,Healthy,None
9585,H19584,H,302.4,312.1,1657,34.9,216,1,1,0,0,0,0,Failure Risk,Tool Wear Failure
9586,H19585,H,298.6,308.1,1510,50.1,137,0,0,0,0,0,0,Healthy,None
9587,L19586,L,299.3,312.4,1464,44.1,47,0,0,0,0,0,0,Healthy,None
9588,L19587,L,301.9,310.8,1484,39.6,65,0,0,0,0,0,0,Healthy,None
9589,L19588,L,297.9,307.8,1588,35.1,109,0,0,0,0,0,0,Healthy,None
9590,M19589,M,300.1,310.1,1755,45.6,106,0,0,0,0,0,0,Healthy,None
9591,M19590,M,296.4,306.4,1442,35.7,151,0,0,0,0,0,0,Healthy,None
9592,L19591,L,297.8,306.1,1233,37.7,119,1,0,1,0,0,0,Failure Risk,Heat Dissipation Failure
9593,M19592,M,300.8,311.3,1982,28.4,27,0,0,0,0,0,0,Healthy,None
9594,L19593,L,298.0,307.0,1658,51.3,33,0,0,0,0,0,0,Healthy,None
9595,L19594,L,298.9,310.3,1467,55.4,56,0,0,0,0,0,0,Healthy,None
9596,L19595,L,301.0,309.5,1750,42.1,66,0,0,0,0,0,0,Healthy,None
9597,L19596,L,298.8,308.9,1705,35.2,25,0,0,0,0,0,0,Healthy,None
9598,L19597,L,301.6,309.4,1626,49.3,190,0,0,0,0,0,0,Healthy,None
9599,L19598,L,300.4,308.2,1452,45.8,149,0,0,0,0,0,0,Healthy,None
9600,L19599,L,300.9,310.1,1657,35.6,223,1,1,0,0,0,0,Failure Risk,Tool Wear Failure
9601,L19600,L,302.5,311.8,1733,51.4,106,1,0,0,1,0,0,Failure Risk,Power Failure
9602,M19601,M,300.6,312.1,1230,35.8,163,0,0,0,0,0,0,Healthy,None
9603,L19602,L,303.1,313.1,1578,27.3,205,1,1,0,0,0,0,Failure Risk,Tool Wear Failure
9604,L19603,L,301.8,313.1,1591,39.3,36,0,0,0,0,0,0,Healthy,None
9605,M19604,M,299.0,308.6,1585,50.7,130,0,0,0,0,0,0,Healthy,None
9606,M19605,M,302.6,313.2,1546,41.0,219,1,1,0,0,0,0,Failure Risk,Tool Wear Failure
9607,H19606,H,300.5,309.8,1750,28.4,89,0,0,0,0,0,0,Healthy,None
9608,L19607,L,299.2,308.4,1500,36.0,231,1,1,0,0,0,0,Failure Risk,Tool Wear Failure
9609,L19608,L,300.6,308.8,1537,51.8,201,0,0,0,0,0,0,Healthy,None
9610,M19609,M,302.2,312.5,1594,42.7,63,0,0,0,0,0,0,Healthy,None
9611,M19610,M,300.9,311.2,1506,39.8,107,0,0,0,0,0,0,Healthy,None
9612,L19611,L,303.6,314.4,1289,38.7,217,0,0,0,0,0,0,Healthy,None
9613,H19612,H,302.2,312.4,1576,50.7,103,0,0,0,0,0,0,Healthy,None
9614,L19613,L,301.0,313.0,1578,50.0,150,0,0,0,0,0,0,Healthy,None
9615,H19614,H,297.9,308.1,1472,26.1,198,0,0,0,0,0,0,Healthy,None
9616,H19615,H,299.6,310.6,1514,49.3,225,0,0,0,0,0,0,Healthy,None
9617,M19616,M,300.1,309.8,1168,45.1,57,0,0,0,0,0,0,Healthy,None
9618,H19617,H,301.4,310.5,1754,55.8,139,1,0,0,1,0,0,Failure Risk,Power Failure
9619,M19618,M,301.3,312.0,1699,39.3,85,0,0,0,0,0,0,Healthy,None
9620,L19619,L,300.3,310.2,1298,51.2,51,0,0,0,0,0,0,Healthy,None
9621,L19620,L,300.2,311.0,1417,44.6,10,0,0,0,0,0,0,Healthy,None
9622,L19621,L,301.4,311.8,1797,29.0,8,0,0,0,0,0,0,Healthy,None
9623,L19622,L,298.3,307.5,1331,50.1,132,0,0,0,0,0,0,Healthy,None
9624,M19623,M,303.4,314.5,1623,48.0,69,0,0,0,0,0,0,Healthy,None
9625,L19624,L,295.9,305.0,1449,33.6,70,0,0,0,0,0,0,Healthy,None
9626,L19625,L,302.9,313.5,1611,42.9,109,0,0,0,0,0,0,Healthy,None
9627,M19626,M,299.9,311.2,1546,60.9,145,1,0,0,1,0,0,Failure Risk,Power Failure
9628,H19627,H,302.0,311.6,1487,35.2,206,0,0,0,0,0,0,Healthy,None
9629,L19628,L,300.7,311.9,1607,47.2,64,0,0,0,0,0,0,Healthy,None
9630,L19629,L,300.7,311.1,1449,29.2,111,0,0,0,0,0,0,Healthy,None
9631,L19630,L,301.1,312.0,1218,34.4,78,0,0,0,0,0,0,Healthy,None
9632,M19631,M,301.6,310.8,1371,48.0,53,0,0,0,0,0,0,Healthy,None
9633,L19632,L,299.3,309.5,1350,42.5,136,0,0,0,0,0,0,Healthy,None
9634,M19633,M,302.1,310.7,1250,38.0,70,1,0,1,0,0,0,Failure Risk,Heat Dissipation Failure
9635,L19634,L,297.8,309.5,1604,56.9,235,1,0,0,1,1,0,Failure Risk,"Power Failure, Overstrain Failure"
9636,L19635,L,300.0,308.0,1507,30.9,187,0,0,0,0,0,0,Healthy,None
9637,H19636,H,301.7,311.3,1601,38.6,136,0,0,0,0,0,0,Healthy,None
9638,L19637,L,302.0,311.1,1631,44.9,171,0,0,0,0,0,0,Healthy,None
9639,L19638,L,300.9,311.6,1673,31.4,138,0,0,0,0,0,0,Healthy,None
9640,L19639,L,299.2,311.1,1610,45.0,130,0,0,0,0,0,0,Healthy,None
9641,L19640,L,301.8,312.5,1362,50.6,204,0,0,0,0,0,0,Healthy,None
9642,M19641,M,298.7,311.7,1641,38.9,4,0,0,0,0,0,0,Healthy,None
9643,L19642,L,303.5,312.1,1577,33.2,159,0,0,0,0,0,0,Healthy,None
9644,L19643,L,299.8,308.5,1930,36.9,149,0,0,0,0,0,0,Healthy,None
9645,L19644,L,296.9,306.0,1539,13.5,53,1,0,0,1,0,0,Failure Risk,Power Failure
9646,M19645,M,297.6,307.7,1606,50.0,180,0,0,0,0,0,0,Healthy,None
9647,M19646,M,300.1,309.1,1521,42.6,189,0,0,0,0,0,0,Healthy,None
9648,M19647,M,300.3,309.5,1546,38.3,177,0,0,0,0,0,0,Healthy,None
9649,M19648,M,303.9,314.5,1534,23.5,106,0,0,0,0,0,0,Healthy,None
9650,L19649,L,297.9,306.7,1460,51.0,25,0,0,0,0,0,0,Healthy,None
9651,L19650,L,300.1,309.0,1569,35.7,66,0,0,0,0,0,0,Healthy,None
9652,L19651,L,297.9,307.5,1649,45.6,181,0,0,0,0,0,0,Healthy,None
9653,L19652,L,299.0,308.7,1462,39.9,168,0,0,0,0,0,0,Healthy,None
9654,L19653,L,303.4,314.4,1687,24.0,126,0,0,0,0,0,0,Healthy,None
9655,M19654,M,297.7,306.8,1665,52.6,121,1,0,0,1,0,0,Failure Risk,Power Failure
9656,M19655,M,301.2,310.5,1380,50.7,135,0,0,0,0,0,0,Healthy,None
9657,H19656,H,300.8,311.4,1365,47.6,23,0,0,0,0,0,0,Healthy,None
9658,L19657,L,300.0,310.8,1618,43.1,231,0,0,0,0,0,0,Healthy,None
9659,M19658,M,301.0,312.4,1432,28.1,12,0,0,0,0,0,0,Healthy,None
9660,H19659,H,297.7,308.2,1350,48.6,74,0,0,0,0,0,0,Healthy,None
9661,M19660,M,303.3,313.4,1845,61.8,229,1,1,0,1,1,0,Failure Risk,"Tool Wear Failure, Power Failure, Overstrain Failure"
9662,L19661,L,303.8,314.4,1365,41.1,108,0,0,0,0,0,0,Healthy,None
9663,L19662,L,300.1,309.8,1265,41.3,187,0,0,0,0,0,0,Healthy,None
9664,L19663,L,304.8,314.5,1397,29.1,234,0,0,0,0,0,0,Healthy,None
9665,L19664,L,299.2,307.4,1579,19.5,141,1,0,0,1,0,0,Failure Risk,Power Failure
9666,M19665,M,300.8,311.7,1551,36.4,45,0,0,0,0,0,0,Healthy,None
9667,L19666,L,302.9,313.1,1875,54.7,242,1,0,0,1,1,0,Failure Risk,"Power Failure, Overstrain Failure"
9668,L19667,L,299.1,309.9,1400,53.3,4,0,0,0,0,0,0,Healthy,None
9669,M19668,M,297.2,304.4,1580,39.4,238,0,0,0,0,0,0,Healthy,None
9670,M19669,M,296.8,306.8,1739,44.3,140,0,0,0,0,0,0,Healthy,None
9671,L19670,L,304.1,313.2,1420,27.9,151,0,0,0,0,0,0,Healthy,None
9672,M19671,M,298.9,310.4,1663,41.1,143,0,0,0,0,0,0,Healthy,None
9673,L19672,L,299.6,310.2,1210,34.8,28,0,0,0,0,0,0,Healthy,None
9674,L19673,L,297.8,308.0,1852,40.5,18,0,0,0,0,0,0,Healthy,None
9675,L19674,L,301.9,311.5,1716,37.3,80,0,0,0,0,0,0,Healthy,None
9676,M19675,M,298.4,308.8,1416,37.1,187,0,0,0,0,0,0,Healthy,None
9677,H19676,H,299.0,308.1,1686,49.9,189,0,0,0,0,0,0,Healthy,None
9678,L19677,L,300.6,310.5,1773,59.4,222,1,0,0,1,1,0,Failure Risk,"Power Failure, Overstrain Failure"
9679,M19678,M,297.9,307.3,1307,38.3,175,0,0,0,0,0,0,Healthy,None
9680,L19679,L,299.6,311.9,1430,54.0,220,1,1,0,0,1,0,Failure Risk,"Tool Wear Failure, Overstrain Failure"
9681,M19680,M,302.8,314.3,1778,27.7,31,0,0,0,0,0,0,Healthy,None
9682,L19681,L,300.9,312.0,1550,39.1,45,0,0,0,0,0,0,Healthy,None
9683,L19682,L,300.3,308.8,1616,27.2,80,0,0,0,0,0,0,Healthy,None
9684,H19683,H,300.4,311.3,1550,36.9,70,0,0,0,0,0,0,Healthy,None
9685,M19684,M,299.2,309.4,1697,47.1,229,0,0,0,0,0,0,Healthy,None
9686,L19685,L,304.0,315.2,1629,51.1,68,0,0,0,0,0,0,Healthy,None
9687,L19686,L,298.4,308.7,1557,32.3,215,0,0,0,0,0,0,Healthy,None
9688,L19687,L,300.4,310.4,1168,44.5,183,0,0,0,0,0,0,Healthy,None
9689,L19688,L,300.2,310.4,1652,52.2,122,1,0,0,1,0,0,Failure Risk,Power Failure
9690,H19689,H,302.0,310.2,1668,50.8,160,0,0,0,0,0,0,Healthy,None
9691,H19690,H,302.2,311.4,1316,42.6,239,0,0,0,0,0,0,Healthy,None
9692,L19691,L,299.9,310.3,1328,34.2,22,0,0,0,0,0,0,Healthy,None
9693,L19692,L,300.6,311.7,1630,33.2,205,0,0,0,0,0,0,Healthy,None
9694,H19693,H,300.7,310.1,1572,31.7,122,0,0,0,0,0,0,Healthy,None
9695,L19694,L,295.5,305.5,1184,39.7,97,0,0,0,0,0,0,Healthy,None
9696,M19695,M,296.8,305.2,1390,31.9,188,0,0,0,0,0,0,Healthy,None
9697,L19696,L,298.8,310.3,1594,46.7,131,1,0,0,0,0,1,Failure Risk,Random Failure
9698,M19697,M,298.9,310.0,1659,42.3,192,0,0,0,0,0,0,Healthy,None
9699,M19698,M,297.6,308.3,1433,41.8,129,0,0,0,0,0,0,Healthy,None
9700,H19699,H,301.5,311.9,1511,21.8,92,1,0,0,1,0,0,Failure Risk,Power Failure
9701,M19700,M,300.0,311.6,1380,40.3,185,0,0,0,0,0,0,Healthy,None
9702,L19701,L,299.6,308.8,1774,35.5,72,0,0,0,0,0,0,Healthy,None
9703,M19702,M,297.5,306.6,1569,61.4,27,1,0,0,1,0,0,Failure Risk,Power Failure
9704,H19703,H,299.9,311.0,1418,27.3,160,0,0,0,0,0,0,Healthy,None
9705,L19704,L,294.7,305.7,1331,38.0,22,0,0,0,0,0,0,Healthy,None
9706,L19705,L,299.7,308.5,1311,43.8,83,0,0,0,0,0,0,Healthy,None
9707,L19706,L,300.1,309.6,1862,30.4,118,0,0,0,0,0,0,Healthy,None
9708,L19707,L,300.5,312.2,1506,59.1,30,1,0,0,1,0,0,Failure Risk,Power Failure
9709,L19708,L,296.9,307.3,1466,59.3,47,1,0,0,1,0,0,Failure Risk,Power Failure
9710,M19709,M,300.4,311.2,1499,31.5,45,0,0,0,0,0,0,Healthy,None
9711,L19710,L,297.9,306.7,1425,34.1,246,0,0,0,0,0,0,Healthy,None
9712,H19711,H,298.4,309.1,1518,61.3,126,1,0,0,1,0,0,Failure Risk,Power Failure
9713,L19712,L,301.4,310.0,1544,53.8,250,1,1,0,0,1,0,Failure Risk,"Tool Wear Failure, Overstrain Failure"
9714,L19713,L,304.0,312.0,1540,36.3,44,0,0,0,0,0,0,Healthy,None
9715,L19714,L,300.1,310.8,1311,44.3,217,0,0,0,0,0,0,Healthy,None
9716,L19715,L,298.4,309.8,1697,26.3,94,0,0,0,0,0,0,Healthy,None
9717,L19716,L,300.4,310.1,1439,61.7,159,1,0,0,1,0,0,Failure Risk,Power Failure
9718,L19717,L,301.9,311.4,1420,40.7,50,0,0,0,0,0,0,Healthy,None
9719,L19718,L,301.2,312.9,1412,45.8,46,0,0,0,0,0,0,Healthy,None
9720,M19719,M,305.5,315.3,1349,30.7,60,0,0,0,0,0,0,Healthy,None
9721,M19720,M,298.6,308.5,1585,28.8,177,0,0,0,0,0,0,Healthy,None
9722,L19721,L,300.5,312.2,1698,44.5,34,0,0,0,0,0,0,Healthy,None
9723,M19722,M,303.1,312.7,1408,59.0,142,0,0,0,0,0,0,Healthy,None
9724,M19723,M,303.0,312.3,1208,34.6,206,0,0,0,0,0,0,Healthy,None
9725,L19724,L,296.1,306.9,1354,30.3,164,0,0,0,0,0,0,Healthy,None
9726,H19725,H,300.0,309.3,1457,43.0,236,0,0,0,0,0,0,Healthy,None
9727,H19726,H,303.0,312.9,1317,56.2,55,0,0,0,0,0,0,Healthy,None
9728,L19727,L,305.8,314.5,1430,33.7,58,0,0,0,0,0,0,Healthy,None
9729,L19728,L,301.4,311.6,1439,37.5,152,0,0,0,0,0,0,Healthy,None
9730,L19729,L,299.3,309.4,1535,48.3,19,0,0,0,0,0,0,Healthy,None
9731,L19730,L,298.0,309.0,1277,49.3,175,0,0,0,0,0,0,Healthy,None
9732,M19731,M,304.4,315.3,1641,37.2,85,0,0,0,0,0,0,Healthy,None
9733,L19732,L,301.5,312.1,1835,50.9,147,1,0,0,1,0,0,Failure Risk,Power Failure
9734,M19733,M,298.3,308.7,1793,45.2,142,0,0,0,0,0,0,Healthy,None
9735,M19734,M,299.6,309.5,1433,40.2,61,0,0,0,0,0,0,Healthy,None
9736,M19735,M,300.6,311.2,1657,48.9,93,0,0,0,0,0,0,Healthy,None
9737,M19736,M,301.1,310.0,1636,47.6,13,0,0,0,0,0,0,Healthy,None
9738,L19737,L,298.2,305.9,1530,29.6,104,0,0,0,0,0,0,Healthy,None
9739,L19738,L,298.8,310.0,1569,54.7,148,0,0,0,0,0,0,Healthy,None
9740,M19739,M,296.7,307.4,1660,43.4,177,0,0,0,0,0,0,Healthy,None
9741,L19740,L,302.1,312.0,1696,53.6,208,1,0,0,1,1,0,Failure Risk,"Power Failure, Overstrain Failure"
9742,L19741,L,299.3,310.4,1392,40.5,68,0,0,0,0,0,0,Healthy,None
9743,H19742,H,300.9,310.2,1671,42.5,142,0,0,0,0,0,0,Healthy,None
9744,M19743,M,302.8,312.1,1836,43.9,247,0,0,0,0,0,0,Healthy,None
9745,L19744,L,300.4,309.6,1695,45.4,62,0,0,0,0,0,0,Healthy,None
9746,M19745,M,299.8,310.4,1813,55.1,170,1,0,0,1,0,0,Failure Risk,Power Failure
9747,M19746,M,300.4,308.8,1168,44.6,26,1,0,1,0,0,0,Failure Risk,Heat Dissipation Failure
9748,L19747,L,300.1,309.3,1644,39.7,125,0,0,0,0,0,0,Healthy,None
9749,L19748,L,302.5,312.8,1585,50.0,60,0,0,0,0,0,0,Healthy,None
9750,H19749,H,300.6,309.4,1721,44.3,53,0,0,0,0,0,0,Healthy,None
9751,L19750,L,298.9,308.2,1336,69.3,186,1,0,0,1,1,1,Failure Risk,"Power Failure, Overstrain Failure, Random Failure"
9752,L19751,L,302.1,309.9,1447,42.9,235,1,1,0,0,0,0,Failure Risk,Tool Wear Failure
9753,L19752,L,302.5,313.1,1699,52.3,166,1,0,0,1,0,0,Failure Risk,Power Failure
9754,M19753,M,297.3,306.6,1348,48.7,248,1,0,0,0,1,0,Failure Risk,Overstrain Failure
9755,L19754,L,303.1,312.0,1581,19.7,211,1,0,0,1,0,0,Failure Risk,Power Failure
9756,L19755,L,300.7,309.4,1534,32.7,116,0,0,0,0,0,0,Healthy,None
9757,L19756,L,300.6,310.2,1502,35.6,232,0,0,0,0,0,0,Healthy,None
9758,H19757,H,302.0,310.4,1640,25.2,162,0,0,0,0,0,0,Healthy,None
9759,L19758,L,298.9,310.8,1338,36.1,80,0,0,0,0,0,0,Healthy,None
9760,M19759,M,301.9,309.5,1398,26.4,247,0,0,0,0,0,0,Healthy,None
9761,H19760,H,299.2,308.7,1513,29.0,8,0,0,0,0,0,0,Healthy,None
9762,L19761,L,297.1,307.2,1322,42.4,106,0,0,0,0,0,0,Healthy,None
9763,H19762,H,298.0,307.2,1758,59.0,109,1,0,0,1,0,0,Failure Risk,Power Failure
9764,H19763,H,301.1,311.3,1395,26.5,249,0,0,0,0,0,0,Healthy,None
9765,H19764,H,298.1,307.3,1678,28.0,122,0,0,0,0,0,0,Healthy,None
9766,L19765,L,303.2,314.7,1381,34.7,59,0,0,0,0,0,0,Healthy,None
9767,M19766,M,302.4,311.3,1664,38.5,61,0,0,0,0,0,0,Healthy,None
9768,M19767,M,302.7,310.3,1250,24.7,105,1,0,1,1,0,0,Failure Risk,"Heat Dissipation Failure, Power Failure"
9769,H19768,H,300.2,308.9,1790,33.1,67,0,0,0,0,0,0,Healthy,None
9770,L19769,L,300.5,310.9,1741,32.2,143,0,0,0,0,0,0,Healthy,None
9771,M19770,M,297.6,307.5,1439,43.2,143,0,0,0,0,0,0,Healthy,None
9772,L19771,L,302.0,312.8,1390,44.2,220,0,0,0,0,0,0,Healthy,None
9773,L19772,L,300.8,311.3,1619,38.5,235,0,0,0,0,0,0,Healthy,None
9774,L19773,L,301.1,310.5,1264,36.3,95,0,0,0,0,0,0,Healthy,None
9775,M19774,M,303.4,312.9,1544,33.0,31,0,0,0,0,0,0,Healthy,None
9776,L19775,L,298.8,308.4,1393,40.5,101,0,0,0,0,0,0,Healthy,None
9777,M19776,M,299.7,311.6,1492,30.3,230,0,0,0,0,0,0,Healthy,None
9778,H19777,H,300.7,311.4,1422,55.3,246,1,1,0,0,1,0,Failure Risk,"Tool Wear Failure, Overstrain Failure"
9779,L19778,L,298.1,310.0,1395,25.2,231,1,1,0,0,0,0,Failure Risk,Tool Wear Failure
9780,M19779,M,299.6,310.4,1843,33.5,37,0,0,0,0,0,0,Healthy,None
9781,L19780,L,301.0,310.9,1677,48.6,166,0,0,0,0,0,0,Healthy,None
9782,L19781,L,299.3,308.3,1273,36.1,189,0,0,0,0,0,0,Healthy,None
9783,M19782,M,302.6,312.8,1381,46.7,190,0,0,0,0,0,0,Healthy,None
9784,H19783,H,297.0,306.9,1691,57.0,104,1,0,0,1,0,0,Failure Risk,Power Failure
9785,M19784,M,302.2,312.1,1711,48.2,15,0,0,0,0,0,0,Healthy,None
9786,M19785,M,301.3,311.1,1290,28.1,53,0,0,0,0,0,0,Healthy,None
9787,L19786,L,298.9,306.8,1663,28.6,236,0,0,0,0,0,0,Healthy,None
9788,L19787,L,298.2,309.5,1585,38.1,142,0,0,0,0,0,0,Healthy,None
9789,M19788,M,295.8,305.7,1190,44.4,17,0,0,0,0,0,0,Healthy,None
9790,L19789,L,298.4,307.0,1465,51.9,3,0,0,0,0,0,0,Healthy,None
9791,L19790,L,302.1,312.6,1513,32.2,36,0,0,0,0,0,0,Healthy,None
9792,M19791,M,299.9,309.0,1546,35.2,39,0,0,0,0,0,0,Healthy,None
9793,L19792,L,302.3,312.9,1301,37.5,62,0,0,0,0,0,0,Healthy,None
9794,L19793,L,298.8,309.7,1401,37.3,67,0,0,0,0,0,0,Healthy,None
9795,M19794,M,301.4,312.4,1426,54.8,144,0,0,0,0,0,0,Healthy,None
9796,M19795,M,298.6,308.4,1442,39.0,208,1,1,0,0,0,0,Failure Risk,Tool Wear Failure
9797,H19796,H,298.1,307.7,1445,41.5,225,0,0,0,0,0,0,Healthy,None
9798,M19797,M,299.8,309.2,1514,49.0,119,0,0,0,0,0,0,Healthy,None
9799,L19798,L,298.7,308.0,1593,55.8,175,1,0,0,1,0,0,Failure Risk,Power Failure
9800,H19799,H,296.9,306.9,1855,39.7,18,0,0,0,0,0,0,Healthy,None
9801,M19800,M,299.6,309.4,1693,52.5,85,1,0,0,1,0,0,Failure Risk,Power Failure
9802,L19801,L,300.2,309.4,1773,58.1,166,1,0,0,1,0,0,Failure Risk,Power Failure
9803,L19802,L,302.5,311.4,1451,38.9,234,1,1,0,0,0,0,Failure Risk,Tool Wear Failure
9804,M19803,M,301.9,311.8,1358,34.4,192,0,0,0,0,0,0,Healthy,None
9805,M19804,M,302.4,312.0,1681,61.7,52,1,0,0,1,0,0,Failure Risk,Power Failure
9806,M19805,M,301.4,310.3,1535,51.1,145,0,0,0,0,0,0,Healthy,None
9807,M19806,M,300.7,311.5,1668,40.1,38,0,0,0,0,0,0,Healthy,None
9808,M19807,M,297.5,309.3,1380,46.4,187,0,0,0,0,0,0,Healthy,None
9809,H19808,H,300.3,311.3,1654,29.7,91,0,0,0,0,0,0,Healthy,None
9810,M19809,M,301.2,310.5,1506,51.0,204,0,0,0,0,0,0,Healthy,None
9811,L19810,L,302.9,312.8,1455,22.2,162,1,0,0,1,0,0,Failure Risk,Power Failure
9812,H19811,H,301.4,312.9,1472,50.6,72,0,0,0,0,0,0,Healthy,None
9813,L19812,L,302.5,311.3,1625,32.9,80,0,0,0,0,0,0,Healthy,None
9814,M19813,M,297.9,308.7,1676,23.6,161,0,0,0,0,0,0,Healthy,None
9815,H19814,H,299.3,307.9,1472,20.2,14,1,0,0,1,0,0,Failure Risk,Power Failure
9816,M19815,M,300.9,312.6,1599,35.3,72,0,0,0,0,0,0,Healthy,None
9817,M19816,M,302.3,311.9,1599,47.0,102,0,0,0,0,0,0,Healthy,None
9818,L19817,L,299.7,311.9,1670,26.2,18,0,0,0,0,0,0,Healthy,None
9819,L19818,L,299.8,311.5,1714,27.8,74,0,0,0,0,0,0,Healthy,None
9820,L19819,L,301.4,311.3,1862,35.1,215,0,0,0,0,0,0,Healthy,None
9821,M19820,M,297.7,307.0,1454,48.0,84,0,0,0,0,0,0,Healthy,None
9822,M19821,M,303.2,313.4,1799,49.2,190,1,0,0,1,0,0,Failure Risk,Power Failure
9823,M19822,M,298.2,308.0,1558,41.4,81,0,0,0,0,0,0,Healthy,None
9824,L19823,L,296.2,305.8,1342,49.7,25,0,0,0,0,0,0,Healthy,None
9825,L19824,L,300.0,308.3,1421,46.8,176,0,0,0,0,0,0,Healthy,None
9826,M19825,M,303.4,312.9,1621,35.9,245,0,0,0,0,0,0,Healthy,None
9827,L19826,L,301.2,310.1,1667,49.0,3,0,0,0,0,0,0,Healthy,None
9828,M19827,M,301.5,312.1,1356,27.3,193,0,0,0,0,0,0,Healthy,None
9829,M19828,M,300.1,311.1,1401,44.8,144,0,0,0,0,0,0,Healthy,None
9830,M19829,M,299.7,310.4,1442,28.5,246,0,0,0,0,0,0,Healthy,None
9831,L19830,L,296.9,307.2,1383,41.4,243,1,1,0,0,0,0,Failure Risk,Tool Wear Failure
9832,H19831,H,295.5,304.6,1201,52.1,128,0,0,0,0,0,0,Healthy,None
9833,L19832,L,300.4,310.6,1168,42.1,76,0,0,0,0,0,0,Healthy,None
9834,H19833,H,302.6,313.4,1469,39.9,201,0,0,0,0,0,0,Healthy,None
9835,L19834,L,300.7,310.1,1583,42.2,80,0,0,0,0,0,0,Healthy,None
9836,L19835,L,301.2,311.3,1655,46.6,118,0,0,0,0,0,0,Healthy,None
9837,H19836,H,303.2,313.1,1294,61.1,212,0,0,0,0,0,0,Healthy,None
9838,L19837,L,300.7,312.4,1297,46.5,112,0,0,0,0,0,0,Healthy,None
9839,M19838,M,299.8,310.7,1443,35.0,106,0,0,0,0,0,0,Healthy,None
9840,H19839,H,298.4,309.0,1538,37.9,136,0,0,0,0,0,0,Healthy,None
9841,H19840,H,304.0,312.3,1718,31.1,94,0,0,0,0,0,0,Healthy,None
9842,H19841,H,301.1,311.3,1666,27.7,98,0,0,0,0,0,0,Healthy,None
9843,L19842,L,298.1,307.9,1472,15.9,137,1,0,0,1,0,0,Failure Risk,Power Failure
9844,M19843,M,297.7,307.5,1602,35.4,176,0,0,0,0,0,0,Healthy,None
9845,L19844,L,302.5,310.9,1387,26.1,47,0,0,0,0,0,0,Healthy,None
9846,L19845,L,297.9,306.8,1551,41.0,175,0,0,0,0,0,0,Healthy,None
9847,H19846,H,303.7,313.6,1526,35.0,142,0,0,0,0,0,0,Healthy,None
9848,L19847,L,294.5,305.6,1789,29.3,44,0,0,0,0,0,0,Healthy,None
9849,M19848,M,302.8,312.2,1626,19.2,1,1,0,0,1,0,0,Failure Risk,Power Failure
9850,M19849,M,301.0,310.6,1400,36.5,57,0,0,0,0,0,0,Healthy,None
9851,M19850,M,300.2,312.0,1401,22.7,165,1,0,0,1,0,0,Failure Risk,Power Failure
9852,H19851,H,299.6,309.3,1478,47.0,2,0,0,0,0,0,0,Healthy,None
9853,L19852,L,303.8,313.7,1257,42.5,217,1,1,0,0,0,0,Failure Risk,Tool Wear Failure
9854,M19853,M,301.4,311.3,1496,37.8,247,0,0,0,0,0,0,Healthy,None
9855,H19854,H,298.2,306.9,1512,54.4,224,0,0,0,0,0,0,Healthy,None
9856,L19855,L,296.6,307.2,1621,40.1,112,0,0,0,0,0,0,Healthy,None
9857,L19856,L,300.4,309.7,1647,43.8,215,0,0,0,0,0,0,Healthy,None
9858,M19857,M,300.0,310.0,1555,46.8,186,0,0,0,0,0,0,Healthy,None
9859,L19858,L,297.0,307.4,1246,34.9,96,0,0,0,0,0,0,Healthy,None
9860,L19859,L,299.9,311.8,1319,34.9,190,0,0,0,0,0,0,Healthy,None
9861,H19860,H,298.9,307.6,1429,40.4,93,0,0,0,0,0,0,Healthy,None
9862,M19861,M,300.0,310.9,1654,26.7,42,0,0,0,0,0,0,Healthy,None
9863,H19862,H,301.5,312.4,1648,57.7,3,1,0,0,1,0,0,Failure Risk,Power Failure
9864,H19863,H,303.0,312.4,1493,41.6,170,0,0,0,0,0,0,Healthy,None
9865,M19864,M,301.8,312.4,1960,38.0,236,1,1,0,0,0,0,Failure Risk,Tool Wear Failure
9866,L19865,L,298.6,310.2,1817,60.6,188,1,0,0,1,1,0,Failure Risk,"Power Failure, Overstrain Failure"
9867,L19866,L,300.7,309.9,1759,29.1,85,0,0,0,0,0,0,Healthy,None
9868,L19867,L,300.1,310.3,1663,55.2,48,1,0,0,1,0,0,Failure Risk,Power Failure
9869,H19868,H,297.3,307.7,1620,48.1,191,0,0,0,0,0,0,Healthy,None
9870,L19869,L,300.8,311.3,1607,51.1,19,0,0,0,0,0,0,Healthy,None
9871,L19870,L,303.7,314.5,1214,38.3,220,0,0,0,0,0,0,Healthy,None
9872,M19871,M,300.1,310.3,1349,40.6,84,0,0,0,0,0,0,Healthy,None
9873,L19872,L,296.8,307.3,1498,36.6,172,0,0,0,0,0,0,Healthy,None
9874,L19873,L,300.1,309.2,1560,49.9,144,0,0,0,0,0,0,Healthy,None
9875,M19874,M,297.6,307.8,1515,43.9,65,0,0,0,0,0,0,Healthy,None
9876,L19875,L,301.7,311.2,1586,34.5,225,0,0,0,0,0,0,Healthy,None
9877,L19876,L,301.0,309.8,1168,34.9,149,0,0,0,0,0,0,Healthy,None
9878,L19877,L,299.7,309.2,1628,39.9,177,0,0,0,0,0,0,Healthy,None
9879,M19878,M,299.3,309.6,1549,36.7,197,0,0,0,0,0,0,Healthy,None
9880,M19879,M,299.6,310.0,1504,54.3,24,0,0,0,0,0,0,Healthy,None
9881,L19880,L,300.0,308.7,1703,48.0,126,0,0,0,0,0,0,Healthy,None
9882,M19881,M,298.5,307.6,1350,48.0,129,0,0,0,0,0,0,Healthy,None
9883,L19882,L,297.2,307.9,1495,42.3,246,1,1,0,0,0,0,Failure Risk,Tool Wear Failure
9884,H19883,H,302.3,312.8,1588,31.8,170,0,0,0,0,0,0,Healthy,None
9885,L19884,L,299.2,310.1,1385,46.9,144,0,0,0,0,0,0,Healthy,None
9886,M19885,M,300.3,311.7,1179,19.2,72,1,0,0,1,0,0,Failure Risk,Power Failure
9887,H19886,H,300.6,311.1,1331,41.7,147,0,0,0,0,0,0,Healthy,None
9888,H19887,H,300.6,310.2,1526,32.0,164,0,0,0,0,0,0,Healthy,None
9889,L19888,L,297.7,307.8,1493,31.2,179,0,0,0,0,0,0,Healthy,None
9890,L19889,L,296.6,308.3,1534,35.4,78,0,0,0,0,0,0,Healthy,None
9891,M19890,M,298.8,311.6,1419,39.2,25,0,0,0,0,0,0,Healthy,None
9892,L19891,L,300.8,311.3,1303,39.8,152,0,0,0,0,0,0,Healthy,None
9893,H19892,H,298.5,309.0,1562,47.8,63,0,0,0,0,0,0,Healthy,None
9894,M19893,M,299.3,310.0,1508,38.3,158,0,0,0,0,0,0,Healthy,None
9895,M19894,M,304.3,314.3,1652,39.0,157,0,0,0,0,0,0,Healthy,None
9896,L19895,L,296.3,307.5,1404,26.2,112,0,0,0,0,0,0,Healthy,None
9897,M19896,M,298.5,309.5,1176,27.5,137,1,0,0,1,0,0,Failure Risk,Power Failure
9898,M19897,M,303.8,314.2,1168,42.8,165,0,0,0,0,0,0,Healthy,None
9899,H19898,H,299.9,309.6,1466,46.2,108,0,0,0,0,0,0,Healthy,None
9900,L19899,L,298.6,307.1,1560,37.4,123,0,0,0,0,0,0,Healthy,None
9901,L19900,L,302.3,313.0,1496,49.2,84,0,0,0,0,0,0,Healthy,None
9902,L19901,L,300.1,310.3,1436,26.1,239,1,1,0,0,0,0,Failure Risk,Tool Wear Failure
9903,L19902,L,299.3,308.6,1253,43.9,215,0,0,0,0,0,0,Healthy,None
9904,M19903,M,300.4,309.3,1199,31.6,97,0,0,0,0,0,0,Healthy,None
9905,H19904,H,298.7,309.4,1603,30.8,155,0,0,0,0,0,0,Healthy,None
9906,L19905,L,298.0,306.4,1497,32.4,115,0,0,0,0,0,0,Healthy,None
9907,H19906,H,299.8,310.1,1472,39.2,228,1,1,0,0,0,0,Failure Risk,Tool Wear Failure
9908,L19907,L,298.0,308.8,1262,44.3,151,0,0,0,0,0,0,Healthy,None
9909,L19908,L,300.0,310.5,1365,43.6,156,0,0,0,0,0,0,Healthy,None
9910,L19909,L,300.7,310.3,1546,37.1,80,0,0,0,0,0,0,Healthy,None
9911,L19910,L,301.7,310.5,1588,46.3,102,0,0,0,0,0,0,Healthy,None
9912,H19911,H,302.3,312.9,1508,56.7,215,0,0,0,0,0,0,Healthy,None
9913,L19912,L,299.2,310.4,1784,38.8,16,0,0,0,0,0,0,Healthy,None
9914,M19913,M,301.0,310.4,1434,40.9,100,0,0,0,0,0,0,Healthy,None
9915,L19914,L,301.0,311.5,1768,33.9,69,0,0,0,0,0,0,Healthy,None
9916,H19915,H,300.7,312.3,1576,36.1,63,0,0,0,0,0,0,Healthy,None
9917,L19916,L,299.0,309.3,1557,52.4,105,0,0,0,0,0,0,Healthy,None
9918,L19917,L,297.9,307.5,1704,52.5,100,1,0,0,1,0,0,Failure Risk,Power Failure
9919,L19918,L,301.0,312.0,1426,38.0,237,0,0,0,0,0,0,Healthy,None
9920,L19919,L,296.6,305.9,1479,44.9,158,0,0,0,0,0,0,Healthy,None
9921,L19920,L,299.5,308.2,1318,49.1,56,0,0,0,0,0,0,Healthy,None
9922,H19921,H,294.9,305.7,1705,35.6,147,0,0,0,0,0,0,Healthy,None
9923,M19922,M,297.3,306.9,1598,27.1,173,0,0,0,0,0,0,Healthy,None
9924,M19923,M,298.2,307.9,1734,46.8,129,0,0,0,0,0,0,Healthy,None
9925,M19924,M,302.2,311.6,1574,48.9,104,0,0,0,0,0,0,Healthy,None
9926,L19925,L,301.4,310.9,1735,47.4,81,0,0,0,0,0,0,Healthy,None
9927,L19926,L,298.9,310.3,1404,36.3,49,0,0,0,0,0,0,Healthy,None
9928,H19927,H,301.5,313.2,1714,55.1,187,1,0,0,1,0,0,Failure Risk,Power Failure
9929,H19928,H,301.8,313.6,1466,42.8,213,0,0,0,0,0,0,Healthy,None
9930,H19929,H,299.7,310.8,1538,28.6,40,0,0,0,0,0,0,Healthy,None
9931,H19930,H,297.2,307.7,1668,24.2,228,1,1,0,0,0,0,Failure Risk,Tool Wear Failure
9932,L19931,L,299.6,308.2,1954,37.1,89,0,0,0,0,0,0,Healthy,None
9933,L19932,L,299.8,309.6,1684,42.2,241,0,0,0,0,0,0,Healthy,None
9934,L19933,L,297.5,309.7,1701,37.1,75,0,0,0,0,0,0,Healthy,None
9935,L19934,L,300.7,310.3,1440,59.7,197,1,0,0,1,1,0,Failure Risk,"Power Failure, Overstrain Failure"
9936,L19935,L,300.6,312.1,1566,44.0,144,0,0,0,0,0,0,Healthy,None
9937,L19936,L,300.9,311.0,1520,30.4,205,0,0,0,0,0,0,Healthy,None
9938,M19937,M,300.6,307.9,1789,17.5,137,1,0,0,1,0,0,Failure Risk,Power Failure
9939,H19938,H,301.5,312.1,1511,42.3,89,0,0,0,0,0,0,Healthy,None
9940,M19939,M,299.6,310.9,1775,49.8,114,1,0,0,1,0,0,Failure Risk,Power Failure
9941,H19940,H,300.4,310.4,1305,58.5,194,0,0,0,0,0,0,Healthy,None
9942,L19941,L,299.2,310.4,1788,38.0,169,0,0,0,0,0,0,Healthy,None
9943,L19942,L,298.8,307.1,1383,57.0,237,1,0,0,0,1,0,Failure Risk,Overstrain Failure
9944,M19943,M,302.7,311.3,1690,26.5,206,0,0,0,0,0,0,Healthy,None
9945,L19944,L,295.9,306.1,1383,36.6,143,0,0,0,0,0,0,Healthy,None
9946,L19945,L,301.8,312.3,1648,30.0,165,0,0,0,0,0,0,Healthy,None
9947,L19946,L,298.8,310.2,1365,47.8,141,0,0,0,0,0,0,Healthy,None
9948,L19947,L,298.5,309.1,1723,27.1,163,0,0,0,0,0,0,Healthy,None
9949,M19948,M,300.5,309.3,1689,44.0,140,0,0,0,0,0,0,Healthy,None
9950,L19949,L,297.0,307.2,1430,27.7,186,0,0,0,0,0,0,Healthy,None
9951,M19950,M,298.4,309.0,1641,57.4,154,1,0,0,1,0,0,Failure Risk,Power Failure
9952,M19951,M,298.3,306.4,1707,36.3,7,0,0,0,0,0,0,Healthy,None
9953,L19952,L,299.6,309.6,1372,43.7,86,0,0,0,0,0,0,Healthy,None
9954,L19953,L,298.4,308.1,1352,22.3,232,1,0,0,1,0,0,Failure Risk,Power Failure
9955,L19954,L,303.2,312.5,1346,25.2,52,0,0,0,0,0,0,Healthy,None
9956,L19955,L,303.6,314.1,1320,32.3,202,0,0,0,0,0,0,Healthy,None
9957,M19956,M,296.0,304.9,1345,48.4,132,0,0,0,0,0,0,Healthy,None
9958,M19957,M,301.1,311.5,1703,46.5,132,0,0,0,0,0,0,Healthy,None
9959,M19958,M,301.7,312.3,1637,50.7,216,0,0,0,0,0,0,Healthy,None
9960,L19959,L,301.1,312.2,1234,25.1,81,1,0,0,1,0,0,Failure Risk,Power Failure
9961,M19960,M,298.7,307.6,1446,45.0,47,0,0,0,0,0,0,Healthy,None
9962,M19961,M,299.5,308.0,1330,34.5,246,1,0,1,0,0,0,Failure Risk,Heat Dissipation Failure
9963,L19962,L,298.5,308.8,1692,32.0,249,0,0,0,0,0,0,Healthy,None
9964,M19963,M,299.2,308.9,1457,34.7,242,0,0,0,0,0,0,Healthy,None
9965,L19964,L,297.6,310.5,1261,38.8,23,0,0,0,0,0,0,Healthy,None
9966,M19965,M,299.8,310.3,1568,46.5,200,0,0,0,0,0,0,Healthy,None
9967,M19966,M,297.0,307.1,1646,51.1,234,1,1,0,0,0,0,Failure Risk,Tool Wear Failure
9968,L19967,L,299.6,309.4,1367,45.2,202,0,0,0,0,0,0,Healthy,None
9969,M19968,M,297.5,306.3,1490,46.3,205,0,0,0,0,0,0,Healthy,None
9970,L19969,L,300.4,311.0,1376,58.0,41,0,0,0,0,0,0,Healthy,None
9971,L19970,L,298.6,308.5,1760,46.9,136,0,0,0,0,0,0,Healthy,None
9972,H19971,H,300.6,310.5,1460,37.9,191,0,0,0,0,0,0,Healthy,None
9973,H19972,H,302.2,312.3,1408,45.8,196,0,0,0,0,0,0,Healthy,None
9974,L19973,L,303.2,313.4,1528,56.9,121,1,0,0,1,0,0,Failure Risk,Power Failure
9975,L19974,L,294.9,303.2,1500,31.4,90,0,0,0,0,0,0,Healthy,None
9976,L19975,L,298.3,309.1,1661,35.7,138,0,0,0,0,0,0,Healthy,None
9977,L19976,L,299.4,308.6,1755,54.4,219,1,0,0,1,1,0,Failure Risk,"Power Failure, Overstrain Failure"
9978,H19977,H,300.9,310.8,1757,37.1,136,0,0,0,0,0,0,Healthy,None
9979,H19978,H,296.7,308.0,1469,47.6,76,0,0,0,0,0,0,Healthy,None
9980,M19979,M,298.0,309.8,1592,52.8,60,0,0,0,0,0,0,Healthy,None
9981,L19980,L,300.3,308.6,1804,27.6,82,0,0,0,0,0,0,Healthy,None
9982,M19981,M,300.2,310.2,1811,36.0,71,0,0,0,0,0,0,Healthy,None
9983,L19982,L,300.8,311.1,1381,51.9,54,0,0,0,0,0,0,Healthy,None
9984,H19983,H,300.9,309.4,1644,38.7,195,0,0,0,0,0,0,Healthy,None
9985,H19984,H,300.7,311.5,1613,20.0,107,1,0,0,1,0,0,Failure Risk,Power Failure
9986,M19985,M,300.4,310.5,1703,35.0,24,0,0,0,0,0,0,Healthy,None
9987,L19986,L,300.1,310.3,1760,47.9,126,0,0,0,0,0,0,Healthy,None
9988,L19987,L,301.3,310.4,1351,52.6,198,0,0,0,0,0,0,Healthy,None
9989,L19988,L,295.5,305.9,1414,40.5,55,0,0,0,0,0,0,Healthy,None
9990,H19989,H,303.1,313.9,1700,44.8,26,0,0,0,0,0,0,Healthy,None
9991,L19990,L,295.6,305.7,1564,36.3,231,0,0,0,0,0,0,Healthy,None
9992,L19991,L,297.8,307.3,1168,48.9,242,1,0,0,0,1,0,Failure Risk,Overstrain Failure
9993,L19992,L,299.5,309.1,1239,54.1,150,0,0,0,0,0,0,Healthy,None
9994,H19993,H,301.3,311.5,1656,47.6,39,0,0,0,0,0,0,Healthy,None
9995,L19994,L,294.0,304.0,1688,38.8,114,0,0,0,0,0,0,Healthy,None
9996,H19995,H,299.9,310.8,1296,44.3,248,1,1,0,0,0,0,Failure Risk,Tool Wear Failure
9997,H19996,H,301.6,311.1,1734,49.4,220,1,1,0,0,0,0,Failure Risk,Tool Wear Failure
9998,H19997,H,302.0,310.8,1502,40.3,57,0,0,0,0,0,0,Healthy,None
9999,L19998,L,298.6,309.0,1354,47.9,35,0,0,0,0,0,0,Healthy,None
10000,L19999,L,299.4,308.9,1437,43.7,252,1,0,0,0,1,0,Failure Risk,Overstrain Failure
